2025-12-19 20:44:15 - image_processor - DEBUG - [async_image_processor.py:44] - AsyncImageProcessor initialized for cat API
2025-12-19 20:44:15 - image_processor - DEBUG - [async_image_processor.py:44] - AsyncImageProcessor initialized for dog API
2025-12-19 20:44:15 - image_processor - INFO - [tests.py:291] - TEST 1: AsyncImageProcessor initialization
2025-12-19 20:44:15 - image_processor - INFO - [tests.py:309] - [PASSED] AsyncImageProcessor initialization test
2025-12-19 20:44:15 - image_processor - DEBUG - [async_image_processor.py:44] - AsyncImageProcessor initialized for cat API
2025-12-19 20:44:15 - image_processor - DEBUG - [async_image_processor.py:44] - AsyncImageProcessor initialized for dog API
2025-12-19 20:44:15 - image_processor - INFO - [tests.py:379] - TEST 4: Create image objects from metadata
2025-12-19 20:44:15 - image_processor - DEBUG - [async_image_processor.py:156] - Creating image objects from 2 metadata entries
2025-12-19 20:44:15 - image_processor - DEBUG - [image_processing.py:24] - ImageProcessing instance created
2025-12-19 20:44:15 - image_processor - DEBUG - [abstract_image.py:35] - CatImage created: breed=Siamese, shape=(100, 100, 3), url=http://example.com/cat.jpg...
2025-12-19 20:44:15 - image_processor - DEBUG - [async_image_processor.py:177] - Image object created for index 1 (breed: Siamese)
2025-12-19 20:44:15 - image_processor - DEBUG - [image_processing.py:24] - ImageProcessing instance created
2025-12-19 20:44:15 - image_processor - DEBUG - [abstract_image.py:35] - CatImage created: breed=Persian, shape=(100, 100), url=http://example.com/cat_gray.jpg...
2025-12-19 20:44:15 - image_processor - DEBUG - [async_image_processor.py:177] - Image object created for index 2 (breed: Persian)
2025-12-19 20:44:15 - image_processor - INFO - [async_image_processor.py:179] - Created 2 image objects
2025-12-19 20:44:15 - image_processor - INFO - [tests.py:408] - [PASSED] Create image objects from metadata test
2025-12-19 20:44:15 - image_processor - DEBUG - [async_image_processor.py:44] - AsyncImageProcessor initialized for cat API
2025-12-19 20:44:15 - image_processor - DEBUG - [async_image_processor.py:44] - AsyncImageProcessor initialized for dog API
2025-12-19 20:44:15 - image_processor - INFO - [tests.py:347] - TEST 3: ImageMetadata assignment
2025-12-19 20:44:15 - image_processor - INFO - [tests.py:367] - [PASSED] ImageMetadata assignment test
2025-12-19 20:44:15 - image_processor - DEBUG - [async_image_processor.py:44] - AsyncImageProcessor initialized for cat API
2025-12-19 20:44:15 - image_processor - DEBUG - [async_image_processor.py:44] - AsyncImageProcessor initialized for dog API
2025-12-19 20:44:15 - image_processor - INFO - [tests.py:321] - TEST 2: ImageMetadata creation
2025-12-19 20:44:15 - image_processor - INFO - [tests.py:336] - [PASSED] ImageMetadata creation test
2025-12-19 20:44:15 - image_processor - DEBUG - [image_processing.py:24] - ImageProcessing instance created
2025-12-19 20:44:15 - image_processor - DEBUG - [abstract_image.py:35] - CatImage created: breed=Siamese, shape=(100, 100, 3), url=http://example.com/cat.jpg...
2025-12-19 20:44:15 - image_processor - DEBUG - [image_processing.py:24] - ImageProcessing instance created
2025-12-19 20:44:15 - image_processor - DEBUG - [abstract_image.py:35] - CatImage created: breed=Persian, shape=(100, 100), url=http://example.com/cat_gray.jpg...
2025-12-19 20:44:15 - image_processor - INFO - [tests.py:217] - TEST 5: Convolution operation
2025-12-19 20:44:15 - image_processor - DEBUG - [abstract_image.py:220] - Converting ColorCatImage to grayscale: Siamese
2025-12-19 20:44:15 - image_processor - DEBUG - [image_processing.py:46] - RGB to grayscale conversion started. Image shape: (100, 100, 3)
2025-12-19 20:44:15 - image_processor - DEBUG - [image_processing.py:53] - RGB to grayscale conversion completed. Result shape: (100, 100)
2025-12-19 20:44:15 - image_processor - DEBUG - [image_processing.py:24] - ImageProcessing instance created
2025-12-19 20:44:15 - image_processor - DEBUG - [abstract_image.py:35] - CatImage created: breed=Siamese, shape=(100, 100), url=http://example.com/cat.jpg...
2025-12-19 20:44:15 - image_processor - DEBUG - [image_processing.py:30] - Convolution started. Image shape: (100, 100), kernel shape: (3, 3)
2025-12-19 20:44:15 - image_processor - DEBUG - [image_processing.py:36] - Convolution completed in 0.0002 seconds
2025-12-19 20:44:15 - image_processor - INFO - [tests.py:239] - [PASSED] Convolution operation test
2025-12-19 20:44:15 - image_processor - DEBUG - [image_processing.py:24] - ImageProcessing instance created
2025-12-19 20:44:15 - image_processor - DEBUG - [abstract_image.py:35] - CatImage created: breed=Siamese, shape=(100, 100, 3), url=http://example.com/cat.jpg...
2025-12-19 20:44:15 - image_processor - DEBUG - [image_processing.py:24] - ImageProcessing instance created
2025-12-19 20:44:15 - image_processor - DEBUG - [abstract_image.py:35] - CatImage created: breed=Persian, shape=(100, 100), url=http://example.com/cat_gray.jpg...
2025-12-19 20:44:15 - image_processor - INFO - [tests.py:94] - TEST 2: Grayscale to Color conversion
2025-12-19 20:44:15 - image_processor - DEBUG - [abstract_image.py:247] - Converting GrayscaleCatImage to color: Persian
2025-12-19 20:44:15 - image_processor - DEBUG - [image_processing.py:24] - ImageProcessing instance created
2025-12-19 20:44:15 - image_processor - DEBUG - [abstract_image.py:35] - CatImage created: breed=Persian, shape=(100, 100, 3), url=http://example.com/cat_gray.jpg...
2025-12-19 20:44:15 - image_processor - INFO - [tests.py:125] - [PASSED] Grayscale to Color conversion test
2025-12-19 20:44:15 - image_processor - DEBUG - [image_processing.py:24] - ImageProcessing instance created
2025-12-19 20:44:15 - image_processor - DEBUG - [abstract_image.py:35] - CatImage created: breed=Siamese, shape=(100, 100, 3), url=http://example.com/cat.jpg...
2025-12-19 20:44:15 - image_processor - DEBUG - [image_processing.py:24] - ImageProcessing instance created
2025-12-19 20:44:15 - image_processor - DEBUG - [abstract_image.py:35] - CatImage created: breed=Persian, shape=(100, 100), url=http://example.com/cat_gray.jpg...
2025-12-19 20:44:15 - image_processor - INFO - [tests.py:138] - TEST 3: Image addition operation
2025-12-19 20:44:15 - image_processor - DEBUG - [image_processing.py:24] - ImageProcessing instance created
2025-12-19 20:44:15 - image_processor - DEBUG - [abstract_image.py:35] - CatImage created: breed=Maine Coon, shape=(100, 100, 3), url=http://example.com/cat2.jpg...
2025-12-19 20:44:15 - image_processor - DEBUG - [abstract_image.py:141] - Addition operation started
2025-12-19 20:44:15 - image_processor - DEBUG - [abstract_image.py:166] - Addition operation completed. Result shape: (100, 100, 3)
2025-12-19 20:44:15 - image_processor - DEBUG - [image_processing.py:24] - ImageProcessing instance created
2025-12-19 20:44:15 - image_processor - DEBUG - [abstract_image.py:35] - CatImage created: breed=Siamese+Maine Coon, shape=(100, 100, 3), url=combined_Siamese...
2025-12-19 20:44:15 - image_processor - INFO - [tests.py:164] - [PASSED] Image addition test
2025-12-19 20:44:15 - image_processor - DEBUG - [image_processing.py:24] - ImageProcessing instance created
2025-12-19 20:44:15 - image_processor - DEBUG - [abstract_image.py:35] - CatImage created: breed=Siamese, shape=(100, 100, 3), url=http://example.com/cat.jpg...
2025-12-19 20:44:15 - image_processor - DEBUG - [image_processing.py:24] - ImageProcessing instance created
2025-12-19 20:44:15 - image_processor - DEBUG - [abstract_image.py:35] - CatImage created: breed=Persian, shape=(100, 100), url=http://example.com/cat_gray.jpg...
2025-12-19 20:44:15 - image_processor - INFO - [tests.py:250] - TEST 6: Image dimensions
2025-12-19 20:44:15 - image_processor - DEBUG - [abstract_image.py:76] - Image dimensions: 100x100
2025-12-19 20:44:15 - image_processor - INFO - [tests.py:263] - [PASSED] Image dimensions test
2025-12-19 20:44:15 - image_processor - DEBUG - [image_processing.py:24] - ImageProcessing instance created
2025-12-19 20:44:15 - image_processor - DEBUG - [abstract_image.py:35] - CatImage created: breed=Siamese, shape=(100, 100, 3), url=http://example.com/cat.jpg...
2025-12-19 20:44:15 - image_processor - DEBUG - [image_processing.py:24] - ImageProcessing instance created
2025-12-19 20:44:15 - image_processor - DEBUG - [abstract_image.py:35] - CatImage created: breed=Persian, shape=(100, 100), url=http://example.com/cat_gray.jpg...
2025-12-19 20:44:15 - image_processor - INFO - [tests.py:176] - TEST 4: Image subtraction operation
2025-12-19 20:44:15 - image_processor - DEBUG - [image_processing.py:24] - ImageProcessing instance created
2025-12-19 20:44:15 - image_processor - DEBUG - [abstract_image.py:35] - CatImage created: breed=Bengal, shape=(100, 100, 3), url=http://example.com/cat2.jpg...
2025-12-19 20:44:15 - image_processor - DEBUG - [abstract_image.py:173] - Subtraction operation started
2025-12-19 20:44:15 - image_processor - DEBUG - [abstract_image.py:198] - Subtraction operation completed. Result shape: (100, 100, 3)
2025-12-19 20:44:15 - image_processor - DEBUG - [image_processing.py:24] - ImageProcessing instance created
2025-12-19 20:44:15 - image_processor - DEBUG - [abstract_image.py:35] - CatImage created: breed=Siamese-Bengal, shape=(100, 100, 3), url=subtracted_Siamese...
2025-12-19 20:44:15 - image_processor - INFO - [tests.py:201] - [PASSED] Image subtraction test
2025-12-19 20:44:15 - image_processor - DEBUG - [image_processing.py:24] - ImageProcessing instance created
2025-12-19 20:44:15 - image_processor - DEBUG - [abstract_image.py:35] - CatImage created: breed=Siamese, shape=(100, 100, 3), url=http://example.com/cat.jpg...
2025-12-19 20:44:15 - image_processor - DEBUG - [image_processing.py:24] - ImageProcessing instance created
2025-12-19 20:44:15 - image_processor - DEBUG - [abstract_image.py:35] - CatImage created: breed=Persian, shape=(100, 100), url=http://example.com/cat_gray.jpg...
2025-12-19 20:44:15 - image_processor - INFO - [tests.py:59] - TEST 1: RGB to Grayscale conversion
2025-12-19 20:44:15 - image_processor - DEBUG - [abstract_image.py:220] - Converting ColorCatImage to grayscale: Siamese
2025-12-19 20:44:15 - image_processor - DEBUG - [image_processing.py:46] - RGB to grayscale conversion started. Image shape: (100, 100, 3)
2025-12-19 20:44:15 - image_processor - DEBUG - [image_processing.py:53] - RGB to grayscale conversion completed. Result shape: (100, 100)
2025-12-19 20:44:15 - image_processor - DEBUG - [image_processing.py:24] - ImageProcessing instance created
2025-12-19 20:44:15 - image_processor - DEBUG - [abstract_image.py:35] - CatImage created: breed=Siamese, shape=(100, 100), url=http://example.com/cat.jpg...
2025-12-19 20:44:15 - image_processor - INFO - [tests.py:82] - [PASSED] RGB to Grayscale conversion test
2025-12-19 20:44:15 - image_processor - DEBUG - [image_processing.py:24] - ImageProcessing instance created
2025-12-19 20:44:15 - image_processor - INFO - [tests.py:431] - TEST: Edge detection
2025-12-19 20:44:15 - image_processor - DEBUG - [image_processing.py:120] - Edge detection (Canny) started
2025-12-19 20:44:15 - image_processor - DEBUG - [image_processing.py:46] - RGB to grayscale conversion started. Image shape: (100, 100, 3)
2025-12-19 20:44:15 - image_processor - DEBUG - [image_processing.py:53] - RGB to grayscale conversion completed. Result shape: (100, 100)
2025-12-19 20:44:15 - image_processor - DEBUG - [image_processing.py:30] - Convolution started. Image shape: (100, 100), kernel shape: (3, 3)
2025-12-19 20:44:15 - image_processor - DEBUG - [image_processing.py:36] - Convolution completed in 0.0002 seconds
2025-12-19 20:44:15 - image_processor - DEBUG - [image_processing.py:30] - Convolution started. Image shape: (100, 100), kernel shape: (3, 3)
2025-12-19 20:44:15 - image_processor - DEBUG - [image_processing.py:36] - Convolution completed in 0.0001 seconds
2025-12-19 20:44:15 - image_processor - DEBUG - [image_processing.py:91] - Non-maximum suppression started
2025-12-19 20:44:15 - image_processor - DEBUG - [image_processing.py:113] - Non-maximum suppression completed
2025-12-19 20:44:15 - image_processor - DEBUG - [image_processing.py:139] - Edge detection completed in 0.0221 seconds
2025-12-19 20:44:15 - image_processor - INFO - [tests.py:441] - [PASSED] Edge detection test
2025-12-19 20:44:15 - image_processor - DEBUG - [image_processing.py:24] - ImageProcessing instance created
2025-12-19 20:44:15 - image_processor - INFO - [tests.py:448] - TEST: RGB to grayscale
2025-12-19 20:44:15 - image_processor - DEBUG - [image_processing.py:46] - RGB to grayscale conversion started. Image shape: (100, 100, 3)
2025-12-19 20:44:15 - image_processor - DEBUG - [image_processing.py:53] - RGB to grayscale conversion completed. Result shape: (100, 100)
2025-12-19 20:44:15 - image_processor - INFO - [tests.py:459] - [PASSED] RGB to grayscale test
2025-12-19 20:56:22 - image_processor - DEBUG - [async_image_processor.py:44] - AsyncImageProcessor initialized for cat API
2025-12-19 20:56:22 - image_processor - DEBUG - [async_image_processor.py:44] - AsyncImageProcessor initialized for dog API
2025-12-19 20:56:22 - image_processor - INFO - [tests.py:291] - TEST 1: AsyncImageProcessor initialization
2025-12-19 20:56:22 - image_processor - INFO - [tests.py:309] - [PASSED] AsyncImageProcessor initialization test
2025-12-19 20:56:22 - image_processor - DEBUG - [async_image_processor.py:44] - AsyncImageProcessor initialized for cat API
2025-12-19 20:56:22 - image_processor - DEBUG - [async_image_processor.py:44] - AsyncImageProcessor initialized for dog API
2025-12-19 20:56:22 - image_processor - INFO - [tests.py:379] - TEST 4: Create image objects from metadata
2025-12-19 20:56:22 - image_processor - DEBUG - [async_image_processor.py:156] - Creating image objects from 2 metadata entries
2025-12-19 20:56:22 - image_processor - DEBUG - [image_processing.py:24] - ImageProcessing instance created
2025-12-19 20:56:22 - image_processor - DEBUG - [abstract_image.py:35] - CatImage created: breed=Siamese, shape=(100, 100, 3), url=http://example.com/cat.jpg...
2025-12-19 20:56:22 - image_processor - DEBUG - [async_image_processor.py:177] - Image object created for index 1 (breed: Siamese)
2025-12-19 20:56:22 - image_processor - DEBUG - [image_processing.py:24] - ImageProcessing instance created
2025-12-19 20:56:22 - image_processor - DEBUG - [abstract_image.py:35] - CatImage created: breed=Persian, shape=(100, 100), url=http://example.com/cat_gray.jpg...
2025-12-19 20:56:22 - image_processor - DEBUG - [async_image_processor.py:177] - Image object created for index 2 (breed: Persian)
2025-12-19 20:56:22 - image_processor - INFO - [async_image_processor.py:179] - Created 2 image objects
2025-12-19 20:56:22 - image_processor - INFO - [tests.py:408] - [PASSED] Create image objects from metadata test
2025-12-19 20:56:22 - image_processor - DEBUG - [async_image_processor.py:44] - AsyncImageProcessor initialized for cat API
2025-12-19 20:56:22 - image_processor - DEBUG - [async_image_processor.py:44] - AsyncImageProcessor initialized for dog API
2025-12-19 20:56:22 - image_processor - INFO - [tests.py:347] - TEST 3: ImageMetadata assignment
2025-12-19 20:56:22 - image_processor - INFO - [tests.py:367] - [PASSED] ImageMetadata assignment test
2025-12-19 20:56:22 - image_processor - DEBUG - [async_image_processor.py:44] - AsyncImageProcessor initialized for cat API
2025-12-19 20:56:22 - image_processor - DEBUG - [async_image_processor.py:44] - AsyncImageProcessor initialized for dog API
2025-12-19 20:56:22 - image_processor - INFO - [tests.py:321] - TEST 2: ImageMetadata creation
2025-12-19 20:56:22 - image_processor - INFO - [tests.py:336] - [PASSED] ImageMetadata creation test
2025-12-19 20:56:22 - image_processor - DEBUG - [image_processing.py:24] - ImageProcessing instance created
2025-12-19 20:56:22 - image_processor - DEBUG - [abstract_image.py:35] - CatImage created: breed=Siamese, shape=(100, 100, 3), url=http://example.com/cat.jpg...
2025-12-19 20:56:22 - image_processor - DEBUG - [image_processing.py:24] - ImageProcessing instance created
2025-12-19 20:56:22 - image_processor - DEBUG - [abstract_image.py:35] - CatImage created: breed=Persian, shape=(100, 100), url=http://example.com/cat_gray.jpg...
2025-12-19 20:56:22 - image_processor - INFO - [tests.py:217] - TEST 5: Convolution operation
2025-12-19 20:56:22 - image_processor - DEBUG - [abstract_image.py:220] - Converting ColorCatImage to grayscale: Siamese
2025-12-19 20:56:22 - image_processor - DEBUG - [image_processing.py:46] - RGB to grayscale conversion started. Image shape: (100, 100, 3)
2025-12-19 20:56:22 - image_processor - DEBUG - [image_processing.py:53] - RGB to grayscale conversion completed. Result shape: (100, 100)
2025-12-19 20:56:22 - image_processor - DEBUG - [image_processing.py:24] - ImageProcessing instance created
2025-12-19 20:56:22 - image_processor - DEBUG - [abstract_image.py:35] - CatImage created: breed=Siamese, shape=(100, 100), url=http://example.com/cat.jpg...
2025-12-19 20:56:22 - image_processor - DEBUG - [image_processing.py:30] - Convolution started. Image shape: (100, 100), kernel shape: (3, 3)
2025-12-19 20:56:22 - image_processor - DEBUG - [image_processing.py:36] - Convolution completed in 0.0002 seconds
2025-12-19 20:56:22 - image_processor - INFO - [tests.py:239] - [PASSED] Convolution operation test
2025-12-19 20:56:22 - image_processor - DEBUG - [image_processing.py:24] - ImageProcessing instance created
2025-12-19 20:56:22 - image_processor - DEBUG - [abstract_image.py:35] - CatImage created: breed=Siamese, shape=(100, 100, 3), url=http://example.com/cat.jpg...
2025-12-19 20:56:22 - image_processor - DEBUG - [image_processing.py:24] - ImageProcessing instance created
2025-12-19 20:56:22 - image_processor - DEBUG - [abstract_image.py:35] - CatImage created: breed=Persian, shape=(100, 100), url=http://example.com/cat_gray.jpg...
2025-12-19 20:56:22 - image_processor - INFO - [tests.py:94] - TEST 2: Grayscale to Color conversion
2025-12-19 20:56:22 - image_processor - DEBUG - [abstract_image.py:247] - Converting GrayscaleCatImage to color: Persian
2025-12-19 20:56:22 - image_processor - DEBUG - [image_processing.py:24] - ImageProcessing instance created
2025-12-19 20:56:22 - image_processor - DEBUG - [abstract_image.py:35] - CatImage created: breed=Persian, shape=(100, 100, 3), url=http://example.com/cat_gray.jpg...
2025-12-19 20:56:22 - image_processor - INFO - [tests.py:125] - [PASSED] Grayscale to Color conversion test
2025-12-19 20:56:22 - image_processor - DEBUG - [image_processing.py:24] - ImageProcessing instance created
2025-12-19 20:56:22 - image_processor - DEBUG - [abstract_image.py:35] - CatImage created: breed=Siamese, shape=(100, 100, 3), url=http://example.com/cat.jpg...
2025-12-19 20:56:22 - image_processor - DEBUG - [image_processing.py:24] - ImageProcessing instance created
2025-12-19 20:56:22 - image_processor - DEBUG - [abstract_image.py:35] - CatImage created: breed=Persian, shape=(100, 100), url=http://example.com/cat_gray.jpg...
2025-12-19 20:56:22 - image_processor - INFO - [tests.py:138] - TEST 3: Image addition operation
2025-12-19 20:56:22 - image_processor - DEBUG - [image_processing.py:24] - ImageProcessing instance created
2025-12-19 20:56:22 - image_processor - DEBUG - [abstract_image.py:35] - CatImage created: breed=Maine Coon, shape=(100, 100, 3), url=http://example.com/cat2.jpg...
2025-12-19 20:56:22 - image_processor - DEBUG - [abstract_image.py:141] - Addition operation started
2025-12-19 20:56:22 - image_processor - DEBUG - [abstract_image.py:166] - Addition operation completed. Result shape: (100, 100, 3)
2025-12-19 20:56:22 - image_processor - DEBUG - [image_processing.py:24] - ImageProcessing instance created
2025-12-19 20:56:22 - image_processor - DEBUG - [abstract_image.py:35] - CatImage created: breed=Siamese+Maine Coon, shape=(100, 100, 3), url=combined_Siamese...
2025-12-19 20:56:22 - image_processor - INFO - [tests.py:164] - [PASSED] Image addition test
2025-12-19 20:56:22 - image_processor - DEBUG - [image_processing.py:24] - ImageProcessing instance created
2025-12-19 20:56:22 - image_processor - DEBUG - [abstract_image.py:35] - CatImage created: breed=Siamese, shape=(100, 100, 3), url=http://example.com/cat.jpg...
2025-12-19 20:56:22 - image_processor - DEBUG - [image_processing.py:24] - ImageProcessing instance created
2025-12-19 20:56:22 - image_processor - DEBUG - [abstract_image.py:35] - CatImage created: breed=Persian, shape=(100, 100), url=http://example.com/cat_gray.jpg...
2025-12-19 20:56:22 - image_processor - INFO - [tests.py:250] - TEST 6: Image dimensions
2025-12-19 20:56:22 - image_processor - DEBUG - [abstract_image.py:76] - Image dimensions: 100x100
2025-12-19 20:56:22 - image_processor - INFO - [tests.py:263] - [PASSED] Image dimensions test
2025-12-19 20:56:22 - image_processor - DEBUG - [image_processing.py:24] - ImageProcessing instance created
2025-12-19 20:56:22 - image_processor - DEBUG - [abstract_image.py:35] - CatImage created: breed=Siamese, shape=(100, 100, 3), url=http://example.com/cat.jpg...
2025-12-19 20:56:22 - image_processor - DEBUG - [image_processing.py:24] - ImageProcessing instance created
2025-12-19 20:56:22 - image_processor - DEBUG - [abstract_image.py:35] - CatImage created: breed=Persian, shape=(100, 100), url=http://example.com/cat_gray.jpg...
2025-12-19 20:56:22 - image_processor - INFO - [tests.py:176] - TEST 4: Image subtraction operation
2025-12-19 20:56:22 - image_processor - DEBUG - [image_processing.py:24] - ImageProcessing instance created
2025-12-19 20:56:22 - image_processor - DEBUG - [abstract_image.py:35] - CatImage created: breed=Bengal, shape=(100, 100, 3), url=http://example.com/cat2.jpg...
2025-12-19 20:56:22 - image_processor - DEBUG - [abstract_image.py:173] - Subtraction operation started
2025-12-19 20:56:22 - image_processor - DEBUG - [abstract_image.py:198] - Subtraction operation completed. Result shape: (100, 100, 3)
2025-12-19 20:56:22 - image_processor - DEBUG - [image_processing.py:24] - ImageProcessing instance created
2025-12-19 20:56:22 - image_processor - DEBUG - [abstract_image.py:35] - CatImage created: breed=Siamese-Bengal, shape=(100, 100, 3), url=subtracted_Siamese...
2025-12-19 20:56:22 - image_processor - INFO - [tests.py:201] - [PASSED] Image subtraction test
2025-12-19 20:56:22 - image_processor - DEBUG - [image_processing.py:24] - ImageProcessing instance created
2025-12-19 20:56:22 - image_processor - DEBUG - [abstract_image.py:35] - CatImage created: breed=Siamese, shape=(100, 100, 3), url=http://example.com/cat.jpg...
2025-12-19 20:56:22 - image_processor - DEBUG - [image_processing.py:24] - ImageProcessing instance created
2025-12-19 20:56:22 - image_processor - DEBUG - [abstract_image.py:35] - CatImage created: breed=Persian, shape=(100, 100), url=http://example.com/cat_gray.jpg...
2025-12-19 20:56:22 - image_processor - INFO - [tests.py:59] - TEST 1: RGB to Grayscale conversion
2025-12-19 20:56:22 - image_processor - DEBUG - [abstract_image.py:220] - Converting ColorCatImage to grayscale: Siamese
2025-12-19 20:56:22 - image_processor - DEBUG - [image_processing.py:46] - RGB to grayscale conversion started. Image shape: (100, 100, 3)
2025-12-19 20:56:22 - image_processor - DEBUG - [image_processing.py:53] - RGB to grayscale conversion completed. Result shape: (100, 100)
2025-12-19 20:56:22 - image_processor - DEBUG - [image_processing.py:24] - ImageProcessing instance created
2025-12-19 20:56:22 - image_processor - DEBUG - [abstract_image.py:35] - CatImage created: breed=Siamese, shape=(100, 100), url=http://example.com/cat.jpg...
2025-12-19 20:56:22 - image_processor - INFO - [tests.py:82] - [PASSED] RGB to Grayscale conversion test
2025-12-19 20:56:22 - image_processor - DEBUG - [image_processing.py:24] - ImageProcessing instance created
2025-12-19 20:56:22 - image_processor - INFO - [tests.py:431] - TEST: Edge detection
2025-12-19 20:56:22 - image_processor - DEBUG - [image_processing.py:120] - Edge detection (Canny) started
2025-12-19 20:56:22 - image_processor - DEBUG - [image_processing.py:46] - RGB to grayscale conversion started. Image shape: (100, 100, 3)
2025-12-19 20:56:22 - image_processor - DEBUG - [image_processing.py:53] - RGB to grayscale conversion completed. Result shape: (100, 100)
2025-12-19 20:56:22 - image_processor - DEBUG - [image_processing.py:30] - Convolution started. Image shape: (100, 100), kernel shape: (3, 3)
2025-12-19 20:56:22 - image_processor - DEBUG - [image_processing.py:36] - Convolution completed in 0.0002 seconds
2025-12-19 20:56:22 - image_processor - DEBUG - [image_processing.py:30] - Convolution started. Image shape: (100, 100), kernel shape: (3, 3)
2025-12-19 20:56:22 - image_processor - DEBUG - [image_processing.py:36] - Convolution completed in 0.0001 seconds
2025-12-19 20:56:22 - image_processor - DEBUG - [image_processing.py:91] - Non-maximum suppression started
2025-12-19 20:56:22 - image_processor - DEBUG - [image_processing.py:113] - Non-maximum suppression completed
2025-12-19 20:56:22 - image_processor - DEBUG - [image_processing.py:139] - Edge detection completed in 0.0105 seconds
2025-12-19 20:56:22 - image_processor - INFO - [tests.py:441] - [PASSED] Edge detection test
2025-12-19 20:56:22 - image_processor - DEBUG - [image_processing.py:24] - ImageProcessing instance created
2025-12-19 20:56:22 - image_processor - INFO - [tests.py:448] - TEST: RGB to grayscale
2025-12-19 20:56:22 - image_processor - DEBUG - [image_processing.py:46] - RGB to grayscale conversion started. Image shape: (100, 100, 3)
2025-12-19 20:56:22 - image_processor - DEBUG - [image_processing.py:53] - RGB to grayscale conversion completed. Result shape: (100, 100)
2025-12-19 20:56:22 - image_processor - INFO - [tests.py:459] - [PASSED] RGB to grayscale test
2025-12-21 15:32:07 - image_processor - DEBUG - [async_image_processor.py:44] - AsyncImageProcessor initialized for cat API
2025-12-21 15:32:07 - image_processor - DEBUG - [async_image_processor.py:44] - AsyncImageProcessor initialized for dog API
2025-12-21 15:32:07 - image_processor - INFO - [tests.py:167] - TEST: AsyncProcessor init
2025-12-21 15:32:07 - image_processor - INFO - [tests.py:173] - [PASSED] Init
2025-12-21 15:32:07 - image_processor - DEBUG - [async_image_processor.py:44] - AsyncImageProcessor initialized for cat API
2025-12-21 15:32:07 - image_processor - DEBUG - [async_image_processor.py:44] - AsyncImageProcessor initialized for dog API
2025-12-21 15:32:07 - image_processor - INFO - [tests.py:202] - TEST: Create from metadata
2025-12-21 15:32:07 - image_processor - DEBUG - [async_image_processor.py:156] - Creating image objects from 2 metadata entries
2025-12-21 15:32:07 - image_processor - DEBUG - [image_processing.py:24] - ImageProcessing instance created
2025-12-21 15:32:07 - image_processor - DEBUG - [abstract_image.py:35] - CatImage created: breed=Siamese, shape=(100, 100, 3), url=http://example.com/cat.jpg...
2025-12-21 15:32:07 - image_processor - DEBUG - [async_image_processor.py:177] - Image object created for index 1 (breed: Siamese)
2025-12-21 15:32:07 - image_processor - DEBUG - [image_processing.py:24] - ImageProcessing instance created
2025-12-21 15:32:07 - image_processor - DEBUG - [abstract_image.py:35] - CatImage created: breed=Persian, shape=(100, 100), url=http://example.com/cat_gray.jpg...
2025-12-21 15:32:07 - image_processor - DEBUG - [async_image_processor.py:177] - Image object created for index 2 (breed: Persian)
2025-12-21 15:32:07 - image_processor - INFO - [async_image_processor.py:179] - Created 2 image objects
2025-12-21 15:32:07 - image_processor - INFO - [tests.py:214] - [PASSED] Create objects
2025-12-21 15:32:07 - image_processor - DEBUG - [async_image_processor.py:44] - AsyncImageProcessor initialized for cat API
2025-12-21 15:32:07 - image_processor - DEBUG - [async_image_processor.py:44] - AsyncImageProcessor initialized for dog API
2025-12-21 15:32:07 - image_processor - INFO - [tests.py:189] - TEST: Metadata assignment
2025-12-21 15:32:07 - image_processor - INFO - [tests.py:197] - [PASSED] Assignment
2025-12-21 15:32:07 - image_processor - DEBUG - [async_image_processor.py:44] - AsyncImageProcessor initialized for cat API
2025-12-21 15:32:07 - image_processor - DEBUG - [async_image_processor.py:44] - AsyncImageProcessor initialized for dog API
2025-12-21 15:32:07 - image_processor - INFO - [tests.py:178] - TEST: Metadata creation
2025-12-21 15:32:07 - image_processor - INFO - [tests.py:184] - [PASSED] Metadata
2025-12-21 15:32:07 - image_processor - DEBUG - [async_image_processor.py:44] - AsyncImageProcessor initialized for cat API
2025-12-21 15:32:07 - image_processor - INFO - [tests.py:447] - TEST: Async API mock
2025-12-21 15:32:07 - image_processor - INFO - [tests.py:454] - [PASSED] API mock
2025-12-21 15:32:07 - image_processor - DEBUG - [async_image_processor.py:44] - AsyncImageProcessor initialized for cat API
2025-12-21 15:32:07 - image_processor - DEBUG - [async_image_processor.py:44] - AsyncImageProcessor initialized for cat API
2025-12-21 15:32:07 - image_processor - DEBUG - [async_image_processor.py:44] - AsyncImageProcessor initialized for cat API
2025-12-21 15:32:07 - image_processor - INFO - [tests.py:489] - TEST: Async file mock
2025-12-21 15:32:07 - image_processor - DEBUG - [async_image_processor.py:44] - AsyncImageProcessor initialized for cat API
2025-12-21 15:32:07 - image_processor - DEBUG - [image_processing.py:24] - ImageProcessing instance created
2025-12-21 15:32:07 - image_processor - DEBUG - [abstract_image.py:35] - CatImage created: breed=Siamese, shape=(100, 100, 3), url=http://example.com/cat.jpg...
2025-12-21 15:32:07 - image_processor - DEBUG - [image_processing.py:24] - ImageProcessing instance created
2025-12-21 15:32:07 - image_processor - DEBUG - [abstract_image.py:35] - CatImage created: breed=Persian, shape=(100, 100), url=http://example.com/cat_gray.jpg...
2025-12-21 15:32:07 - image_processor - INFO - [tests.py:121] - TEST 5: Convolution
2025-12-21 15:32:07 - image_processor - DEBUG - [abstract_image.py:220] - Converting ColorCatImage to grayscale: Siamese
2025-12-21 15:32:07 - image_processor - DEBUG - [image_processing.py:46] - RGB to grayscale conversion started. Image shape: (100, 100, 3)
2025-12-21 15:32:07 - image_processor - DEBUG - [image_processing.py:53] - RGB to grayscale conversion completed. Result shape: (100, 100)
2025-12-21 15:32:07 - image_processor - DEBUG - [image_processing.py:24] - ImageProcessing instance created
2025-12-21 15:32:07 - image_processor - DEBUG - [abstract_image.py:35] - CatImage created: breed=Siamese, shape=(100, 100), url=http://example.com/cat.jpg...
2025-12-21 15:32:07 - image_processor - DEBUG - [image_processing.py:30] - Convolution started. Image shape: (100, 100), kernel shape: (3, 3)
2025-12-21 15:32:07 - image_processor - DEBUG - [image_processing.py:36] - Convolution completed in 0.0002 seconds
2025-12-21 15:32:07 - image_processor - INFO - [tests.py:129] - [PASSED] Convolution
2025-12-21 15:32:07 - image_processor - DEBUG - [image_processing.py:24] - ImageProcessing instance created
2025-12-21 15:32:07 - image_processor - DEBUG - [abstract_image.py:35] - CatImage created: breed=Siamese, shape=(100, 100, 3), url=http://example.com/cat.jpg...
2025-12-21 15:32:07 - image_processor - DEBUG - [image_processing.py:24] - ImageProcessing instance created
2025-12-21 15:32:07 - image_processor - DEBUG - [abstract_image.py:35] - CatImage created: breed=Persian, shape=(100, 100), url=http://example.com/cat_gray.jpg...
2025-12-21 15:32:07 - image_processor - INFO - [tests.py:76] - TEST 2: Grayscale to Color
2025-12-21 15:32:07 - image_processor - DEBUG - [abstract_image.py:247] - Converting GrayscaleCatImage to color: Persian
2025-12-21 15:32:07 - image_processor - DEBUG - [image_processing.py:24] - ImageProcessing instance created
2025-12-21 15:32:07 - image_processor - DEBUG - [abstract_image.py:35] - CatImage created: breed=Persian, shape=(100, 100, 3), url=http://example.com/cat_gray.jpg...
2025-12-21 15:32:07 - image_processor - INFO - [tests.py:86] - [PASSED] Grayscale to Color
2025-12-21 15:32:07 - image_processor - DEBUG - [image_processing.py:24] - ImageProcessing instance created
2025-12-21 15:32:07 - image_processor - DEBUG - [abstract_image.py:35] - CatImage created: breed=Siamese, shape=(100, 100, 3), url=http://example.com/cat.jpg...
2025-12-21 15:32:07 - image_processor - DEBUG - [image_processing.py:24] - ImageProcessing instance created
2025-12-21 15:32:07 - image_processor - DEBUG - [abstract_image.py:35] - CatImage created: breed=Persian, shape=(100, 100), url=http://example.com/cat_gray.jpg...
2025-12-21 15:32:07 - image_processor - INFO - [tests.py:91] - TEST 3: Image addition
2025-12-21 15:32:07 - image_processor - DEBUG - [image_processing.py:24] - ImageProcessing instance created
2025-12-21 15:32:07 - image_processor - DEBUG - [abstract_image.py:35] - CatImage created: breed=Maine Coon, shape=(100, 100, 3), url=http://example.com/cat2.jpg...
2025-12-21 15:32:07 - image_processor - DEBUG - [abstract_image.py:141] - Addition operation started
2025-12-21 15:32:07 - image_processor - DEBUG - [abstract_image.py:166] - Addition operation completed. Result shape: (100, 100, 3)
2025-12-21 15:32:07 - image_processor - DEBUG - [image_processing.py:24] - ImageProcessing instance created
2025-12-21 15:32:07 - image_processor - DEBUG - [abstract_image.py:35] - CatImage created: breed=Siamese+Maine Coon, shape=(100, 100, 3), url=combined_Siamese...
2025-12-21 15:32:07 - image_processor - INFO - [tests.py:102] - [PASSED] Image addition
2025-12-21 15:32:07 - image_processor - DEBUG - [image_processing.py:24] - ImageProcessing instance created
2025-12-21 15:32:07 - image_processor - DEBUG - [abstract_image.py:35] - CatImage created: breed=Siamese, shape=(100, 100, 3), url=http://example.com/cat.jpg...
2025-12-21 15:32:07 - image_processor - DEBUG - [image_processing.py:24] - ImageProcessing instance created
2025-12-21 15:32:07 - image_processor - DEBUG - [abstract_image.py:35] - CatImage created: breed=Persian, shape=(100, 100), url=http://example.com/cat_gray.jpg...
2025-12-21 15:32:07 - image_processor - INFO - [tests.py:134] - TEST 6: Dimensions
2025-12-21 15:32:07 - image_processor - DEBUG - [abstract_image.py:76] - Image dimensions: 100x100
2025-12-21 15:32:07 - image_processor - INFO - [tests.py:140] - [PASSED] Dimensions
2025-12-21 15:32:07 - image_processor - DEBUG - [image_processing.py:24] - ImageProcessing instance created
2025-12-21 15:32:07 - image_processor - DEBUG - [abstract_image.py:35] - CatImage created: breed=Siamese, shape=(100, 100, 3), url=http://example.com/cat.jpg...
2025-12-21 15:32:07 - image_processor - DEBUG - [image_processing.py:24] - ImageProcessing instance created
2025-12-21 15:32:07 - image_processor - DEBUG - [abstract_image.py:35] - CatImage created: breed=Persian, shape=(100, 100), url=http://example.com/cat_gray.jpg...
2025-12-21 15:32:07 - image_processor - INFO - [tests.py:145] - TEST 7: Metadata preservation
2025-12-21 15:32:07 - image_processor - DEBUG - [abstract_image.py:220] - Converting ColorCatImage to grayscale: Siamese
2025-12-21 15:32:07 - image_processor - DEBUG - [image_processing.py:46] - RGB to grayscale conversion started. Image shape: (100, 100, 3)
2025-12-21 15:32:07 - image_processor - DEBUG - [image_processing.py:53] - RGB to grayscale conversion completed. Result shape: (100, 100)
2025-12-21 15:32:07 - image_processor - DEBUG - [image_processing.py:24] - ImageProcessing instance created
2025-12-21 15:32:07 - image_processor - DEBUG - [abstract_image.py:35] - CatImage created: breed=Siamese, shape=(100, 100), url=http://example.com/cat.jpg...
2025-12-21 15:32:07 - image_processor - DEBUG - [image_processing.py:24] - ImageProcessing instance created
2025-12-21 15:32:07 - image_processor - DEBUG - [abstract_image.py:35] - CatImage created: breed=Siamese, shape=(100, 100, 3), url=http://example.com/cat.jpg...
2025-12-21 15:32:07 - image_processor - DEBUG - [image_processing.py:24] - ImageProcessing instance created
2025-12-21 15:32:07 - image_processor - DEBUG - [abstract_image.py:35] - CatImage created: breed=Persian, shape=(100, 100), url=http://example.com/cat_gray.jpg...
2025-12-21 15:32:07 - image_processor - INFO - [tests.py:107] - TEST 4: Image subtraction
2025-12-21 15:32:07 - image_processor - DEBUG - [image_processing.py:24] - ImageProcessing instance created
2025-12-21 15:32:07 - image_processor - DEBUG - [abstract_image.py:35] - CatImage created: breed=Bengal, shape=(100, 100, 3), url=http://example.com/cat2.jpg...
2025-12-21 15:32:07 - image_processor - DEBUG - [abstract_image.py:173] - Subtraction operation started
2025-12-21 15:32:07 - image_processor - DEBUG - [abstract_image.py:198] - Subtraction operation completed. Result shape: (100, 100, 3)
2025-12-21 15:32:07 - image_processor - DEBUG - [image_processing.py:24] - ImageProcessing instance created
2025-12-21 15:32:07 - image_processor - DEBUG - [abstract_image.py:35] - CatImage created: breed=Siamese-Bengal, shape=(100, 100, 3), url=subtracted_Siamese...
2025-12-21 15:32:07 - image_processor - INFO - [tests.py:116] - [PASSED] Image subtraction
2025-12-21 15:32:07 - image_processor - DEBUG - [image_processing.py:24] - ImageProcessing instance created
2025-12-21 15:32:07 - image_processor - DEBUG - [abstract_image.py:35] - CatImage created: breed=Siamese, shape=(100, 100, 3), url=http://example.com/cat.jpg...
2025-12-21 15:32:07 - image_processor - DEBUG - [image_processing.py:24] - ImageProcessing instance created
2025-12-21 15:32:07 - image_processor - DEBUG - [abstract_image.py:35] - CatImage created: breed=Persian, shape=(100, 100), url=http://example.com/cat_gray.jpg...
2025-12-21 15:32:07 - image_processor - INFO - [tests.py:59] - TEST 1: RGB to Grayscale conversion
2025-12-21 15:32:07 - image_processor - DEBUG - [abstract_image.py:220] - Converting ColorCatImage to grayscale: Siamese
2025-12-21 15:32:07 - image_processor - DEBUG - [image_processing.py:46] - RGB to grayscale conversion started. Image shape: (100, 100, 3)
2025-12-21 15:32:07 - image_processor - DEBUG - [image_processing.py:53] - RGB to grayscale conversion completed. Result shape: (100, 100)
2025-12-21 15:32:07 - image_processor - DEBUG - [image_processing.py:24] - ImageProcessing instance created
2025-12-21 15:32:07 - image_processor - DEBUG - [abstract_image.py:35] - CatImage created: breed=Siamese, shape=(100, 100), url=http://example.com/cat.jpg...
2025-12-21 15:32:07 - image_processor - INFO - [tests.py:71] - [PASSED] RGB to Grayscale
2025-12-21 15:32:07 - image_processor - DEBUG - [image_processing.py:24] - ImageProcessing instance created
2025-12-21 15:32:07 - image_processor - DEBUG - [abstract_image.py:35] - CatImage created: breed=Siamese, shape=(100, 100, 3), url=http://example.com/cat.jpg...
2025-12-21 15:32:07 - image_processor - DEBUG - [image_processing.py:24] - ImageProcessing instance created
2025-12-21 15:32:07 - image_processor - DEBUG - [abstract_image.py:35] - CatImage created: breed=Persian, shape=(100, 100), url=http://example.com/cat_gray.jpg...
2025-12-21 15:32:07 - image_processor - INFO - [tests.py:296] - TEST: Load image
2025-12-21 15:32:07 - image_processor - INFO - [tests.py:303] - [PASSED] Load image
2025-12-21 15:32:07 - image_processor - DEBUG - [image_processing.py:24] - ImageProcessing instance created
2025-12-21 15:32:07 - image_processor - DEBUG - [abstract_image.py:35] - CatImage created: breed=Siamese, shape=(100, 100, 3), url=http://example.com/cat.jpg...
2025-12-21 15:32:07 - image_processor - DEBUG - [image_processing.py:24] - ImageProcessing instance created
2025-12-21 15:32:07 - image_processor - DEBUG - [abstract_image.py:35] - CatImage created: breed=Persian, shape=(100, 100), url=http://example.com/cat_gray.jpg...
2025-12-21 15:32:07 - image_processor - INFO - [tests.py:322] - TEST: Mock file operations
2025-12-21 15:32:07 - image_processor - INFO - [tests.py:328] - [PASSED] Mock files
2025-12-21 15:32:07 - image_processor - DEBUG - [image_processing.py:24] - ImageProcessing instance created
2025-12-21 15:32:07 - image_processor - DEBUG - [abstract_image.py:35] - CatImage created: breed=Siamese, shape=(100, 100, 3), url=http://example.com/cat.jpg...
2025-12-21 15:32:07 - image_processor - DEBUG - [image_processing.py:24] - ImageProcessing instance created
2025-12-21 15:32:07 - image_processor - DEBUG - [abstract_image.py:35] - CatImage created: breed=Persian, shape=(100, 100), url=http://example.com/cat_gray.jpg...
2025-12-21 15:32:07 - image_processor - INFO - [tests.py:272] - TEST: Save color image
2025-12-21 15:32:07 - image_processor - INFO - [tests.py:279] - [PASSED] Save color
2025-12-21 15:32:07 - image_processor - DEBUG - [image_processing.py:24] - ImageProcessing instance created
2025-12-21 15:32:07 - image_processor - DEBUG - [abstract_image.py:35] - CatImage created: breed=Siamese, shape=(100, 100, 3), url=http://example.com/cat.jpg...
2025-12-21 15:32:07 - image_processor - DEBUG - [image_processing.py:24] - ImageProcessing instance created
2025-12-21 15:32:07 - image_processor - DEBUG - [abstract_image.py:35] - CatImage created: breed=Persian, shape=(100, 100), url=http://example.com/cat_gray.jpg...
2025-12-21 15:32:07 - image_processor - INFO - [tests.py:284] - TEST: Save grayscale
2025-12-21 15:32:07 - image_processor - INFO - [tests.py:291] - [PASSED] Save grayscale
2025-12-21 15:32:07 - image_processor - DEBUG - [image_processing.py:24] - ImageProcessing instance created
2025-12-21 15:32:07 - image_processor - DEBUG - [abstract_image.py:35] - CatImage created: breed=Siamese, shape=(100, 100, 3), url=http://example.com/cat.jpg...
2025-12-21 15:32:07 - image_processor - DEBUG - [image_processing.py:24] - ImageProcessing instance created
2025-12-21 15:32:07 - image_processor - DEBUG - [abstract_image.py:35] - CatImage created: breed=Persian, shape=(100, 100), url=http://example.com/cat_gray.jpg...
2025-12-21 15:32:07 - image_processor - INFO - [tests.py:308] - TEST: Invalid directory
2025-12-21 15:32:07 - image_processor - INFO - [tests.py:316] - [PASSED] Invalid dir
2025-12-21 15:32:07 - image_processor - DEBUG - [image_processing.py:24] - ImageProcessing instance created
2025-12-21 15:32:07 - image_processor - INFO - [tests.py:231] - TEST: Edge detection
2025-12-21 15:32:07 - image_processor - DEBUG - [image_processing.py:120] - Edge detection (Canny) started
2025-12-21 15:32:07 - image_processor - DEBUG - [image_processing.py:46] - RGB to grayscale conversion started. Image shape: (100, 100, 3)
2025-12-21 15:32:07 - image_processor - DEBUG - [image_processing.py:53] - RGB to grayscale conversion completed. Result shape: (100, 100)
2025-12-21 15:32:07 - image_processor - DEBUG - [image_processing.py:30] - Convolution started. Image shape: (100, 100), kernel shape: (3, 3)
2025-12-21 15:32:07 - image_processor - DEBUG - [image_processing.py:36] - Convolution completed in 0.0001 seconds
2025-12-21 15:32:07 - image_processor - DEBUG - [image_processing.py:30] - Convolution started. Image shape: (100, 100), kernel shape: (3, 3)
2025-12-21 15:32:07 - image_processor - DEBUG - [image_processing.py:36] - Convolution completed in 0.0001 seconds
2025-12-21 15:32:07 - image_processor - DEBUG - [image_processing.py:91] - Non-maximum suppression started
2025-12-21 15:32:07 - image_processor - DEBUG - [image_processing.py:113] - Non-maximum suppression completed
2025-12-21 15:32:07 - image_processor - DEBUG - [image_processing.py:139] - Edge detection completed in 0.0096 seconds
2025-12-21 15:32:07 - image_processor - INFO - [tests.py:237] - [PASSED] Edge detection
2025-12-21 15:32:07 - image_processor - DEBUG - [image_processing.py:24] - ImageProcessing instance created
2025-12-21 15:32:07 - image_processor - INFO - [tests.py:242] - TEST: RGB to grayscale
2025-12-21 15:32:07 - image_processor - DEBUG - [image_processing.py:46] - RGB to grayscale conversion started. Image shape: (100, 100, 3)
2025-12-21 15:32:07 - image_processor - DEBUG - [image_processing.py:53] - RGB to grayscale conversion completed. Result shape: (100, 100)
2025-12-21 15:32:07 - image_processor - INFO - [tests.py:248] - [PASSED] RGB to grayscale
2025-12-21 15:32:07 - image_processor - DEBUG - [image_processing.py:24] - ImageProcessing instance created
2025-12-21 15:32:07 - image_processor - INFO - [tests.py:344] - TEST: Empty image
2025-12-21 15:32:07 - image_processor - DEBUG - [image_processing.py:46] - RGB to grayscale conversion started. Image shape: (0, 0, 3)
2025-12-21 15:32:07 - image_processor - DEBUG - [image_processing.py:53] - RGB to grayscale conversion completed. Result shape: (0, 0)
2025-12-21 15:32:07 - image_processor - INFO - [tests.py:352] - [PASSED] Empty image
2025-12-21 15:32:07 - image_processor - DEBUG - [image_processing.py:24] - ImageProcessing instance created
2025-12-21 15:32:07 - image_processor - INFO - [tests.py:387] - TEST: Addition overflow
2025-12-21 15:32:07 - image_processor - DEBUG - [image_processing.py:24] - ImageProcessing instance created
2025-12-21 15:32:07 - image_processor - DEBUG - [abstract_image.py:35] - CatImage created: breed=Test, shape=(50, 50, 3), url=w1.jpg...
2025-12-21 15:32:07 - image_processor - DEBUG - [image_processing.py:24] - ImageProcessing instance created
2025-12-21 15:32:07 - image_processor - DEBUG - [abstract_image.py:35] - CatImage created: breed=Test, shape=(50, 50, 3), url=w2.jpg...
2025-12-21 15:32:07 - image_processor - DEBUG - [abstract_image.py:141] - Addition operation started
2025-12-21 15:32:07 - image_processor - DEBUG - [abstract_image.py:166] - Addition operation completed. Result shape: (50, 50, 3)
2025-12-21 15:32:07 - image_processor - DEBUG - [image_processing.py:24] - ImageProcessing instance created
2025-12-21 15:32:07 - image_processor - DEBUG - [abstract_image.py:35] - CatImage created: breed=Test+Test, shape=(50, 50, 3), url=combined_Test...
2025-12-21 15:32:07 - image_processor - INFO - [tests.py:393] - [PASSED] Overflow
2025-12-21 15:32:08 - image_processor - DEBUG - [image_processing.py:24] - ImageProcessing instance created
2025-12-21 15:32:08 - image_processor - INFO - [tests.py:377] - TEST: Max values
2025-12-21 15:32:08 - image_processor - DEBUG - [image_processing.py:46] - RGB to grayscale conversion started. Image shape: (100, 100, 3)
2025-12-21 15:32:08 - image_processor - DEBUG - [image_processing.py:53] - RGB to grayscale conversion completed. Result shape: (100, 100)
2025-12-21 15:32:08 - image_processor - INFO - [tests.py:382] - [PASSED] Max values
2025-12-21 15:32:08 - image_processor - DEBUG - [image_processing.py:24] - ImageProcessing instance created
2025-12-21 15:32:08 - image_processor - INFO - [tests.py:367] - TEST: Zero values
2025-12-21 15:32:08 - image_processor - DEBUG - [image_processing.py:46] - RGB to grayscale conversion started. Image shape: (100, 100, 3)
2025-12-21 15:32:08 - image_processor - DEBUG - [image_processing.py:53] - RGB to grayscale conversion completed. Result shape: (100, 100)
2025-12-21 15:32:08 - image_processor - INFO - [tests.py:372] - [PASSED] Zero values
2025-12-21 15:32:08 - image_processor - DEBUG - [image_processing.py:24] - ImageProcessing instance created
2025-12-21 15:32:08 - image_processor - INFO - [tests.py:398] - TEST: Invalid kernel
2025-12-21 15:32:08 - image_processor - DEBUG - [image_processing.py:30] - Convolution started. Image shape: (100, 100), kernel shape: (3,)
2025-12-21 15:32:08 - image_processor - ERROR - [image_processing.py:39] - Convolution failed: weights.ndim (1) must match len(axes) (2)
2025-12-21 15:32:08 - image_processor - DEBUG - [image_processing.py:24] - ImageProcessing instance created
2025-12-21 15:32:08 - image_processor - INFO - [tests.py:411] - TEST: Large image
2025-12-21 15:32:08 - image_processor - DEBUG - [image_processing.py:46] - RGB to grayscale conversion started. Image shape: (500, 500, 3)
2025-12-21 15:32:08 - image_processor - DEBUG - [image_processing.py:53] - RGB to grayscale conversion completed. Result shape: (500, 500)
2025-12-21 15:32:08 - image_processor - INFO - [tests.py:416] - [PASSED] Large image
2025-12-21 15:32:08 - image_processor - DEBUG - [image_processing.py:24] - ImageProcessing instance created
2025-12-21 15:32:08 - image_processor - INFO - [tests.py:357] - TEST: Single pixel
2025-12-21 15:32:08 - image_processor - DEBUG - [image_processing.py:46] - RGB to grayscale conversion started. Image shape: (1, 1, 3)
2025-12-21 15:32:08 - image_processor - DEBUG - [image_processing.py:53] - RGB to grayscale conversion completed. Result shape: (1, 1)
2025-12-21 15:32:08 - image_processor - INFO - [tests.py:362] - [PASSED] Single pixel
2025-12-21 15:35:27 - image_processor - DEBUG - [async_image_processor.py:44] - AsyncImageProcessor initialized for cat API
2025-12-21 15:35:27 - image_processor - DEBUG - [async_image_processor.py:44] - AsyncImageProcessor initialized for dog API
2025-12-21 15:35:27 - image_processor - INFO - [tests.py:183] - TEST: AsyncProcessor init
2025-12-21 15:35:27 - image_processor - INFO - [tests.py:192] - [PASSED] Init
2025-12-21 15:35:27 - image_processor - DEBUG - [async_image_processor.py:44] - AsyncImageProcessor initialized for cat API
2025-12-21 15:35:27 - image_processor - DEBUG - [async_image_processor.py:44] - AsyncImageProcessor initialized for dog API
2025-12-21 15:35:27 - image_processor - INFO - [tests.py:220] - TEST: Create from metadata
2025-12-21 15:35:27 - image_processor - DEBUG - [async_image_processor.py:156] - Creating image objects from 2 metadata entries
2025-12-21 15:35:27 - image_processor - DEBUG - [image_processing.py:24] - ImageProcessing instance created
2025-12-21 15:35:27 - image_processor - DEBUG - [abstract_image.py:35] - CatImage created: breed=Siamese, shape=(100, 100, 3), url=http://example.com/cat.jpg...
2025-12-21 15:35:27 - image_processor - DEBUG - [async_image_processor.py:177] - Image object created for index 1 (breed: Siamese)
2025-12-21 15:35:27 - image_processor - DEBUG - [image_processing.py:24] - ImageProcessing instance created
2025-12-21 15:35:27 - image_processor - DEBUG - [abstract_image.py:35] - CatImage created: breed=Persian, shape=(100, 100), url=http://example.com/cat_gray.jpg...
2025-12-21 15:35:27 - image_processor - DEBUG - [async_image_processor.py:177] - Image object created for index 2 (breed: Persian)
2025-12-21 15:35:27 - image_processor - INFO - [async_image_processor.py:179] - Created 2 image objects
2025-12-21 15:35:27 - image_processor - INFO - [tests.py:235] - [PASSED] Create objects
2025-12-21 15:35:27 - image_processor - DEBUG - [async_image_processor.py:44] - AsyncImageProcessor initialized for cat API
2025-12-21 15:35:27 - image_processor - DEBUG - [async_image_processor.py:44] - AsyncImageProcessor initialized for dog API
2025-12-21 15:35:27 - image_processor - INFO - [tests.py:207] - TEST: Metadata assignment
2025-12-21 15:35:27 - image_processor - INFO - [tests.py:216] - [PASSED] Metadata assignment
2025-12-21 15:35:27 - image_processor - DEBUG - [async_image_processor.py:44] - AsyncImageProcessor initialized for cat API
2025-12-21 15:35:27 - image_processor - DEBUG - [async_image_processor.py:44] - AsyncImageProcessor initialized for dog API
2025-12-21 15:35:27 - image_processor - INFO - [tests.py:196] - TEST: Metadata creation
2025-12-21 15:35:27 - image_processor - INFO - [tests.py:203] - [PASSED] Metadata creation
2025-12-21 15:35:27 - image_processor - DEBUG - [async_image_processor.py:44] - AsyncImageProcessor initialized for cat API
2025-12-21 15:35:27 - image_processor - INFO - [tests.py:489] - TEST: Async download mock
2025-12-21 15:35:27 - image_processor - INFO - [tests.py:500] - [PASSED] Async download
2025-12-21 15:35:27 - image_processor - DEBUG - [async_image_processor.py:44] - AsyncImageProcessor initialized for cat API
2025-12-21 15:35:27 - image_processor - INFO - [tests.py:521] - TEST: Async error
2025-12-21 15:35:27 - image_processor - INFO - [tests.py:533] - [PASSED] Async error
2025-12-21 15:35:27 - image_processor - DEBUG - [async_image_processor.py:44] - AsyncImageProcessor initialized for cat API
2025-12-21 15:35:27 - image_processor - INFO - [tests.py:542] - TEST: Async file mock
2025-12-21 15:35:27 - image_processor - INFO - [tests.py:566] - [PASSED] Async file mock
2025-12-21 15:35:27 - image_processor - DEBUG - [async_image_processor.py:44] - AsyncImageProcessor initialized for cat API
2025-12-21 15:35:27 - image_processor - INFO - [tests.py:504] - TEST: Multiple async
2025-12-21 15:35:27 - image_processor - INFO - [tests.py:517] - [PASSED] Multiple async
2025-12-21 15:35:27 - image_processor - DEBUG - [image_processing.py:24] - ImageProcessing instance created
2025-12-21 15:35:27 - image_processor - DEBUG - [abstract_image.py:35] - CatImage created: breed=Siamese, shape=(100, 100, 3), url=http://example.com/cat.jpg...
2025-12-21 15:35:27 - image_processor - DEBUG - [image_processing.py:24] - ImageProcessing instance created
2025-12-21 15:35:27 - image_processor - DEBUG - [abstract_image.py:35] - CatImage created: breed=Persian, shape=(100, 100), url=http://example.com/cat_gray.jpg...
2025-12-21 15:35:27 - image_processor - INFO - [tests.py:118] - TEST 5: Convolution
2025-12-21 15:35:27 - image_processor - DEBUG - [abstract_image.py:220] - Converting ColorCatImage to grayscale: Siamese
2025-12-21 15:35:27 - image_processor - DEBUG - [image_processing.py:46] - RGB to grayscale conversion started. Image shape: (100, 100, 3)
2025-12-21 15:35:27 - image_processor - DEBUG - [image_processing.py:53] - RGB to grayscale conversion completed. Result shape: (100, 100)
2025-12-21 15:35:27 - image_processor - DEBUG - [image_processing.py:24] - ImageProcessing instance created
2025-12-21 15:35:27 - image_processor - DEBUG - [abstract_image.py:35] - CatImage created: breed=Siamese, shape=(100, 100), url=http://example.com/cat.jpg...
2025-12-21 15:35:27 - image_processor - DEBUG - [image_processing.py:30] - Convolution started. Image shape: (100, 100), kernel shape: (3, 3)
2025-12-21 15:35:27 - image_processor - DEBUG - [image_processing.py:36] - Convolution completed in 0.0002 seconds
2025-12-21 15:35:27 - image_processor - INFO - [tests.py:133] - [PASSED] Convolution
2025-12-21 15:35:27 - image_processor - DEBUG - [image_processing.py:24] - ImageProcessing instance created
2025-12-21 15:35:27 - image_processor - DEBUG - [abstract_image.py:35] - CatImage created: breed=Siamese, shape=(100, 100, 3), url=http://example.com/cat.jpg...
2025-12-21 15:35:27 - image_processor - DEBUG - [image_processing.py:24] - ImageProcessing instance created
2025-12-21 15:35:27 - image_processor - DEBUG - [abstract_image.py:35] - CatImage created: breed=Persian, shape=(100, 100), url=http://example.com/cat_gray.jpg...
2025-12-21 15:35:27 - image_processor - INFO - [tests.py:78] - TEST 2: Grayscale to Color
2025-12-21 15:35:27 - image_processor - DEBUG - [abstract_image.py:247] - Converting GrayscaleCatImage to color: Persian
2025-12-21 15:35:27 - image_processor - DEBUG - [image_processing.py:24] - ImageProcessing instance created
2025-12-21 15:35:27 - image_processor - DEBUG - [abstract_image.py:35] - CatImage created: breed=Persian, shape=(100, 100, 3), url=http://example.com/cat_gray.jpg...
2025-12-21 15:35:27 - image_processor - INFO - [tests.py:85] - [PASSED] Grayscale to Color
2025-12-21 15:35:27 - image_processor - DEBUG - [image_processing.py:24] - ImageProcessing instance created
2025-12-21 15:35:27 - image_processor - DEBUG - [abstract_image.py:35] - CatImage created: breed=Siamese, shape=(100, 100, 3), url=http://example.com/cat.jpg...
2025-12-21 15:35:27 - image_processor - DEBUG - [image_processing.py:24] - ImageProcessing instance created
2025-12-21 15:35:27 - image_processor - DEBUG - [abstract_image.py:35] - CatImage created: breed=Persian, shape=(100, 100), url=http://example.com/cat_gray.jpg...
2025-12-21 15:35:27 - image_processor - INFO - [tests.py:89] - TEST 3: Image addition
2025-12-21 15:35:27 - image_processor - DEBUG - [image_processing.py:24] - ImageProcessing instance created
2025-12-21 15:35:27 - image_processor - DEBUG - [abstract_image.py:35] - CatImage created: breed=Maine Coon, shape=(100, 100, 3), url=http://example.com/cat2.jpg...
2025-12-21 15:35:27 - image_processor - DEBUG - [abstract_image.py:141] - Addition operation started
2025-12-21 15:35:27 - image_processor - DEBUG - [abstract_image.py:166] - Addition operation completed. Result shape: (100, 100, 3)
2025-12-21 15:35:27 - image_processor - DEBUG - [image_processing.py:24] - ImageProcessing instance created
2025-12-21 15:35:27 - image_processor - DEBUG - [abstract_image.py:35] - CatImage created: breed=Siamese+Maine Coon, shape=(100, 100, 3), url=combined_Siamese...
2025-12-21 15:35:27 - image_processor - INFO - [tests.py:99] - [PASSED] Image addition
2025-12-21 15:35:27 - image_processor - DEBUG - [image_processing.py:24] - ImageProcessing instance created
2025-12-21 15:35:27 - image_processor - DEBUG - [abstract_image.py:35] - CatImage created: breed=Siamese, shape=(100, 100, 3), url=http://example.com/cat.jpg...
2025-12-21 15:35:27 - image_processor - DEBUG - [image_processing.py:24] - ImageProcessing instance created
2025-12-21 15:35:27 - image_processor - DEBUG - [abstract_image.py:35] - CatImage created: breed=Persian, shape=(100, 100), url=http://example.com/cat_gray.jpg...
2025-12-21 15:35:27 - image_processor - INFO - [tests.py:137] - TEST 6: Dimensions
2025-12-21 15:35:27 - image_processor - DEBUG - [abstract_image.py:76] - Image dimensions: 100x100
2025-12-21 15:35:27 - image_processor - INFO - [tests.py:144] - [PASSED] Dimensions
2025-12-21 15:35:27 - image_processor - DEBUG - [image_processing.py:24] - ImageProcessing instance created
2025-12-21 15:35:27 - image_processor - DEBUG - [abstract_image.py:35] - CatImage created: breed=Siamese, shape=(100, 100, 3), url=http://example.com/cat.jpg...
2025-12-21 15:35:27 - image_processor - DEBUG - [image_processing.py:24] - ImageProcessing instance created
2025-12-21 15:35:27 - image_processor - DEBUG - [abstract_image.py:35] - CatImage created: breed=Persian, shape=(100, 100), url=http://example.com/cat_gray.jpg...
2025-12-21 15:35:27 - image_processor - INFO - [tests.py:153] - TEST 7: Metadata preservation
2025-12-21 15:35:27 - image_processor - DEBUG - [abstract_image.py:220] - Converting ColorCatImage to grayscale: Siamese
2025-12-21 15:35:27 - image_processor - DEBUG - [image_processing.py:46] - RGB to grayscale conversion started. Image shape: (100, 100, 3)
2025-12-21 15:35:27 - image_processor - DEBUG - [image_processing.py:53] - RGB to grayscale conversion completed. Result shape: (100, 100)
2025-12-21 15:35:27 - image_processor - DEBUG - [image_processing.py:24] - ImageProcessing instance created
2025-12-21 15:35:27 - image_processor - DEBUG - [abstract_image.py:35] - CatImage created: breed=Siamese, shape=(100, 100), url=http://example.com/cat.jpg...
2025-12-21 15:35:27 - image_processor - INFO - [tests.py:167] - [PASSED] Metadata
2025-12-21 15:35:27 - image_processor - DEBUG - [image_processing.py:24] - ImageProcessing instance created
2025-12-21 15:35:27 - image_processor - DEBUG - [abstract_image.py:35] - CatImage created: breed=Siamese, shape=(100, 100, 3), url=http://example.com/cat.jpg...
2025-12-21 15:35:27 - image_processor - DEBUG - [image_processing.py:24] - ImageProcessing instance created
2025-12-21 15:35:27 - image_processor - DEBUG - [abstract_image.py:35] - CatImage created: breed=Persian, shape=(100, 100), url=http://example.com/cat_gray.jpg...
2025-12-21 15:35:27 - image_processor - INFO - [tests.py:103] - TEST 4: Image subtraction
2025-12-21 15:35:27 - image_processor - DEBUG - [image_processing.py:24] - ImageProcessing instance created
2025-12-21 15:35:27 - image_processor - DEBUG - [abstract_image.py:35] - CatImage created: breed=Bengal, shape=(100, 100, 3), url=http://example.com/cat2.jpg...
2025-12-21 15:35:27 - image_processor - DEBUG - [abstract_image.py:173] - Subtraction operation started
2025-12-21 15:35:27 - image_processor - DEBUG - [abstract_image.py:198] - Subtraction operation completed. Result shape: (100, 100, 3)
2025-12-21 15:35:27 - image_processor - DEBUG - [image_processing.py:24] - ImageProcessing instance created
2025-12-21 15:35:27 - image_processor - DEBUG - [abstract_image.py:35] - CatImage created: breed=Siamese-Bengal, shape=(100, 100, 3), url=subtracted_Siamese...
2025-12-21 15:35:27 - image_processor - INFO - [tests.py:114] - [PASSED] Image subtraction
2025-12-21 15:35:27 - image_processor - DEBUG - [image_processing.py:24] - ImageProcessing instance created
2025-12-21 15:35:27 - image_processor - DEBUG - [abstract_image.py:35] - CatImage created: breed=Siamese, shape=(100, 100, 3), url=http://example.com/cat.jpg...
2025-12-21 15:35:27 - image_processor - DEBUG - [image_processing.py:24] - ImageProcessing instance created
2025-12-21 15:35:27 - image_processor - DEBUG - [abstract_image.py:35] - CatImage created: breed=Persian, shape=(100, 100), url=http://example.com/cat_gray.jpg...
2025-12-21 15:35:27 - image_processor - INFO - [tests.py:66] - TEST 1: RGB to Grayscale conversion
2025-12-21 15:35:27 - image_processor - DEBUG - [abstract_image.py:220] - Converting ColorCatImage to grayscale: Siamese
2025-12-21 15:35:27 - image_processor - DEBUG - [image_processing.py:46] - RGB to grayscale conversion started. Image shape: (100, 100, 3)
2025-12-21 15:35:27 - image_processor - DEBUG - [image_processing.py:53] - RGB to grayscale conversion completed. Result shape: (100, 100)
2025-12-21 15:35:27 - image_processor - DEBUG - [image_processing.py:24] - ImageProcessing instance created
2025-12-21 15:35:27 - image_processor - DEBUG - [abstract_image.py:35] - CatImage created: breed=Siamese, shape=(100, 100), url=http://example.com/cat.jpg...
2025-12-21 15:35:27 - image_processor - INFO - [tests.py:74] - [PASSED] RGB to Grayscale
2025-12-21 15:35:27 - image_processor - DEBUG - [image_processing.py:24] - ImageProcessing instance created
2025-12-21 15:35:27 - image_processor - DEBUG - [abstract_image.py:35] - CatImage created: breed=Siamese, shape=(100, 100, 3), url=http://example.com/cat.jpg...
2025-12-21 15:35:27 - image_processor - DEBUG - [image_processing.py:24] - ImageProcessing instance created
2025-12-21 15:35:27 - image_processor - DEBUG - [abstract_image.py:35] - CatImage created: breed=Persian, shape=(100, 100), url=http://example.com/cat_gray.jpg...
2025-12-21 15:35:27 - image_processor - INFO - [tests.py:320] - TEST: Load image
2025-12-21 15:35:27 - image_processor - DEBUG - [image_processing.py:24] - ImageProcessing instance created
2025-12-21 15:35:27 - image_processor - DEBUG - [abstract_image.py:35] - CatImage created: breed=Siamese, shape=(100, 100, 3), url=http://example.com/cat.jpg...
2025-12-21 15:35:27 - image_processor - DEBUG - [image_processing.py:24] - ImageProcessing instance created
2025-12-21 15:35:27 - image_processor - DEBUG - [abstract_image.py:35] - CatImage created: breed=Persian, shape=(100, 100), url=http://example.com/cat_gray.jpg...
2025-12-21 15:35:27 - image_processor - INFO - [tests.py:352] - TEST: Mock file operations
2025-12-21 15:35:27 - image_processor - DEBUG - [image_processing.py:24] - ImageProcessing instance created
2025-12-21 15:35:27 - image_processor - DEBUG - [abstract_image.py:35] - CatImage created: breed=Siamese, shape=(100, 100, 3), url=http://example.com/cat.jpg...
2025-12-21 15:35:27 - image_processor - DEBUG - [image_processing.py:24] - ImageProcessing instance created
2025-12-21 15:35:27 - image_processor - DEBUG - [abstract_image.py:35] - CatImage created: breed=Persian, shape=(100, 100), url=http://example.com/cat_gray.jpg...
2025-12-21 15:35:27 - image_processor - INFO - [tests.py:292] - TEST: Save color image
2025-12-21 15:35:27 - image_processor - DEBUG - [image_processing.py:24] - ImageProcessing instance created
2025-12-21 15:35:27 - image_processor - DEBUG - [abstract_image.py:35] - CatImage created: breed=Siamese, shape=(100, 100, 3), url=http://example.com/cat.jpg...
2025-12-21 15:35:27 - image_processor - DEBUG - [image_processing.py:24] - ImageProcessing instance created
2025-12-21 15:35:27 - image_processor - DEBUG - [abstract_image.py:35] - CatImage created: breed=Persian, shape=(100, 100), url=http://example.com/cat_gray.jpg...
2025-12-21 15:35:27 - image_processor - INFO - [tests.py:306] - TEST: Save grayscale
2025-12-21 15:35:27 - image_processor - DEBUG - [image_processing.py:24] - ImageProcessing instance created
2025-12-21 15:35:27 - image_processor - DEBUG - [abstract_image.py:35] - CatImage created: breed=Siamese, shape=(100, 100, 3), url=http://example.com/cat.jpg...
2025-12-21 15:35:27 - image_processor - DEBUG - [image_processing.py:24] - ImageProcessing instance created
2025-12-21 15:35:27 - image_processor - DEBUG - [abstract_image.py:35] - CatImage created: breed=Persian, shape=(100, 100), url=http://example.com/cat_gray.jpg...
2025-12-21 15:35:27 - image_processor - INFO - [tests.py:334] - TEST: Invalid directory
2025-12-21 15:35:27 - image_processor - DEBUG - [image_processing.py:24] - ImageProcessing instance created
2025-12-21 15:35:27 - image_processor - INFO - [tests.py:251] - TEST: Edge detection
2025-12-21 15:35:27 - image_processor - DEBUG - [image_processing.py:120] - Edge detection (Canny) started
2025-12-21 15:35:27 - image_processor - DEBUG - [image_processing.py:46] - RGB to grayscale conversion started. Image shape: (100, 100, 3)
2025-12-21 15:35:27 - image_processor - DEBUG - [image_processing.py:53] - RGB to grayscale conversion completed. Result shape: (100, 100)
2025-12-21 15:35:27 - image_processor - DEBUG - [image_processing.py:30] - Convolution started. Image shape: (100, 100), kernel shape: (3, 3)
2025-12-21 15:35:27 - image_processor - DEBUG - [image_processing.py:36] - Convolution completed in 0.0002 seconds
2025-12-21 15:35:27 - image_processor - DEBUG - [image_processing.py:30] - Convolution started. Image shape: (100, 100), kernel shape: (3, 3)
2025-12-21 15:35:27 - image_processor - DEBUG - [image_processing.py:36] - Convolution completed in 0.0001 seconds
2025-12-21 15:35:27 - image_processor - DEBUG - [image_processing.py:91] - Non-maximum suppression started
2025-12-21 15:35:27 - image_processor - DEBUG - [image_processing.py:113] - Non-maximum suppression completed
2025-12-21 15:35:27 - image_processor - DEBUG - [image_processing.py:139] - Edge detection completed in 0.0099 seconds
2025-12-21 15:35:27 - image_processor - INFO - [tests.py:258] - [PASSED] Edge detection
2025-12-21 15:35:27 - image_processor - DEBUG - [image_processing.py:24] - ImageProcessing instance created
2025-12-21 15:35:27 - image_processor - INFO - [tests.py:262] - TEST: RGB to grayscale
2025-12-21 15:35:27 - image_processor - DEBUG - [image_processing.py:46] - RGB to grayscale conversion started. Image shape: (100, 100, 3)
2025-12-21 15:35:27 - image_processor - DEBUG - [image_processing.py:53] - RGB to grayscale conversion completed. Result shape: (100, 100)
2025-12-21 15:35:27 - image_processor - INFO - [tests.py:269] - [PASSED] RGB to grayscale
2025-12-21 15:35:27 - image_processor - DEBUG - [image_processing.py:24] - ImageProcessing instance created
2025-12-21 15:35:27 - image_processor - INFO - [tests.py:378] - TEST: Empty image
2025-12-21 15:35:27 - image_processor - DEBUG - [image_processing.py:46] - RGB to grayscale conversion started. Image shape: (0, 0, 3)
2025-12-21 15:35:27 - image_processor - DEBUG - [image_processing.py:53] - RGB to grayscale conversion completed. Result shape: (0, 0)
2025-12-21 15:35:27 - image_processor - INFO - [tests.py:387] - [PASSED] Empty image
2025-12-21 15:35:27 - image_processor - DEBUG - [image_processing.py:24] - ImageProcessing instance created
2025-12-21 15:35:27 - image_processor - INFO - [tests.py:422] - TEST: Addition overflow
2025-12-21 15:35:27 - image_processor - DEBUG - [image_processing.py:24] - ImageProcessing instance created
2025-12-21 15:35:27 - image_processor - DEBUG - [abstract_image.py:35] - CatImage created: breed=Test, shape=(50, 50, 3), url=w1.jpg...
2025-12-21 15:35:27 - image_processor - DEBUG - [image_processing.py:24] - ImageProcessing instance created
2025-12-21 15:35:27 - image_processor - DEBUG - [abstract_image.py:35] - CatImage created: breed=Test, shape=(50, 50, 3), url=w2.jpg...
2025-12-21 15:35:27 - image_processor - DEBUG - [abstract_image.py:141] - Addition operation started
2025-12-21 15:35:27 - image_processor - DEBUG - [abstract_image.py:166] - Addition operation completed. Result shape: (50, 50, 3)
2025-12-21 15:35:27 - image_processor - DEBUG - [image_processing.py:24] - ImageProcessing instance created
2025-12-21 15:35:27 - image_processor - DEBUG - [abstract_image.py:35] - CatImage created: breed=Test+Test, shape=(50, 50, 3), url=combined_Test...
2025-12-21 15:35:27 - image_processor - INFO - [tests.py:429] - [PASSED] Overflow
2025-12-21 15:35:27 - image_processor - DEBUG - [image_processing.py:24] - ImageProcessing instance created
2025-12-21 15:35:27 - image_processor - INFO - [tests.py:412] - TEST: Max values
2025-12-21 15:35:27 - image_processor - DEBUG - [image_processing.py:46] - RGB to grayscale conversion started. Image shape: (100, 100, 3)
2025-12-21 15:35:27 - image_processor - DEBUG - [image_processing.py:53] - RGB to grayscale conversion completed. Result shape: (100, 100)
2025-12-21 15:35:27 - image_processor - INFO - [tests.py:418] - [PASSED] Max values
2025-12-21 15:35:27 - image_processor - DEBUG - [image_processing.py:24] - ImageProcessing instance created
2025-12-21 15:35:27 - image_processor - INFO - [tests.py:402] - TEST: Zero values
2025-12-21 15:35:27 - image_processor - DEBUG - [image_processing.py:46] - RGB to grayscale conversion started. Image shape: (100, 100, 3)
2025-12-21 15:35:27 - image_processor - DEBUG - [image_processing.py:53] - RGB to grayscale conversion completed. Result shape: (100, 100)
2025-12-21 15:35:27 - image_processor - INFO - [tests.py:408] - [PASSED] Zero values
2025-12-21 15:35:27 - image_processor - DEBUG - [image_processing.py:24] - ImageProcessing instance created
2025-12-21 15:35:27 - image_processor - INFO - [tests.py:433] - TEST: Invalid kernel
2025-12-21 15:35:27 - image_processor - DEBUG - [image_processing.py:30] - Convolution started. Image shape: (100, 100), kernel shape: (3,)
2025-12-21 15:35:27 - image_processor - ERROR - [image_processing.py:39] - Convolution failed: weights.ndim (1) must match len(axes) (2)
2025-12-21 15:35:27 - image_processor - INFO - [tests.py:442] - [PASSED] Invalid kernel
2025-12-21 15:35:27 - image_processor - DEBUG - [image_processing.py:24] - ImageProcessing instance created
2025-12-21 15:35:27 - image_processor - INFO - [tests.py:446] - TEST: Large image
2025-12-21 15:35:27 - image_processor - DEBUG - [image_processing.py:46] - RGB to grayscale conversion started. Image shape: (500, 500, 3)
2025-12-21 15:35:27 - image_processor - DEBUG - [image_processing.py:53] - RGB to grayscale conversion completed. Result shape: (500, 500)
2025-12-21 15:35:27 - image_processor - INFO - [tests.py:452] - [PASSED] Large image
2025-12-21 15:35:27 - image_processor - DEBUG - [image_processing.py:24] - ImageProcessing instance created
2025-12-21 15:35:27 - image_processor - INFO - [tests.py:391] - TEST: Single pixel
2025-12-21 15:35:27 - image_processor - DEBUG - [image_processing.py:46] - RGB to grayscale conversion started. Image shape: (1, 1, 3)
2025-12-21 15:35:27 - image_processor - DEBUG - [image_processing.py:53] - RGB to grayscale conversion completed. Result shape: (1, 1)
2025-12-21 15:35:27 - image_processor - INFO - [tests.py:398] - [PASSED] Single pixel
2025-12-21 15:53:01 - image_processor - DEBUG - [async_image_processor.py:44] - AsyncImageProcessor initialized for cat API
2025-12-21 15:53:01 - image_processor - DEBUG - [async_image_processor.py:44] - AsyncImageProcessor initialized for dog API
2025-12-21 15:53:01 - image_processor - INFO - [tests.py:183] - TEST: AsyncProcessor init
2025-12-21 15:53:01 - image_processor - INFO - [tests.py:192] - [PASSED] Init
2025-12-21 15:53:01 - image_processor - DEBUG - [async_image_processor.py:44] - AsyncImageProcessor initialized for cat API
2025-12-21 15:53:01 - image_processor - DEBUG - [async_image_processor.py:44] - AsyncImageProcessor initialized for dog API
2025-12-21 15:53:01 - image_processor - INFO - [tests.py:220] - TEST: Create from metadata
2025-12-21 15:53:01 - image_processor - DEBUG - [async_image_processor.py:156] - Creating image objects from 2 metadata entries
2025-12-21 15:53:01 - image_processor - DEBUG - [image_processing.py:24] - ImageProcessing instance created
2025-12-21 15:53:01 - image_processor - DEBUG - [abstract_image.py:35] - CatImage created: breed=Siamese, shape=(100, 100, 3), url=http://example.com/cat.jpg...
2025-12-21 15:53:01 - image_processor - DEBUG - [async_image_processor.py:177] - Image object created for index 1 (breed: Siamese)
2025-12-21 15:53:01 - image_processor - DEBUG - [image_processing.py:24] - ImageProcessing instance created
2025-12-21 15:53:01 - image_processor - DEBUG - [abstract_image.py:35] - CatImage created: breed=Persian, shape=(100, 100), url=http://example.com/cat_gray.jpg...
2025-12-21 15:53:01 - image_processor - DEBUG - [async_image_processor.py:177] - Image object created for index 2 (breed: Persian)
2025-12-21 15:53:01 - image_processor - INFO - [async_image_processor.py:179] - Created 2 image objects
2025-12-21 15:53:01 - image_processor - INFO - [tests.py:235] - [PASSED] Create objects
2025-12-21 15:53:01 - image_processor - DEBUG - [async_image_processor.py:44] - AsyncImageProcessor initialized for cat API
2025-12-21 15:53:01 - image_processor - DEBUG - [async_image_processor.py:44] - AsyncImageProcessor initialized for dog API
2025-12-21 15:53:01 - image_processor - INFO - [tests.py:207] - TEST: Metadata assignment
2025-12-21 15:53:01 - image_processor - INFO - [tests.py:216] - [PASSED] Metadata assignment
2025-12-21 15:53:01 - image_processor - DEBUG - [async_image_processor.py:44] - AsyncImageProcessor initialized for cat API
2025-12-21 15:53:01 - image_processor - DEBUG - [async_image_processor.py:44] - AsyncImageProcessor initialized for dog API
2025-12-21 15:53:01 - image_processor - INFO - [tests.py:196] - TEST: Metadata creation
2025-12-21 15:53:01 - image_processor - INFO - [tests.py:203] - [PASSED] Metadata creation
2025-12-21 15:53:01 - image_processor - DEBUG - [async_image_processor.py:44] - AsyncImageProcessor initialized for cat API
2025-12-21 15:53:01 - image_processor - INFO - [tests.py:489] - TEST: Async download mock
2025-12-21 15:53:01 - image_processor - INFO - [tests.py:500] - [PASSED] Async download
2025-12-21 15:53:01 - image_processor - DEBUG - [async_image_processor.py:44] - AsyncImageProcessor initialized for cat API
2025-12-21 15:53:01 - image_processor - INFO - [tests.py:521] - TEST: Async error
2025-12-21 15:53:01 - image_processor - INFO - [tests.py:533] - [PASSED] Async error
2025-12-21 15:53:01 - image_processor - DEBUG - [async_image_processor.py:44] - AsyncImageProcessor initialized for cat API
2025-12-21 15:53:01 - image_processor - INFO - [tests.py:542] - TEST: Async file mock
2025-12-21 15:53:01 - image_processor - INFO - [tests.py:566] - [PASSED] Async file mock
2025-12-21 15:53:01 - image_processor - DEBUG - [async_image_processor.py:44] - AsyncImageProcessor initialized for cat API
2025-12-21 15:53:01 - image_processor - INFO - [tests.py:504] - TEST: Multiple async
2025-12-21 15:53:01 - image_processor - INFO - [tests.py:517] - [PASSED] Multiple async
2025-12-21 15:53:01 - image_processor - DEBUG - [image_processing.py:24] - ImageProcessing instance created
2025-12-21 15:53:01 - image_processor - DEBUG - [abstract_image.py:35] - CatImage created: breed=Siamese, shape=(100, 100, 3), url=http://example.com/cat.jpg...
2025-12-21 15:53:01 - image_processor - DEBUG - [image_processing.py:24] - ImageProcessing instance created
2025-12-21 15:53:01 - image_processor - DEBUG - [abstract_image.py:35] - CatImage created: breed=Persian, shape=(100, 100), url=http://example.com/cat_gray.jpg...
2025-12-21 15:53:01 - image_processor - INFO - [tests.py:118] - TEST 5: Convolution
2025-12-21 15:53:01 - image_processor - DEBUG - [abstract_image.py:220] - Converting ColorCatImage to grayscale: Siamese
2025-12-21 15:53:01 - image_processor - DEBUG - [image_processing.py:46] - RGB to grayscale conversion started. Image shape: (100, 100, 3)
2025-12-21 15:53:01 - image_processor - DEBUG - [image_processing.py:53] - RGB to grayscale conversion completed. Result shape: (100, 100)
2025-12-21 15:53:01 - image_processor - DEBUG - [image_processing.py:24] - ImageProcessing instance created
2025-12-21 15:53:01 - image_processor - DEBUG - [abstract_image.py:35] - CatImage created: breed=Siamese, shape=(100, 100), url=http://example.com/cat.jpg...
2025-12-21 15:53:01 - image_processor - DEBUG - [image_processing.py:30] - Convolution started. Image shape: (100, 100), kernel shape: (3, 3)
2025-12-21 15:53:01 - image_processor - DEBUG - [image_processing.py:36] - Convolution completed in 0.0002 seconds
2025-12-21 15:53:01 - image_processor - INFO - [tests.py:133] - [PASSED] Convolution
2025-12-21 15:53:01 - image_processor - DEBUG - [image_processing.py:24] - ImageProcessing instance created
2025-12-21 15:53:01 - image_processor - DEBUG - [abstract_image.py:35] - CatImage created: breed=Siamese, shape=(100, 100, 3), url=http://example.com/cat.jpg...
2025-12-21 15:53:01 - image_processor - DEBUG - [image_processing.py:24] - ImageProcessing instance created
2025-12-21 15:53:01 - image_processor - DEBUG - [abstract_image.py:35] - CatImage created: breed=Persian, shape=(100, 100), url=http://example.com/cat_gray.jpg...
2025-12-21 15:53:01 - image_processor - INFO - [tests.py:78] - TEST 2: Grayscale to Color
2025-12-21 15:53:01 - image_processor - DEBUG - [abstract_image.py:247] - Converting GrayscaleCatImage to color: Persian
2025-12-21 15:53:01 - image_processor - DEBUG - [image_processing.py:24] - ImageProcessing instance created
2025-12-21 15:53:01 - image_processor - DEBUG - [abstract_image.py:35] - CatImage created: breed=Persian, shape=(100, 100, 3), url=http://example.com/cat_gray.jpg...
2025-12-21 15:53:01 - image_processor - INFO - [tests.py:85] - [PASSED] Grayscale to Color
2025-12-21 15:53:01 - image_processor - DEBUG - [image_processing.py:24] - ImageProcessing instance created
2025-12-21 15:53:01 - image_processor - DEBUG - [abstract_image.py:35] - CatImage created: breed=Siamese, shape=(100, 100, 3), url=http://example.com/cat.jpg...
2025-12-21 15:53:01 - image_processor - DEBUG - [image_processing.py:24] - ImageProcessing instance created
2025-12-21 15:53:01 - image_processor - DEBUG - [abstract_image.py:35] - CatImage created: breed=Persian, shape=(100, 100), url=http://example.com/cat_gray.jpg...
2025-12-21 15:53:01 - image_processor - INFO - [tests.py:89] - TEST 3: Image addition
2025-12-21 15:53:01 - image_processor - DEBUG - [image_processing.py:24] - ImageProcessing instance created
2025-12-21 15:53:01 - image_processor - DEBUG - [abstract_image.py:35] - CatImage created: breed=Maine Coon, shape=(100, 100, 3), url=http://example.com/cat2.jpg...
2025-12-21 15:53:01 - image_processor - DEBUG - [abstract_image.py:141] - Addition operation started
2025-12-21 15:53:01 - image_processor - DEBUG - [abstract_image.py:166] - Addition operation completed. Result shape: (100, 100, 3)
2025-12-21 15:53:01 - image_processor - DEBUG - [image_processing.py:24] - ImageProcessing instance created
2025-12-21 15:53:01 - image_processor - DEBUG - [abstract_image.py:35] - CatImage created: breed=Siamese+Maine Coon, shape=(100, 100, 3), url=combined_Siamese...
2025-12-21 15:53:01 - image_processor - INFO - [tests.py:99] - [PASSED] Image addition
2025-12-21 15:53:01 - image_processor - DEBUG - [image_processing.py:24] - ImageProcessing instance created
2025-12-21 15:53:01 - image_processor - DEBUG - [abstract_image.py:35] - CatImage created: breed=Siamese, shape=(100, 100, 3), url=http://example.com/cat.jpg...
2025-12-21 15:53:01 - image_processor - DEBUG - [image_processing.py:24] - ImageProcessing instance created
2025-12-21 15:53:01 - image_processor - DEBUG - [abstract_image.py:35] - CatImage created: breed=Persian, shape=(100, 100), url=http://example.com/cat_gray.jpg...
2025-12-21 15:53:01 - image_processor - INFO - [tests.py:137] - TEST 6: Dimensions
2025-12-21 15:53:01 - image_processor - DEBUG - [abstract_image.py:76] - Image dimensions: 100x100
2025-12-21 15:53:01 - image_processor - INFO - [tests.py:144] - [PASSED] Dimensions
2025-12-21 15:53:01 - image_processor - DEBUG - [image_processing.py:24] - ImageProcessing instance created
2025-12-21 15:53:01 - image_processor - DEBUG - [abstract_image.py:35] - CatImage created: breed=Siamese, shape=(100, 100, 3), url=http://example.com/cat.jpg...
2025-12-21 15:53:01 - image_processor - DEBUG - [image_processing.py:24] - ImageProcessing instance created
2025-12-21 15:53:01 - image_processor - DEBUG - [abstract_image.py:35] - CatImage created: breed=Persian, shape=(100, 100), url=http://example.com/cat_gray.jpg...
2025-12-21 15:53:01 - image_processor - INFO - [tests.py:153] - TEST 7: Metadata preservation
2025-12-21 15:53:01 - image_processor - DEBUG - [abstract_image.py:220] - Converting ColorCatImage to grayscale: Siamese
2025-12-21 15:53:01 - image_processor - DEBUG - [image_processing.py:46] - RGB to grayscale conversion started. Image shape: (100, 100, 3)
2025-12-21 15:53:01 - image_processor - DEBUG - [image_processing.py:53] - RGB to grayscale conversion completed. Result shape: (100, 100)
2025-12-21 15:53:01 - image_processor - DEBUG - [image_processing.py:24] - ImageProcessing instance created
2025-12-21 15:53:01 - image_processor - DEBUG - [abstract_image.py:35] - CatImage created: breed=Siamese, shape=(100, 100), url=http://example.com/cat.jpg...
2025-12-21 15:53:01 - image_processor - INFO - [tests.py:167] - [PASSED] Metadata
2025-12-21 15:53:01 - image_processor - DEBUG - [image_processing.py:24] - ImageProcessing instance created
2025-12-21 15:53:01 - image_processor - DEBUG - [abstract_image.py:35] - CatImage created: breed=Siamese, shape=(100, 100, 3), url=http://example.com/cat.jpg...
2025-12-21 15:53:01 - image_processor - DEBUG - [image_processing.py:24] - ImageProcessing instance created
2025-12-21 15:53:01 - image_processor - DEBUG - [abstract_image.py:35] - CatImage created: breed=Persian, shape=(100, 100), url=http://example.com/cat_gray.jpg...
2025-12-21 15:53:01 - image_processor - INFO - [tests.py:103] - TEST 4: Image subtraction
2025-12-21 15:53:01 - image_processor - DEBUG - [image_processing.py:24] - ImageProcessing instance created
2025-12-21 15:53:01 - image_processor - DEBUG - [abstract_image.py:35] - CatImage created: breed=Bengal, shape=(100, 100, 3), url=http://example.com/cat2.jpg...
2025-12-21 15:53:01 - image_processor - DEBUG - [abstract_image.py:173] - Subtraction operation started
2025-12-21 15:53:01 - image_processor - DEBUG - [abstract_image.py:198] - Subtraction operation completed. Result shape: (100, 100, 3)
2025-12-21 15:53:01 - image_processor - DEBUG - [image_processing.py:24] - ImageProcessing instance created
2025-12-21 15:53:01 - image_processor - DEBUG - [abstract_image.py:35] - CatImage created: breed=Siamese-Bengal, shape=(100, 100, 3), url=subtracted_Siamese...
2025-12-21 15:53:01 - image_processor - INFO - [tests.py:114] - [PASSED] Image subtraction
2025-12-21 15:53:01 - image_processor - DEBUG - [image_processing.py:24] - ImageProcessing instance created
2025-12-21 15:53:01 - image_processor - DEBUG - [abstract_image.py:35] - CatImage created: breed=Siamese, shape=(100, 100, 3), url=http://example.com/cat.jpg...
2025-12-21 15:53:01 - image_processor - DEBUG - [image_processing.py:24] - ImageProcessing instance created
2025-12-21 15:53:01 - image_processor - DEBUG - [abstract_image.py:35] - CatImage created: breed=Persian, shape=(100, 100), url=http://example.com/cat_gray.jpg...
2025-12-21 15:53:01 - image_processor - INFO - [tests.py:66] - TEST 1: RGB to Grayscale conversion
2025-12-21 15:53:01 - image_processor - DEBUG - [abstract_image.py:220] - Converting ColorCatImage to grayscale: Siamese
2025-12-21 15:53:01 - image_processor - DEBUG - [image_processing.py:46] - RGB to grayscale conversion started. Image shape: (100, 100, 3)
2025-12-21 15:53:01 - image_processor - DEBUG - [image_processing.py:53] - RGB to grayscale conversion completed. Result shape: (100, 100)
2025-12-21 15:53:01 - image_processor - DEBUG - [image_processing.py:24] - ImageProcessing instance created
2025-12-21 15:53:01 - image_processor - DEBUG - [abstract_image.py:35] - CatImage created: breed=Siamese, shape=(100, 100), url=http://example.com/cat.jpg...
2025-12-21 15:53:01 - image_processor - INFO - [tests.py:74] - [PASSED] RGB to Grayscale
2025-12-21 15:53:01 - image_processor - DEBUG - [image_processing.py:24] - ImageProcessing instance created
2025-12-21 15:53:01 - image_processor - DEBUG - [abstract_image.py:35] - CatImage created: breed=Siamese, shape=(100, 100, 3), url=http://example.com/cat.jpg...
2025-12-21 15:53:01 - image_processor - DEBUG - [image_processing.py:24] - ImageProcessing instance created
2025-12-21 15:53:01 - image_processor - DEBUG - [abstract_image.py:35] - CatImage created: breed=Persian, shape=(100, 100), url=http://example.com/cat_gray.jpg...
2025-12-21 15:53:01 - image_processor - INFO - [tests.py:320] - TEST: Load image
2025-12-21 15:53:01 - image_processor - DEBUG - [image_processing.py:24] - ImageProcessing instance created
2025-12-21 15:53:01 - image_processor - DEBUG - [abstract_image.py:35] - CatImage created: breed=Siamese, shape=(100, 100, 3), url=http://example.com/cat.jpg...
2025-12-21 15:53:01 - image_processor - DEBUG - [image_processing.py:24] - ImageProcessing instance created
2025-12-21 15:53:01 - image_processor - DEBUG - [abstract_image.py:35] - CatImage created: breed=Persian, shape=(100, 100), url=http://example.com/cat_gray.jpg...
2025-12-21 15:53:01 - image_processor - INFO - [tests.py:352] - TEST: Mock file operations
2025-12-21 15:53:01 - image_processor - DEBUG - [image_processing.py:24] - ImageProcessing instance created
2025-12-21 15:53:01 - image_processor - DEBUG - [abstract_image.py:35] - CatImage created: breed=Siamese, shape=(100, 100, 3), url=http://example.com/cat.jpg...
2025-12-21 15:53:01 - image_processor - DEBUG - [image_processing.py:24] - ImageProcessing instance created
2025-12-21 15:53:01 - image_processor - DEBUG - [abstract_image.py:35] - CatImage created: breed=Persian, shape=(100, 100), url=http://example.com/cat_gray.jpg...
2025-12-21 15:53:01 - image_processor - INFO - [tests.py:292] - TEST: Save color image
2025-12-21 15:53:01 - image_processor - DEBUG - [image_processing.py:24] - ImageProcessing instance created
2025-12-21 15:53:01 - image_processor - DEBUG - [abstract_image.py:35] - CatImage created: breed=Siamese, shape=(100, 100, 3), url=http://example.com/cat.jpg...
2025-12-21 15:53:01 - image_processor - DEBUG - [image_processing.py:24] - ImageProcessing instance created
2025-12-21 15:53:01 - image_processor - DEBUG - [abstract_image.py:35] - CatImage created: breed=Persian, shape=(100, 100), url=http://example.com/cat_gray.jpg...
2025-12-21 15:53:01 - image_processor - INFO - [tests.py:306] - TEST: Save grayscale
2025-12-21 15:53:01 - image_processor - DEBUG - [image_processing.py:24] - ImageProcessing instance created
2025-12-21 15:53:01 - image_processor - DEBUG - [abstract_image.py:35] - CatImage created: breed=Siamese, shape=(100, 100, 3), url=http://example.com/cat.jpg...
2025-12-21 15:53:01 - image_processor - DEBUG - [image_processing.py:24] - ImageProcessing instance created
2025-12-21 15:53:01 - image_processor - DEBUG - [abstract_image.py:35] - CatImage created: breed=Persian, shape=(100, 100), url=http://example.com/cat_gray.jpg...
2025-12-21 15:53:01 - image_processor - INFO - [tests.py:334] - TEST: Invalid directory
2025-12-21 15:53:01 - image_processor - DEBUG - [image_processing.py:24] - ImageProcessing instance created
2025-12-21 15:53:01 - image_processor - INFO - [tests.py:251] - TEST: Edge detection
2025-12-21 15:53:01 - image_processor - DEBUG - [image_processing.py:120] - Edge detection (Canny) started
2025-12-21 15:53:01 - image_processor - DEBUG - [image_processing.py:46] - RGB to grayscale conversion started. Image shape: (100, 100, 3)
2025-12-21 15:53:01 - image_processor - DEBUG - [image_processing.py:53] - RGB to grayscale conversion completed. Result shape: (100, 100)
2025-12-21 15:53:01 - image_processor - DEBUG - [image_processing.py:30] - Convolution started. Image shape: (100, 100), kernel shape: (3, 3)
2025-12-21 15:53:01 - image_processor - DEBUG - [image_processing.py:36] - Convolution completed in 0.0002 seconds
2025-12-21 15:53:01 - image_processor - DEBUG - [image_processing.py:30] - Convolution started. Image shape: (100, 100), kernel shape: (3, 3)
2025-12-21 15:53:01 - image_processor - DEBUG - [image_processing.py:36] - Convolution completed in 0.0001 seconds
2025-12-21 15:53:01 - image_processor - DEBUG - [image_processing.py:91] - Non-maximum suppression started
2025-12-21 15:53:01 - image_processor - DEBUG - [image_processing.py:113] - Non-maximum suppression completed
2025-12-21 15:53:01 - image_processor - DEBUG - [image_processing.py:139] - Edge detection completed in 0.0087 seconds
2025-12-21 15:53:01 - image_processor - INFO - [tests.py:258] - [PASSED] Edge detection
2025-12-21 15:53:01 - image_processor - DEBUG - [image_processing.py:24] - ImageProcessing instance created
2025-12-21 15:53:01 - image_processor - INFO - [tests.py:262] - TEST: RGB to grayscale
2025-12-21 15:53:01 - image_processor - DEBUG - [image_processing.py:46] - RGB to grayscale conversion started. Image shape: (100, 100, 3)
2025-12-21 15:53:01 - image_processor - DEBUG - [image_processing.py:53] - RGB to grayscale conversion completed. Result shape: (100, 100)
2025-12-21 15:53:01 - image_processor - INFO - [tests.py:269] - [PASSED] RGB to grayscale
2025-12-21 15:53:01 - image_processor - DEBUG - [image_processing.py:24] - ImageProcessing instance created
2025-12-21 15:53:01 - image_processor - INFO - [tests.py:378] - TEST: Empty image
2025-12-21 15:53:01 - image_processor - DEBUG - [image_processing.py:46] - RGB to grayscale conversion started. Image shape: (0, 0, 3)
2025-12-21 15:53:01 - image_processor - DEBUG - [image_processing.py:53] - RGB to grayscale conversion completed. Result shape: (0, 0)
2025-12-21 15:53:01 - image_processor - INFO - [tests.py:387] - [PASSED] Empty image
2025-12-21 15:53:01 - image_processor - DEBUG - [image_processing.py:24] - ImageProcessing instance created
2025-12-21 15:53:01 - image_processor - INFO - [tests.py:422] - TEST: Addition overflow
2025-12-21 15:53:01 - image_processor - DEBUG - [image_processing.py:24] - ImageProcessing instance created
2025-12-21 15:53:01 - image_processor - DEBUG - [abstract_image.py:35] - CatImage created: breed=Test, shape=(50, 50, 3), url=w1.jpg...
2025-12-21 15:53:01 - image_processor - DEBUG - [image_processing.py:24] - ImageProcessing instance created
2025-12-21 15:53:01 - image_processor - DEBUG - [abstract_image.py:35] - CatImage created: breed=Test, shape=(50, 50, 3), url=w2.jpg...
2025-12-21 15:53:01 - image_processor - DEBUG - [abstract_image.py:141] - Addition operation started
2025-12-21 15:53:01 - image_processor - DEBUG - [abstract_image.py:166] - Addition operation completed. Result shape: (50, 50, 3)
2025-12-21 15:53:01 - image_processor - DEBUG - [image_processing.py:24] - ImageProcessing instance created
2025-12-21 15:53:01 - image_processor - DEBUG - [abstract_image.py:35] - CatImage created: breed=Test+Test, shape=(50, 50, 3), url=combined_Test...
2025-12-21 15:53:01 - image_processor - INFO - [tests.py:429] - [PASSED] Overflow
2025-12-21 15:53:01 - image_processor - DEBUG - [image_processing.py:24] - ImageProcessing instance created
2025-12-21 15:53:01 - image_processor - INFO - [tests.py:412] - TEST: Max values
2025-12-21 15:53:01 - image_processor - DEBUG - [image_processing.py:46] - RGB to grayscale conversion started. Image shape: (100, 100, 3)
2025-12-21 15:53:01 - image_processor - DEBUG - [image_processing.py:53] - RGB to grayscale conversion completed. Result shape: (100, 100)
2025-12-21 15:53:01 - image_processor - INFO - [tests.py:418] - [PASSED] Max values
2025-12-21 15:53:01 - image_processor - DEBUG - [image_processing.py:24] - ImageProcessing instance created
2025-12-21 15:53:01 - image_processor - INFO - [tests.py:402] - TEST: Zero values
2025-12-21 15:53:01 - image_processor - DEBUG - [image_processing.py:46] - RGB to grayscale conversion started. Image shape: (100, 100, 3)
2025-12-21 15:53:01 - image_processor - DEBUG - [image_processing.py:53] - RGB to grayscale conversion completed. Result shape: (100, 100)
2025-12-21 15:53:01 - image_processor - INFO - [tests.py:408] - [PASSED] Zero values
2025-12-21 15:53:01 - image_processor - DEBUG - [image_processing.py:24] - ImageProcessing instance created
2025-12-21 15:53:01 - image_processor - INFO - [tests.py:433] - TEST: Invalid kernel
2025-12-21 15:53:01 - image_processor - DEBUG - [image_processing.py:30] - Convolution started. Image shape: (100, 100), kernel shape: (3,)
2025-12-21 15:53:01 - image_processor - ERROR - [image_processing.py:39] - Convolution failed: weights.ndim (1) must match len(axes) (2)
2025-12-21 15:53:01 - image_processor - INFO - [tests.py:442] - [PASSED] Invalid kernel
2025-12-21 15:53:01 - image_processor - DEBUG - [image_processing.py:24] - ImageProcessing instance created
2025-12-21 15:53:01 - image_processor - INFO - [tests.py:446] - TEST: Large image
2025-12-21 15:53:01 - image_processor - DEBUG - [image_processing.py:46] - RGB to grayscale conversion started. Image shape: (500, 500, 3)
2025-12-21 15:53:01 - image_processor - DEBUG - [image_processing.py:53] - RGB to grayscale conversion completed. Result shape: (500, 500)
2025-12-21 15:53:01 - image_processor - INFO - [tests.py:452] - [PASSED] Large image
2025-12-21 15:53:01 - image_processor - DEBUG - [image_processing.py:24] - ImageProcessing instance created
2025-12-21 15:53:01 - image_processor - INFO - [tests.py:391] - TEST: Single pixel
2025-12-21 15:53:01 - image_processor - DEBUG - [image_processing.py:46] - RGB to grayscale conversion started. Image shape: (1, 1, 3)
2025-12-21 15:53:01 - image_processor - DEBUG - [image_processing.py:53] - RGB to grayscale conversion completed. Result shape: (1, 1)
2025-12-21 15:53:01 - image_processor - INFO - [tests.py:398] - [PASSED] Single pixel
2025-12-21 15:56:19 - image_processor - DEBUG - [async_image_processor.py:44] - AsyncImageProcessor initialized for cat API
2025-12-21 15:56:19 - image_processor - ERROR - [main.py:141] - Error in image processing demo: 'AsyncImageProcessor' object has no attribute 'baseurl'
2025-12-21 15:59:11 - image_processor - DEBUG - [async_image_processor.py:51] - AsyncImageProcessor initialized for cat API
2025-12-21 15:59:11 - image_processor - DEBUG - [image_processing.py:24] - ImageProcessing instance created
2025-12-21 15:59:19 - image_processor - DEBUG - [async_image_processor.py:51] - AsyncImageProcessor initialized for dog API
2025-12-21 15:59:19 - image_processor - DEBUG - [image_processing.py:24] - ImageProcessing instance created
2025-12-21 16:11:28 - image_processor - DEBUG - [async_image_processor.py:51] - AsyncImageProcessor initialized for cat API
2025-12-21 16:11:28 - image_processor - DEBUG - [image_processing.py:24] - ImageProcessing instance created
2025-12-21 16:11:51 - image_processor - DEBUG - [async_image_processor.py:51] - AsyncImageProcessor initialized for dog API
2025-12-21 16:11:51 - image_processor - INFO - [parallel_convolution.py:119] - ParallelConvolutionProcessor initialized with 12 processes (all CPU cores)
2025-12-21 16:11:51 - image_processor - INFO - [async_pipeline.py:53] - AsyncImagePipeline initialized for dog API with chunk_size=5
2025-12-21 16:11:51 - image_processor - INFO - [async_pipeline.py:223] - Pipeline execution started. Total images: 10, Chunk size: 5
2025-12-21 16:11:51 - image_processor - INFO - [async_pipeline.py:164] - Stage 3 started: Saving results
2025-12-21 16:11:51 - image_processor - INFO - [async_pipeline.py:88] - Stage 2 started: Convolution & Arithmetic Operations
2025-12-21 16:11:51 - image_processor - INFO - [async_pipeline.py:59] - Stage 1 started: Downloading 10 images with chunk_size=5
2025-12-21 16:11:51 - image_processor - INFO - [async_image_processor.py:67] - Fetching 10 image URLs from dog API
2025-12-21 16:11:55 - image_processor - INFO - [async_image_processor.py:96] - Successfully fetched 10 image URLs
2025-12-21 16:11:55 - image_processor - INFO - [async_pipeline.py:64] - Total 10 images will be processed in 2 chunk(s)
2025-12-21 16:11:55 - image_processor - INFO - [async_pipeline.py:70] - Processing chunk 1/2: images 1 to 5
2025-12-21 16:11:55 - image_processor - INFO - [async_image_processor.py:144] - Starting parallel download of 5 images
2025-12-21 16:11:55 - image_processor - DEBUG - [async_image_processor.py:113] - Downloading image 1 (breed: Belgian Malinois)
2025-12-21 16:11:55 - image_processor - DEBUG - [async_image_processor.py:113] - Downloading image 2 (breed: American Bully)
2025-12-21 16:11:55 - image_processor - DEBUG - [async_image_processor.py:113] - Downloading image 3 (breed: Alapaha Blue Blood Bulldog)
2025-12-21 16:11:55 - image_processor - DEBUG - [async_image_processor.py:113] - Downloading image 4 (breed: Australian Cattle Dog)
2025-12-21 16:11:55 - image_processor - DEBUG - [async_image_processor.py:113] - Downloading image 5 (breed: Border Collie)
2025-12-21 16:11:56 - image_processor - DEBUG - [async_image_processor.py:131] - Image 2 downloaded successfully (shape: (672, 960, 3))
2025-12-21 16:11:56 - image_processor - DEBUG - [async_image_processor.py:131] - Image 5 downloaded successfully (shape: (1080, 1080, 3))
2025-12-21 16:11:56 - image_processor - DEBUG - [async_image_processor.py:131] - Image 1 downloaded successfully (shape: (256, 390, 3))
2025-12-21 16:11:56 - image_processor - DEBUG - [async_image_processor.py:131] - Image 4 downloaded successfully (shape: (1349, 1080, 3))
2025-12-21 16:11:56 - image_processor - DEBUG - [async_image_processor.py:131] - Image 3 downloaded successfully (shape: (814, 1024, 3))
2025-12-21 16:11:56 - image_processor - INFO - [async_image_processor.py:155] - Parallel download completed: 5/5 successful
2025-12-21 16:11:56 - image_processor - DEBUG - [async_image_processor.py:163] - Creating image objects from 5 metadata entries
2025-12-21 16:11:56 - image_processor - DEBUG - [image_processing.py:24] - ImageProcessing instance created
2025-12-21 16:11:56 - image_processor - DEBUG - [abstract_image.py:35] - CatImage created: breed=Belgian Malinois, shape=(256, 390, 3), url=https://cdn2.thedogapi.com/images/r1f_ll5VX_390x25...
2025-12-21 16:11:56 - image_processor - DEBUG - [async_image_processor.py:184] - Image object created for index 1 (breed: Belgian Malinois)
2025-12-21 16:11:56 - image_processor - DEBUG - [image_processing.py:24] - ImageProcessing instance created
2025-12-21 16:11:56 - image_processor - DEBUG - [abstract_image.py:35] - CatImage created: breed=American Bully, shape=(672, 960, 3), url=https://cdn2.thedogapi.com/images/aENh7kMis.jpg...
2025-12-21 16:11:56 - image_processor - DEBUG - [async_image_processor.py:184] - Image object created for index 2 (breed: American Bully)
2025-12-21 16:11:56 - image_processor - DEBUG - [image_processing.py:24] - ImageProcessing instance created
2025-12-21 16:11:56 - image_processor - DEBUG - [abstract_image.py:35] - CatImage created: breed=Alapaha Blue Blood Bulldog, shape=(814, 1024, 3), url=https://cdn2.thedogapi.com/images/kuvpGHCzm.jpg...
2025-12-21 16:11:56 - image_processor - DEBUG - [async_image_processor.py:184] - Image object created for index 3 (breed: Alapaha Blue Blood Bulldog)
2025-12-21 16:11:56 - image_processor - DEBUG - [image_processing.py:24] - ImageProcessing instance created
2025-12-21 16:11:56 - image_processor - DEBUG - [abstract_image.py:35] - CatImage created: breed=Australian Cattle Dog, shape=(1349, 1080, 3), url=https://cdn2.thedogapi.com/images/oTWQDw9C9.jpg...
2025-12-21 16:11:56 - image_processor - DEBUG - [async_image_processor.py:184] - Image object created for index 4 (breed: Australian Cattle Dog)
2025-12-21 16:11:56 - image_processor - DEBUG - [image_processing.py:24] - ImageProcessing instance created
2025-12-21 16:11:56 - image_processor - DEBUG - [abstract_image.py:35] - CatImage created: breed=Border Collie, shape=(1080, 1080, 3), url=https://cdn2.thedogapi.com/images/BPp0qBhbV.jpg...
2025-12-21 16:11:56 - image_processor - DEBUG - [async_image_processor.py:184] - Image object created for index 5 (breed: Border Collie)
2025-12-21 16:11:56 - image_processor - INFO - [async_image_processor.py:186] - Created 5 image objects
2025-12-21 16:11:56 - image_processor - DEBUG - [async_pipeline.py:76] - Chunk 1: 5 images ready for processing
2025-12-21 16:11:56 - image_processor - DEBUG - [async_pipeline.py:95] - Processing chunk of 5 images
2025-12-21 16:11:56 - image_processor - INFO - [parallel_convolution.py:127] - Starting parallel custom edge detection for 5 images
2025-12-21 16:11:56 - image_processor - INFO - [parallel_convolution.py:144] - Starting parallel library edge detection for 5 images
2025-12-21 16:11:58 - image_processor - DEBUG - [parallel_convolution.py:48] - Library edge detection worker started for image 5 (PID 23368, breed: Border Collie)
2025-12-21 16:11:58 - image_processor - DEBUG - [image_processing.py:24] - ImageProcessing instance created
2025-12-21 16:11:58 - image_processor - DEBUG - [image_processing.py:120] - Edge detection (Canny) started
2025-12-21 16:11:58 - image_processor - DEBUG - [image_processing.py:46] - RGB to grayscale conversion started. Image shape: (1080, 1080, 3)
2025-12-21 16:11:58 - image_processor - DEBUG - [parallel_convolution.py:48] - Library edge detection worker started for image 1 (PID 9424, breed: Belgian Malinois)
2025-12-21 16:11:58 - image_processor - DEBUG - [image_processing.py:24] - ImageProcessing instance created
2025-12-21 16:11:58 - image_processor - DEBUG - [image_processing.py:120] - Edge detection (Canny) started
2025-12-21 16:11:58 - image_processor - DEBUG - [image_processing.py:46] - RGB to grayscale conversion started. Image shape: (256, 390, 3)
2025-12-21 16:11:58 - image_processor - DEBUG - [image_processing.py:53] - RGB to grayscale conversion completed. Result shape: (256, 390)
2025-12-21 16:11:58 - image_processor - DEBUG - [image_processing.py:30] - Convolution started. Image shape: (256, 390), kernel shape: (3, 3)
2025-12-21 16:11:58 - image_processor - DEBUG - [image_processing.py:36] - Convolution completed in 0.0015 seconds
2025-12-21 16:11:58 - image_processor - DEBUG - [image_processing.py:30] - Convolution started. Image shape: (256, 390), kernel shape: (3, 3)
2025-12-21 16:11:58 - image_processor - DEBUG - [parallel_convolution.py:48] - Library edge detection worker started for image 3 (PID 22036, breed: Alapaha Blue Blood Bulldog)
2025-12-21 16:11:58 - image_processor - DEBUG - [image_processing.py:24] - ImageProcessing instance created
2025-12-21 16:11:58 - image_processor - DEBUG - [image_processing.py:120] - Edge detection (Canny) started
2025-12-21 16:11:58 - image_processor - DEBUG - [image_processing.py:46] - RGB to grayscale conversion started. Image shape: (814, 1024, 3)
2025-12-21 16:11:58 - image_processor - DEBUG - [image_processing.py:36] - Convolution completed in 0.0019 seconds
2025-12-21 16:11:58 - image_processor - DEBUG - [image_processing.py:91] - Non-maximum suppression started
2025-12-21 16:11:58 - image_processor - DEBUG - [parallel_convolution.py:28] - Convolution worker started for image 5 (PID 8080, breed: Border Collie)
2025-12-21 16:11:58 - image_processor - DEBUG - [image_processing.py:24] - ImageProcessing instance created
2025-12-21 16:11:58 - image_processor - DEBUG - [image_processing.py:120] - Edge detection (Canny) started
2025-12-21 16:11:58 - image_processor - DEBUG - [image_processing.py:46] - RGB to grayscale conversion started. Image shape: (1080, 1080, 3)
2025-12-21 16:11:58 - image_processor - DEBUG - [parallel_convolution.py:48] - Library edge detection worker started for image 2 (PID 4896, breed: American Bully)
2025-12-21 16:11:58 - image_processor - DEBUG - [image_processing.py:24] - ImageProcessing instance created
2025-12-21 16:11:58 - image_processor - DEBUG - [image_processing.py:120] - Edge detection (Canny) started
2025-12-21 16:11:58 - image_processor - DEBUG - [image_processing.py:46] - RGB to grayscale conversion started. Image shape: (672, 960, 3)
2025-12-21 16:11:58 - image_processor - DEBUG - [parallel_convolution.py:28] - Convolution worker started for image 1 (PID 8360, breed: Belgian Malinois)
2025-12-21 16:11:58 - image_processor - DEBUG - [image_processing.py:24] - ImageProcessing instance created
2025-12-21 16:11:58 - image_processor - DEBUG - [image_processing.py:120] - Edge detection (Canny) started
2025-12-21 16:11:58 - image_processor - DEBUG - [image_processing.py:46] - RGB to grayscale conversion started. Image shape: (256, 390, 3)
2025-12-21 16:11:58 - image_processor - DEBUG - [parallel_convolution.py:28] - Convolution worker started for image 4 (PID 21976, breed: Australian Cattle Dog)
2025-12-21 16:11:58 - image_processor - DEBUG - [image_processing.py:24] - ImageProcessing instance created
2025-12-21 16:11:58 - image_processor - DEBUG - [image_processing.py:120] - Edge detection (Canny) started
2025-12-21 16:11:58 - image_processor - DEBUG - [image_processing.py:46] - RGB to grayscale conversion started. Image shape: (1349, 1080, 3)
2025-12-21 16:11:58 - image_processor - DEBUG - [image_processing.py:53] - RGB to grayscale conversion completed. Result shape: (256, 390)
2025-12-21 16:11:58 - image_processor - DEBUG - [image_processing.py:30] - Convolution started. Image shape: (256, 390), kernel shape: (3, 3)
2025-12-21 16:11:58 - image_processor - DEBUG - [image_processing.py:36] - Convolution completed in 0.0018 seconds
2025-12-21 16:11:58 - image_processor - DEBUG - [image_processing.py:30] - Convolution started. Image shape: (256, 390), kernel shape: (3, 3)
2025-12-21 16:11:58 - image_processor - DEBUG - [image_processing.py:36] - Convolution completed in 0.0016 seconds
2025-12-21 16:11:58 - image_processor - DEBUG - [image_processing.py:91] - Non-maximum suppression started
2025-12-21 16:11:58 - image_processor - DEBUG - [parallel_convolution.py:48] - Library edge detection worker started for image 4 (PID 13032, breed: Australian Cattle Dog)
2025-12-21 16:11:58 - image_processor - DEBUG - [image_processing.py:24] - ImageProcessing instance created
2025-12-21 16:11:58 - image_processor - DEBUG - [parallel_convolution.py:28] - Convolution worker started for image 2 (PID 20040, breed: American Bully)
2025-12-21 16:11:58 - image_processor - DEBUG - [image_processing.py:120] - Edge detection (Canny) started
2025-12-21 16:11:58 - image_processor - DEBUG - [image_processing.py:46] - RGB to grayscale conversion started. Image shape: (1349, 1080, 3)
2025-12-21 16:11:58 - image_processor - DEBUG - [image_processing.py:24] - ImageProcessing instance created
2025-12-21 16:11:58 - image_processor - DEBUG - [image_processing.py:120] - Edge detection (Canny) started
2025-12-21 16:11:58 - image_processor - DEBUG - [image_processing.py:46] - RGB to grayscale conversion started. Image shape: (672, 960, 3)
2025-12-21 16:11:58 - image_processor - DEBUG - [image_processing.py:53] - RGB to grayscale conversion completed. Result shape: (1080, 1080)
2025-12-21 16:11:58 - image_processor - DEBUG - [image_processing.py:53] - RGB to grayscale conversion completed. Result shape: (814, 1024)
2025-12-21 16:11:58 - image_processor - DEBUG - [image_processing.py:53] - RGB to grayscale conversion completed. Result shape: (672, 960)
2025-12-21 16:11:58 - image_processor - DEBUG - [image_processing.py:30] - Convolution started. Image shape: (1080, 1080), kernel shape: (3, 3)
2025-12-21 16:11:58 - image_processor - DEBUG - [image_processing.py:30] - Convolution started. Image shape: (814, 1024), kernel shape: (3, 3)
2025-12-21 16:11:58 - image_processor - DEBUG - [image_processing.py:30] - Convolution started. Image shape: (672, 960), kernel shape: (3, 3)
2025-12-21 16:11:58 - image_processor - DEBUG - [image_processing.py:36] - Convolution completed in 0.0093 seconds
2025-12-21 16:11:58 - image_processor - DEBUG - [image_processing.py:53] - RGB to grayscale conversion completed. Result shape: (672, 960)
2025-12-21 16:11:58 - image_processor - DEBUG - [image_processing.py:30] - Convolution started. Image shape: (672, 960), kernel shape: (3, 3)
2025-12-21 16:11:58 - image_processor - DEBUG - [image_processing.py:30] - Convolution started. Image shape: (672, 960), kernel shape: (3, 3)
2025-12-21 16:11:58 - image_processor - DEBUG - [image_processing.py:36] - Convolution completed in 0.0129 seconds
2025-12-21 16:11:58 - image_processor - DEBUG - [image_processing.py:53] - RGB to grayscale conversion completed. Result shape: (1080, 1080)
2025-12-21 16:11:58 - image_processor - DEBUG - [image_processing.py:30] - Convolution started. Image shape: (814, 1024), kernel shape: (3, 3)
2025-12-21 16:11:58 - image_processor - DEBUG - [parallel_convolution.py:28] - Convolution worker started for image 3 (PID 3492, breed: Alapaha Blue Blood Bulldog)
2025-12-21 16:11:58 - image_processor - DEBUG - [image_processing.py:24] - ImageProcessing instance created
2025-12-21 16:11:58 - image_processor - DEBUG - [image_processing.py:120] - Edge detection (Canny) started
2025-12-21 16:11:58 - image_processor - DEBUG - [image_processing.py:46] - RGB to grayscale conversion started. Image shape: (814, 1024, 3)
2025-12-21 16:11:58 - image_processor - DEBUG - [image_processing.py:36] - Convolution completed in 0.0166 seconds
2025-12-21 16:11:58 - image_processor - DEBUG - [image_processing.py:30] - Convolution started. Image shape: (1080, 1080), kernel shape: (3, 3)
2025-12-21 16:11:58 - image_processor - DEBUG - [image_processing.py:36] - Convolution completed in 0.0089 seconds
2025-12-21 16:11:58 - image_processor - DEBUG - [image_processing.py:36] - Convolution completed in 0.0099 seconds
2025-12-21 16:11:58 - image_processor - DEBUG - [image_processing.py:30] - Convolution started. Image shape: (672, 960), kernel shape: (3, 3)
2025-12-21 16:11:58 - image_processor - DEBUG - [image_processing.py:53] - RGB to grayscale conversion completed. Result shape: (1349, 1080)
2025-12-21 16:11:58 - image_processor - DEBUG - [image_processing.py:30] - Convolution started. Image shape: (1349, 1080), kernel shape: (3, 3)
2025-12-21 16:11:58 - image_processor - DEBUG - [image_processing.py:36] - Convolution completed in 0.0132 seconds
2025-12-21 16:11:58 - image_processor - DEBUG - [image_processing.py:36] - Convolution completed in 0.0158 seconds
2025-12-21 16:11:58 - image_processor - DEBUG - [image_processing.py:36] - Convolution completed in 0.0100 seconds
2025-12-21 16:11:58 - image_processor - DEBUG - [image_processing.py:30] - Convolution started. Image shape: (1080, 1080), kernel shape: (3, 3)
2025-12-21 16:11:58 - image_processor - DEBUG - [image_processing.py:36] - Convolution completed in 0.0162 seconds
2025-12-21 16:11:58 - image_processor - DEBUG - [image_processing.py:91] - Non-maximum suppression started
2025-12-21 16:11:58 - image_processor - DEBUG - [image_processing.py:53] - RGB to grayscale conversion completed. Result shape: (1349, 1080)
2025-12-21 16:11:58 - image_processor - DEBUG - [image_processing.py:30] - Convolution started. Image shape: (1349, 1080), kernel shape: (3, 3)
2025-12-21 16:11:58 - image_processor - DEBUG - [image_processing.py:53] - RGB to grayscale conversion completed. Result shape: (814, 1024)
2025-12-21 16:11:58 - image_processor - DEBUG - [image_processing.py:36] - Convolution completed in 0.0180 seconds
2025-12-21 16:11:58 - image_processor - DEBUG - [image_processing.py:30] - Convolution started. Image shape: (814, 1024), kernel shape: (3, 3)
2025-12-21 16:11:58 - image_processor - DEBUG - [image_processing.py:30] - Convolution started. Image shape: (1349, 1080), kernel shape: (3, 3)
2025-12-21 16:11:58 - image_processor - DEBUG - [image_processing.py:91] - Non-maximum suppression started
2025-12-21 16:11:58 - image_processor - DEBUG - [image_processing.py:91] - Non-maximum suppression started
2025-12-21 16:11:58 - image_processor - DEBUG - [image_processing.py:36] - Convolution completed in 0.0171 seconds
2025-12-21 16:11:58 - image_processor - DEBUG - [image_processing.py:36] - Convolution completed in 0.0124 seconds
2025-12-21 16:11:58 - image_processor - DEBUG - [image_processing.py:30] - Convolution started. Image shape: (814, 1024), kernel shape: (3, 3)
2025-12-21 16:11:58 - image_processor - DEBUG - [image_processing.py:91] - Non-maximum suppression started
2025-12-21 16:11:58 - image_processor - DEBUG - [image_processing.py:36] - Convolution completed in 0.0203 seconds
2025-12-21 16:11:58 - image_processor - DEBUG - [image_processing.py:30] - Convolution started. Image shape: (1349, 1080), kernel shape: (3, 3)
2025-12-21 16:11:58 - image_processor - DEBUG - [image_processing.py:36] - Convolution completed in 0.0173 seconds
2025-12-21 16:11:58 - image_processor - DEBUG - [image_processing.py:36] - Convolution completed in 0.0111 seconds
2025-12-21 16:11:58 - image_processor - DEBUG - [image_processing.py:91] - Non-maximum suppression started
2025-12-21 16:11:58 - image_processor - DEBUG - [image_processing.py:36] - Convolution completed in 0.0187 seconds
2025-12-21 16:11:58 - image_processor - DEBUG - [image_processing.py:91] - Non-maximum suppression started
2025-12-21 16:11:58 - image_processor - DEBUG - [image_processing.py:91] - Non-maximum suppression started
2025-12-21 16:11:58 - image_processor - DEBUG - [image_processing.py:113] - Non-maximum suppression completed
2025-12-21 16:11:58 - image_processor - DEBUG - [image_processing.py:139] - Edge detection completed in 0.1478 seconds
2025-12-21 16:11:58 - image_processor - DEBUG - [parallel_convolution.py:53] - Library edge detection worker finished for image 1 (PID 9424)
2025-12-21 16:11:58 - image_processor - DEBUG - [image_processing.py:113] - Non-maximum suppression completed
2025-12-21 16:11:58 - image_processor - DEBUG - [image_processing.py:139] - Edge detection completed in 0.1423 seconds
2025-12-21 16:11:58 - image_processor - DEBUG - [parallel_convolution.py:33] - Convolution worker finished for image 1 (PID 8360)
2025-12-21 16:11:58 - image_processor - DEBUG - [image_processing.py:91] - Non-maximum suppression started
2025-12-21 16:11:58 - image_processor - DEBUG - [image_processing.py:113] - Non-maximum suppression completed
2025-12-21 16:11:58 - image_processor - DEBUG - [image_processing.py:139] - Edge detection completed in 0.8700 seconds
2025-12-21 16:11:58 - image_processor - DEBUG - [parallel_convolution.py:33] - Convolution worker finished for image 2 (PID 20040)
2025-12-21 16:11:58 - image_processor - DEBUG - [image_processing.py:113] - Non-maximum suppression completed
2025-12-21 16:11:58 - image_processor - DEBUG - [image_processing.py:139] - Edge detection completed in 0.9034 seconds
2025-12-21 16:11:58 - image_processor - DEBUG - [parallel_convolution.py:53] - Library edge detection worker finished for image 2 (PID 4896)
2025-12-21 16:11:59 - image_processor - DEBUG - [image_processing.py:113] - Non-maximum suppression completed
2025-12-21 16:11:59 - image_processor - DEBUG - [image_processing.py:139] - Edge detection completed in 1.1657 seconds
2025-12-21 16:11:59 - image_processor - DEBUG - [parallel_convolution.py:53] - Library edge detection worker finished for image 3 (PID 22036)
2025-12-21 16:11:59 - image_processor - DEBUG - [image_processing.py:113] - Non-maximum suppression completed
2025-12-21 16:11:59 - image_processor - DEBUG - [image_processing.py:139] - Edge detection completed in 1.1581 seconds
2025-12-21 16:11:59 - image_processor - DEBUG - [parallel_convolution.py:33] - Convolution worker finished for image 3 (PID 3492)
2025-12-21 16:11:59 - image_processor - DEBUG - [image_processing.py:113] - Non-maximum suppression completed
2025-12-21 16:11:59 - image_processor - DEBUG - [image_processing.py:139] - Edge detection completed in 1.4161 seconds
2025-12-21 16:11:59 - image_processor - DEBUG - [parallel_convolution.py:33] - Convolution worker finished for image 5 (PID 8080)
2025-12-21 16:11:59 - image_processor - DEBUG - [image_processing.py:113] - Non-maximum suppression completed
2025-12-21 16:11:59 - image_processor - DEBUG - [image_processing.py:139] - Edge detection completed in 1.4800 seconds
2025-12-21 16:11:59 - image_processor - DEBUG - [parallel_convolution.py:53] - Library edge detection worker finished for image 5 (PID 23368)
2025-12-21 16:11:59 - image_processor - DEBUG - [image_processing.py:113] - Non-maximum suppression completed
2025-12-21 16:11:59 - image_processor - DEBUG - [image_processing.py:139] - Edge detection completed in 1.7201 seconds
2025-12-21 16:11:59 - image_processor - DEBUG - [parallel_convolution.py:33] - Convolution worker finished for image 4 (PID 21976)
2025-12-21 16:11:59 - image_processor - INFO - [parallel_convolution.py:137] - Parallel custom edge detection completed for 5 images
2025-12-21 16:11:59 - image_processor - DEBUG - [image_processing.py:113] - Non-maximum suppression completed
2025-12-21 16:11:59 - image_processor - DEBUG - [image_processing.py:139] - Edge detection completed in 1.7954 seconds
2025-12-21 16:11:59 - image_processor - DEBUG - [parallel_convolution.py:53] - Library edge detection worker finished for image 4 (PID 13032)
2025-12-21 16:11:59 - image_processor - INFO - [parallel_convolution.py:154] - Parallel library edge detection completed for 5 images
2025-12-21 16:11:59 - image_processor - DEBUG - [async_pipeline.py:113] - Edge detection completed
2025-12-21 16:11:59 - image_processor - INFO - [parallel_convolution.py:166] - Starting parallel arithmetic operations for 5 images
2025-12-21 16:12:00 - image_processor - DEBUG - [parallel_convolution.py:70] - Arithmetic operations worker started for image 2 (PID 15696, breed: American Bully)
2025-12-21 16:12:00 - image_processor - DEBUG - [abstract_image.py:141] - Addition operation started
2025-12-21 16:12:00 - image_processor - DEBUG - [abstract_image.py:129] - Converting grayscale to RGB (3 channels)
2025-12-21 16:12:00 - image_processor - DEBUG - [parallel_convolution.py:70] - Arithmetic operations worker started for image 3 (PID 6324, breed: Alapaha Blue Blood Bulldog)
2025-12-21 16:12:00 - image_processor - DEBUG - [parallel_convolution.py:70] - Arithmetic operations worker started for image 5 (PID 15748, breed: Border Collie)
2025-12-21 16:12:00 - image_processor - DEBUG - [abstract_image.py:141] - Addition operation started
2025-12-21 16:12:00 - image_processor - DEBUG - [abstract_image.py:141] - Addition operation started
2025-12-21 16:12:00 - image_processor - DEBUG - [abstract_image.py:129] - Converting grayscale to RGB (3 channels)
2025-12-21 16:12:00 - image_processor - DEBUG - [abstract_image.py:129] - Converting grayscale to RGB (3 channels)
2025-12-21 16:12:00 - image_processor - DEBUG - [parallel_convolution.py:70] - Arithmetic operations worker started for image 1 (PID 692, breed: Belgian Malinois)
2025-12-21 16:12:00 - image_processor - DEBUG - [abstract_image.py:141] - Addition operation started
2025-12-21 16:12:00 - image_processor - DEBUG - [abstract_image.py:129] - Converting grayscale to RGB (3 channels)
2025-12-21 16:12:00 - image_processor - DEBUG - [abstract_image.py:166] - Addition operation completed. Result shape: (256, 390, 3)
2025-12-21 16:12:00 - image_processor - DEBUG - [image_processing.py:24] - ImageProcessing instance created
2025-12-21 16:12:00 - image_processor - DEBUG - [abstract_image.py:35] - CatImage created: breed=Belgian Malinois+processed, shape=(256, 390, 3), url=combined_Belgian Malinois...
2025-12-21 16:12:00 - image_processor - DEBUG - [abstract_image.py:173] - Subtraction operation started
2025-12-21 16:12:00 - image_processor - DEBUG - [abstract_image.py:129] - Converting grayscale to RGB (3 channels)
2025-12-21 16:12:00 - image_processor - DEBUG - [abstract_image.py:198] - Subtraction operation completed. Result shape: (256, 390, 3)
2025-12-21 16:12:00 - image_processor - DEBUG - [image_processing.py:24] - ImageProcessing instance created
2025-12-21 16:12:00 - image_processor - DEBUG - [abstract_image.py:35] - CatImage created: breed=Belgian Malinois-processed, shape=(256, 390, 3), url=subtracted_Belgian Malinois...
2025-12-21 16:12:00 - image_processor - DEBUG - [abstract_image.py:141] - Addition operation started
2025-12-21 16:12:00 - image_processor - DEBUG - [abstract_image.py:129] - Converting grayscale to RGB (3 channels)
2025-12-21 16:12:00 - image_processor - DEBUG - [parallel_convolution.py:70] - Arithmetic operations worker started for image 4 (PID 9536, breed: Australian Cattle Dog)
2025-12-21 16:12:00 - image_processor - DEBUG - [abstract_image.py:141] - Addition operation started
2025-12-21 16:12:00 - image_processor - DEBUG - [abstract_image.py:129] - Converting grayscale to RGB (3 channels)
2025-12-21 16:12:00 - image_processor - DEBUG - [abstract_image.py:166] - Addition operation completed. Result shape: (256, 390, 3)
2025-12-21 16:12:00 - image_processor - DEBUG - [image_processing.py:24] - ImageProcessing instance created
2025-12-21 16:12:00 - image_processor - DEBUG - [abstract_image.py:35] - CatImage created: breed=Belgian Malinois+processed, shape=(256, 390, 3), url=combined_Belgian Malinois...
2025-12-21 16:12:00 - image_processor - DEBUG - [abstract_image.py:173] - Subtraction operation started
2025-12-21 16:12:00 - image_processor - DEBUG - [abstract_image.py:129] - Converting grayscale to RGB (3 channels)
2025-12-21 16:12:00 - image_processor - DEBUG - [abstract_image.py:198] - Subtraction operation completed. Result shape: (256, 390, 3)
2025-12-21 16:12:00 - image_processor - DEBUG - [image_processing.py:24] - ImageProcessing instance created
2025-12-21 16:12:00 - image_processor - DEBUG - [abstract_image.py:35] - CatImage created: breed=Belgian Malinois-processed, shape=(256, 390, 3), url=subtracted_Belgian Malinois...
2025-12-21 16:12:00 - image_processor - DEBUG - [parallel_convolution.py:85] - Arithmetic operations worker finished for image 1 (PID 692)
2025-12-21 16:12:00 - image_processor - DEBUG - [abstract_image.py:166] - Addition operation completed. Result shape: (672, 960, 3)
2025-12-21 16:12:00 - image_processor - DEBUG - [image_processing.py:24] - ImageProcessing instance created
2025-12-21 16:12:00 - image_processor - DEBUG - [abstract_image.py:35] - CatImage created: breed=American Bully+processed, shape=(672, 960, 3), url=combined_American Bully...
2025-12-21 16:12:00 - image_processor - DEBUG - [abstract_image.py:173] - Subtraction operation started
2025-12-21 16:12:00 - image_processor - DEBUG - [abstract_image.py:129] - Converting grayscale to RGB (3 channels)
2025-12-21 16:12:00 - image_processor - DEBUG - [abstract_image.py:166] - Addition operation completed. Result shape: (814, 1024, 3)
2025-12-21 16:12:00 - image_processor - DEBUG - [image_processing.py:24] - ImageProcessing instance created
2025-12-21 16:12:00 - image_processor - DEBUG - [abstract_image.py:35] - CatImage created: breed=Alapaha Blue Blood Bulldog+processed, shape=(814, 1024, 3), url=combined_Alapaha Blue Blood Bulldog...
2025-12-21 16:12:00 - image_processor - DEBUG - [abstract_image.py:173] - Subtraction operation started
2025-12-21 16:12:00 - image_processor - DEBUG - [abstract_image.py:129] - Converting grayscale to RGB (3 channels)
2025-12-21 16:12:00 - image_processor - DEBUG - [abstract_image.py:166] - Addition operation completed. Result shape: (1080, 1080, 3)
2025-12-21 16:12:00 - image_processor - DEBUG - [image_processing.py:24] - ImageProcessing instance created
2025-12-21 16:12:00 - image_processor - DEBUG - [abstract_image.py:35] - CatImage created: breed=Border Collie+processed, shape=(1080, 1080, 3), url=combined_Border Collie...
2025-12-21 16:12:00 - image_processor - DEBUG - [abstract_image.py:173] - Subtraction operation started
2025-12-21 16:12:00 - image_processor - DEBUG - [abstract_image.py:129] - Converting grayscale to RGB (3 channels)
2025-12-21 16:12:00 - image_processor - DEBUG - [abstract_image.py:198] - Subtraction operation completed. Result shape: (672, 960, 3)
2025-12-21 16:12:00 - image_processor - DEBUG - [image_processing.py:24] - ImageProcessing instance created
2025-12-21 16:12:00 - image_processor - DEBUG - [abstract_image.py:35] - CatImage created: breed=American Bully-processed, shape=(672, 960, 3), url=subtracted_American Bully...
2025-12-21 16:12:00 - image_processor - DEBUG - [abstract_image.py:141] - Addition operation started
2025-12-21 16:12:00 - image_processor - DEBUG - [abstract_image.py:129] - Converting grayscale to RGB (3 channels)
2025-12-21 16:12:00 - image_processor - DEBUG - [abstract_image.py:166] - Addition operation completed. Result shape: (1349, 1080, 3)
2025-12-21 16:12:00 - image_processor - DEBUG - [image_processing.py:24] - ImageProcessing instance created
2025-12-21 16:12:00 - image_processor - DEBUG - [abstract_image.py:35] - CatImage created: breed=Australian Cattle Dog+processed, shape=(1349, 1080, 3), url=combined_Australian Cattle Dog...
2025-12-21 16:12:00 - image_processor - DEBUG - [abstract_image.py:173] - Subtraction operation started
2025-12-21 16:12:00 - image_processor - DEBUG - [abstract_image.py:129] - Converting grayscale to RGB (3 channels)
2025-12-21 16:12:00 - image_processor - DEBUG - [abstract_image.py:198] - Subtraction operation completed. Result shape: (814, 1024, 3)
2025-12-21 16:12:00 - image_processor - DEBUG - [image_processing.py:24] - ImageProcessing instance created
2025-12-21 16:12:00 - image_processor - DEBUG - [abstract_image.py:35] - CatImage created: breed=Alapaha Blue Blood Bulldog-processed, shape=(814, 1024, 3), url=subtracted_Alapaha Blue Blood Bulldog...
2025-12-21 16:12:00 - image_processor - DEBUG - [abstract_image.py:141] - Addition operation started
2025-12-21 16:12:00 - image_processor - DEBUG - [abstract_image.py:129] - Converting grayscale to RGB (3 channels)
2025-12-21 16:12:00 - image_processor - DEBUG - [abstract_image.py:166] - Addition operation completed. Result shape: (672, 960, 3)
2025-12-21 16:12:00 - image_processor - DEBUG - [image_processing.py:24] - ImageProcessing instance created
2025-12-21 16:12:00 - image_processor - DEBUG - [abstract_image.py:35] - CatImage created: breed=American Bully+processed, shape=(672, 960, 3), url=combined_American Bully...
2025-12-21 16:12:00 - image_processor - DEBUG - [abstract_image.py:173] - Subtraction operation started
2025-12-21 16:12:00 - image_processor - DEBUG - [abstract_image.py:129] - Converting grayscale to RGB (3 channels)
2025-12-21 16:12:00 - image_processor - DEBUG - [abstract_image.py:198] - Subtraction operation completed. Result shape: (1080, 1080, 3)
2025-12-21 16:12:00 - image_processor - DEBUG - [image_processing.py:24] - ImageProcessing instance created
2025-12-21 16:12:00 - image_processor - DEBUG - [abstract_image.py:35] - CatImage created: breed=Border Collie-processed, shape=(1080, 1080, 3), url=subtracted_Border Collie...
2025-12-21 16:12:00 - image_processor - DEBUG - [abstract_image.py:141] - Addition operation started
2025-12-21 16:12:00 - image_processor - DEBUG - [abstract_image.py:129] - Converting grayscale to RGB (3 channels)
2025-12-21 16:12:00 - image_processor - DEBUG - [abstract_image.py:166] - Addition operation completed. Result shape: (814, 1024, 3)
2025-12-21 16:12:00 - image_processor - DEBUG - [image_processing.py:24] - ImageProcessing instance created
2025-12-21 16:12:00 - image_processor - DEBUG - [abstract_image.py:35] - CatImage created: breed=Alapaha Blue Blood Bulldog+processed, shape=(814, 1024, 3), url=combined_Alapaha Blue Blood Bulldog...
2025-12-21 16:12:00 - image_processor - DEBUG - [abstract_image.py:173] - Subtraction operation started
2025-12-21 16:12:00 - image_processor - DEBUG - [abstract_image.py:129] - Converting grayscale to RGB (3 channels)
2025-12-21 16:12:00 - image_processor - DEBUG - [abstract_image.py:198] - Subtraction operation completed. Result shape: (672, 960, 3)
2025-12-21 16:12:00 - image_processor - DEBUG - [image_processing.py:24] - ImageProcessing instance created
2025-12-21 16:12:00 - image_processor - DEBUG - [abstract_image.py:35] - CatImage created: breed=American Bully-processed, shape=(672, 960, 3), url=subtracted_American Bully...
2025-12-21 16:12:00 - image_processor - DEBUG - [parallel_convolution.py:85] - Arithmetic operations worker finished for image 2 (PID 15696)
2025-12-21 16:12:00 - image_processor - DEBUG - [abstract_image.py:198] - Subtraction operation completed. Result shape: (1349, 1080, 3)
2025-12-21 16:12:00 - image_processor - DEBUG - [image_processing.py:24] - ImageProcessing instance created
2025-12-21 16:12:00 - image_processor - DEBUG - [abstract_image.py:35] - CatImage created: breed=Australian Cattle Dog-processed, shape=(1349, 1080, 3), url=subtracted_Australian Cattle Dog...
2025-12-21 16:12:00 - image_processor - DEBUG - [abstract_image.py:141] - Addition operation started
2025-12-21 16:12:00 - image_processor - DEBUG - [abstract_image.py:129] - Converting grayscale to RGB (3 channels)
2025-12-21 16:12:00 - image_processor - DEBUG - [abstract_image.py:198] - Subtraction operation completed. Result shape: (814, 1024, 3)
2025-12-21 16:12:00 - image_processor - DEBUG - [image_processing.py:24] - ImageProcessing instance created
2025-12-21 16:12:00 - image_processor - DEBUG - [abstract_image.py:35] - CatImage created: breed=Alapaha Blue Blood Bulldog-processed, shape=(814, 1024, 3), url=subtracted_Alapaha Blue Blood Bulldog...
2025-12-21 16:12:00 - image_processor - DEBUG - [parallel_convolution.py:85] - Arithmetic operations worker finished for image 3 (PID 6324)
2025-12-21 16:12:00 - image_processor - DEBUG - [abstract_image.py:166] - Addition operation completed. Result shape: (1080, 1080, 3)
2025-12-21 16:12:00 - image_processor - DEBUG - [image_processing.py:24] - ImageProcessing instance created
2025-12-21 16:12:00 - image_processor - DEBUG - [abstract_image.py:35] - CatImage created: breed=Border Collie+processed, shape=(1080, 1080, 3), url=combined_Border Collie...
2025-12-21 16:12:00 - image_processor - DEBUG - [abstract_image.py:173] - Subtraction operation started
2025-12-21 16:12:00 - image_processor - DEBUG - [abstract_image.py:129] - Converting grayscale to RGB (3 channels)
2025-12-21 16:12:00 - image_processor - DEBUG - [abstract_image.py:166] - Addition operation completed. Result shape: (1349, 1080, 3)
2025-12-21 16:12:00 - image_processor - DEBUG - [image_processing.py:24] - ImageProcessing instance created
2025-12-21 16:12:00 - image_processor - DEBUG - [abstract_image.py:35] - CatImage created: breed=Australian Cattle Dog+processed, shape=(1349, 1080, 3), url=combined_Australian Cattle Dog...
2025-12-21 16:12:00 - image_processor - DEBUG - [abstract_image.py:173] - Subtraction operation started
2025-12-21 16:12:00 - image_processor - DEBUG - [abstract_image.py:129] - Converting grayscale to RGB (3 channels)
2025-12-21 16:12:00 - image_processor - DEBUG - [abstract_image.py:198] - Subtraction operation completed. Result shape: (1080, 1080, 3)
2025-12-21 16:12:00 - image_processor - DEBUG - [image_processing.py:24] - ImageProcessing instance created
2025-12-21 16:12:00 - image_processor - DEBUG - [abstract_image.py:35] - CatImage created: breed=Border Collie-processed, shape=(1080, 1080, 3), url=subtracted_Border Collie...
2025-12-21 16:12:00 - image_processor - DEBUG - [parallel_convolution.py:85] - Arithmetic operations worker finished for image 5 (PID 15748)
2025-12-21 16:12:00 - image_processor - DEBUG - [abstract_image.py:198] - Subtraction operation completed. Result shape: (1349, 1080, 3)
2025-12-21 16:12:00 - image_processor - DEBUG - [image_processing.py:24] - ImageProcessing instance created
2025-12-21 16:12:00 - image_processor - DEBUG - [abstract_image.py:35] - CatImage created: breed=Australian Cattle Dog-processed, shape=(1349, 1080, 3), url=subtracted_Australian Cattle Dog...
2025-12-21 16:12:00 - image_processor - DEBUG - [parallel_convolution.py:85] - Arithmetic operations worker finished for image 4 (PID 9536)
2025-12-21 16:12:00 - image_processor - INFO - [parallel_convolution.py:193] - Parallel arithmetic operations completed for 5 images
2025-12-21 16:12:00 - image_processor - DEBUG - [async_pipeline.py:124] - Arithmetic operations completed
2025-12-21 16:12:00 - image_processor - DEBUG - [async_pipeline.py:152] - Chunk processed: 5 images with all operations completed
2025-12-21 16:12:00 - image_processor - DEBUG - [async_pipeline.py:187] - Saving image 1 (Belgian Malinois)
2025-12-21 16:12:00 - image_processor - DEBUG - [async_pipeline.py:187] - Saving image 2 (American Bully)
2025-12-21 16:12:00 - image_processor - DEBUG - [async_pipeline.py:187] - Saving image 3 (Alapaha Blue Blood Bulldog)
2025-12-21 16:12:00 - image_processor - DEBUG - [async_pipeline.py:187] - Saving image 4 (Australian Cattle Dog)
2025-12-21 16:12:00 - image_processor - DEBUG - [async_pipeline.py:187] - Saving image 5 (Border Collie)
2025-12-21 16:12:01 - image_processor - DEBUG - [async_pipeline.py:203] - Image 1 saved (3 files)
2025-12-21 16:12:01 - image_processor - DEBUG - [async_pipeline.py:203] - Image 2 saved (3 files)
2025-12-21 16:12:01 - image_processor - DEBUG - [async_pipeline.py:203] - Image 3 saved (3 files)
2025-12-21 16:12:01 - image_processor - DEBUG - [async_pipeline.py:203] - Image 4 saved (3 files)
2025-12-21 16:12:01 - image_processor - DEBUG - [async_pipeline.py:203] - Image 5 saved (3 files)
2025-12-21 16:12:01 - image_processor - INFO - [async_pipeline.py:70] - Processing chunk 2/2: images 6 to 10
2025-12-21 16:12:01 - image_processor - INFO - [async_image_processor.py:144] - Starting parallel download of 5 images
2025-12-21 16:12:01 - image_processor - DEBUG - [async_image_processor.py:113] - Downloading image 6 (breed: Cocker Spaniel)
2025-12-21 16:12:01 - image_processor - DEBUG - [async_image_processor.py:113] - Downloading image 7 (breed: Cocker Spaniel)
2025-12-21 16:12:01 - image_processor - DEBUG - [async_image_processor.py:113] - Downloading image 8 (breed: Finnish Spitz)
2025-12-21 16:12:01 - image_processor - DEBUG - [async_image_processor.py:113] - Downloading image 9 (breed: Kooikerhondje)
2025-12-21 16:12:01 - image_processor - DEBUG - [async_image_processor.py:113] - Downloading image 10 (breed: Shiba Inu)
2025-12-21 16:12:02 - image_processor - DEBUG - [async_image_processor.py:131] - Image 10 downloaded successfully (shape: (1080, 1080, 3))
2025-12-21 16:12:02 - image_processor - DEBUG - [async_image_processor.py:131] - Image 8 downloaded successfully (shape: (481, 640, 3))
2025-12-21 16:12:02 - image_processor - DEBUG - [async_image_processor.py:131] - Image 7 downloaded successfully (shape: (1080, 1080, 3))
2025-12-21 16:12:02 - image_processor - DEBUG - [async_image_processor.py:131] - Image 6 downloaded successfully (shape: (1080, 1080, 3))
2025-12-21 16:12:02 - image_processor - DEBUG - [async_image_processor.py:131] - Image 9 downloaded successfully (shape: (720, 1280, 3))
2025-12-21 16:12:02 - image_processor - INFO - [async_image_processor.py:155] - Parallel download completed: 5/5 successful
2025-12-21 16:12:02 - image_processor - DEBUG - [async_image_processor.py:163] - Creating image objects from 5 metadata entries
2025-12-21 16:12:02 - image_processor - DEBUG - [image_processing.py:24] - ImageProcessing instance created
2025-12-21 16:12:02 - image_processor - DEBUG - [abstract_image.py:35] - CatImage created: breed=Cocker Spaniel, shape=(1080, 1080, 3), url=https://cdn2.thedogapi.com/images/Pxdz3FZQt.jpg...
2025-12-21 16:12:02 - image_processor - DEBUG - [async_image_processor.py:184] - Image object created for index 6 (breed: Cocker Spaniel)
2025-12-21 16:12:02 - image_processor - DEBUG - [image_processing.py:24] - ImageProcessing instance created
2025-12-21 16:12:02 - image_processor - DEBUG - [abstract_image.py:35] - CatImage created: breed=Cocker Spaniel, shape=(1080, 1080, 3), url=https://cdn2.thedogapi.com/images/BQX_0_22x.jpg...
2025-12-21 16:12:02 - image_processor - DEBUG - [async_image_processor.py:184] - Image object created for index 7 (breed: Cocker Spaniel)
2025-12-21 16:12:02 - image_processor - DEBUG - [image_processing.py:24] - ImageProcessing instance created
2025-12-21 16:12:02 - image_processor - DEBUG - [abstract_image.py:35] - CatImage created: breed=Finnish Spitz, shape=(481, 640, 3), url=https://cdn2.thedogapi.com/images/SwxIgmxlN.jpg...
2025-12-21 16:12:02 - image_processor - DEBUG - [async_image_processor.py:184] - Image object created for index 8 (breed: Finnish Spitz)
2025-12-21 16:12:02 - image_processor - DEBUG - [image_processing.py:24] - ImageProcessing instance created
2025-12-21 16:12:02 - image_processor - DEBUG - [abstract_image.py:35] - CatImage created: breed=Kooikerhondje, shape=(720, 1280, 3), url=https://cdn2.thedogapi.com/images/DJ_glutgg.jpg...
2025-12-21 16:12:02 - image_processor - DEBUG - [async_image_processor.py:184] - Image object created for index 9 (breed: Kooikerhondje)
2025-12-21 16:12:02 - image_processor - DEBUG - [image_processing.py:24] - ImageProcessing instance created
2025-12-21 16:12:02 - image_processor - DEBUG - [abstract_image.py:35] - CatImage created: breed=Shiba Inu, shape=(1080, 1080, 3), url=https://cdn2.thedogapi.com/images/XuF0yCht6.jpg...
2025-12-21 16:12:02 - image_processor - DEBUG - [async_image_processor.py:184] - Image object created for index 10 (breed: Shiba Inu)
2025-12-21 16:12:02 - image_processor - INFO - [async_image_processor.py:186] - Created 5 image objects
2025-12-21 16:12:02 - image_processor - DEBUG - [async_pipeline.py:76] - Chunk 2: 5 images ready for processing
2025-12-21 16:12:02 - image_processor - DEBUG - [async_pipeline.py:95] - Processing chunk of 5 images
2025-12-21 16:12:02 - image_processor - INFO - [parallel_convolution.py:127] - Starting parallel custom edge detection for 5 images
2025-12-21 16:12:02 - image_processor - INFO - [parallel_convolution.py:144] - Starting parallel library edge detection for 5 images
2025-12-21 16:12:03 - image_processor - DEBUG - [parallel_convolution.py:28] - Convolution worker started for image 7 (PID 5068, breed: Cocker Spaniel)
2025-12-21 16:12:03 - image_processor - DEBUG - [image_processing.py:24] - ImageProcessing instance created
2025-12-21 16:12:03 - image_processor - DEBUG - [image_processing.py:120] - Edge detection (Canny) started
2025-12-21 16:12:03 - image_processor - DEBUG - [image_processing.py:46] - RGB to grayscale conversion started. Image shape: (1080, 1080, 3)
2025-12-21 16:12:03 - image_processor - DEBUG - [parallel_convolution.py:28] - Convolution worker started for image 6 (PID 21736, breed: Cocker Spaniel)
2025-12-21 16:12:03 - image_processor - DEBUG - [image_processing.py:24] - ImageProcessing instance created
2025-12-21 16:12:03 - image_processor - DEBUG - [image_processing.py:120] - Edge detection (Canny) started
2025-12-21 16:12:03 - image_processor - DEBUG - [image_processing.py:46] - RGB to grayscale conversion started. Image shape: (1080, 1080, 3)
2025-12-21 16:12:03 - image_processor - DEBUG - [parallel_convolution.py:28] - Convolution worker started for image 8 (PID 8824, breed: Finnish Spitz)
2025-12-21 16:12:03 - image_processor - DEBUG - [image_processing.py:24] - ImageProcessing instance created
2025-12-21 16:12:03 - image_processor - DEBUG - [image_processing.py:120] - Edge detection (Canny) started
2025-12-21 16:12:03 - image_processor - DEBUG - [image_processing.py:46] - RGB to grayscale conversion started. Image shape: (481, 640, 3)
2025-12-21 16:12:03 - image_processor - DEBUG - [image_processing.py:53] - RGB to grayscale conversion completed. Result shape: (481, 640)
2025-12-21 16:12:03 - image_processor - DEBUG - [image_processing.py:30] - Convolution started. Image shape: (481, 640), kernel shape: (3, 3)
2025-12-21 16:12:03 - image_processor - DEBUG - [image_processing.py:36] - Convolution completed in 0.0041 seconds
2025-12-21 16:12:03 - image_processor - DEBUG - [image_processing.py:30] - Convolution started. Image shape: (481, 640), kernel shape: (3, 3)
2025-12-21 16:12:03 - image_processor - DEBUG - [parallel_convolution.py:28] - Convolution worker started for image 10 (PID 16536, breed: Shiba Inu)
2025-12-21 16:12:03 - image_processor - DEBUG - [image_processing.py:24] - ImageProcessing instance created
2025-12-21 16:12:03 - image_processor - DEBUG - [image_processing.py:120] - Edge detection (Canny) started
2025-12-21 16:12:03 - image_processor - DEBUG - [image_processing.py:46] - RGB to grayscale conversion started. Image shape: (1080, 1080, 3)
2025-12-21 16:12:03 - image_processor - DEBUG - [image_processing.py:36] - Convolution completed in 0.0043 seconds
2025-12-21 16:12:03 - image_processor - DEBUG - [parallel_convolution.py:48] - Library edge detection worker started for image 8 (PID 11828, breed: Finnish Spitz)
2025-12-21 16:12:03 - image_processor - DEBUG - [image_processing.py:24] - ImageProcessing instance created
2025-12-21 16:12:03 - image_processor - DEBUG - [image_processing.py:120] - Edge detection (Canny) started
2025-12-21 16:12:03 - image_processor - DEBUG - [image_processing.py:46] - RGB to grayscale conversion started. Image shape: (481, 640, 3)
2025-12-21 16:12:03 - image_processor - DEBUG - [parallel_convolution.py:48] - Library edge detection worker started for image 10 (PID 3656, breed: Shiba Inu)
2025-12-21 16:12:03 - image_processor - DEBUG - [image_processing.py:24] - ImageProcessing instance created
2025-12-21 16:12:03 - image_processor - DEBUG - [image_processing.py:120] - Edge detection (Canny) started
2025-12-21 16:12:03 - image_processor - DEBUG - [image_processing.py:46] - RGB to grayscale conversion started. Image shape: (1080, 1080, 3)
2025-12-21 16:12:03 - image_processor - DEBUG - [parallel_convolution.py:48] - Library edge detection worker started for image 6 (PID 11152, breed: Cocker Spaniel)
2025-12-21 16:12:03 - image_processor - DEBUG - [image_processing.py:24] - ImageProcessing instance created
2025-12-21 16:12:03 - image_processor - DEBUG - [image_processing.py:120] - Edge detection (Canny) started
2025-12-21 16:12:03 - image_processor - DEBUG - [image_processing.py:46] - RGB to grayscale conversion started. Image shape: (1080, 1080, 3)
2025-12-21 16:12:03 - image_processor - DEBUG - [image_processing.py:53] - RGB to grayscale conversion completed. Result shape: (1080, 1080)
2025-12-21 16:12:03 - image_processor - DEBUG - [image_processing.py:91] - Non-maximum suppression started
2025-12-21 16:12:03 - image_processor - DEBUG - [image_processing.py:30] - Convolution started. Image shape: (1080, 1080), kernel shape: (3, 3)
2025-12-21 16:12:03 - image_processor - DEBUG - [parallel_convolution.py:48] - Library edge detection worker started for image 7 (PID 22568, breed: Cocker Spaniel)
2025-12-21 16:12:03 - image_processor - DEBUG - [image_processing.py:24] - ImageProcessing instance created
2025-12-21 16:12:03 - image_processor - DEBUG - [image_processing.py:120] - Edge detection (Canny) started
2025-12-21 16:12:03 - image_processor - DEBUG - [image_processing.py:46] - RGB to grayscale conversion started. Image shape: (1080, 1080, 3)
2025-12-21 16:12:03 - image_processor - DEBUG - [image_processing.py:53] - RGB to grayscale conversion completed. Result shape: (481, 640)
2025-12-21 16:12:03 - image_processor - DEBUG - [image_processing.py:30] - Convolution started. Image shape: (481, 640), kernel shape: (3, 3)
2025-12-21 16:12:03 - image_processor - DEBUG - [parallel_convolution.py:28] - Convolution worker started for image 9 (PID 4928, breed: Kooikerhondje)
2025-12-21 16:12:03 - image_processor - DEBUG - [image_processing.py:24] - ImageProcessing instance created
2025-12-21 16:12:03 - image_processor - DEBUG - [image_processing.py:120] - Edge detection (Canny) started
2025-12-21 16:12:03 - image_processor - DEBUG - [image_processing.py:46] - RGB to grayscale conversion started. Image shape: (720, 1280, 3)
2025-12-21 16:12:03 - image_processor - DEBUG - [image_processing.py:53] - RGB to grayscale conversion completed. Result shape: (1080, 1080)
2025-12-21 16:12:03 - image_processor - DEBUG - [parallel_convolution.py:48] - Library edge detection worker started for image 9 (PID 20868, breed: Kooikerhondje)
2025-12-21 16:12:03 - image_processor - DEBUG - [image_processing.py:24] - ImageProcessing instance created
2025-12-21 16:12:03 - image_processor - DEBUG - [image_processing.py:120] - Edge detection (Canny) started
2025-12-21 16:12:03 - image_processor - DEBUG - [image_processing.py:46] - RGB to grayscale conversion started. Image shape: (720, 1280, 3)
2025-12-21 16:12:03 - image_processor - DEBUG - [image_processing.py:36] - Convolution completed in 0.0046 seconds
2025-12-21 16:12:03 - image_processor - DEBUG - [image_processing.py:30] - Convolution started. Image shape: (481, 640), kernel shape: (3, 3)
2025-12-21 16:12:03 - image_processor - DEBUG - [image_processing.py:30] - Convolution started. Image shape: (1080, 1080), kernel shape: (3, 3)
2025-12-21 16:12:03 - image_processor - DEBUG - [image_processing.py:36] - Convolution completed in 0.0050 seconds
2025-12-21 16:12:03 - image_processor - DEBUG - [image_processing.py:36] - Convolution completed in 0.0171 seconds
2025-12-21 16:12:03 - image_processor - DEBUG - [image_processing.py:30] - Convolution started. Image shape: (1080, 1080), kernel shape: (3, 3)
2025-12-21 16:12:03 - image_processor - DEBUG - [image_processing.py:91] - Non-maximum suppression started
2025-12-21 16:12:03 - image_processor - DEBUG - [image_processing.py:36] - Convolution completed in 0.0196 seconds
2025-12-21 16:12:03 - image_processor - DEBUG - [image_processing.py:30] - Convolution started. Image shape: (1080, 1080), kernel shape: (3, 3)
2025-12-21 16:12:03 - image_processor - DEBUG - [image_processing.py:53] - RGB to grayscale conversion completed. Result shape: (1080, 1080)
2025-12-21 16:12:03 - image_processor - DEBUG - [image_processing.py:53] - RGB to grayscale conversion completed. Result shape: (1080, 1080)
2025-12-21 16:12:03 - image_processor - DEBUG - [image_processing.py:30] - Convolution started. Image shape: (1080, 1080), kernel shape: (3, 3)
2025-12-21 16:12:03 - image_processor - DEBUG - [image_processing.py:30] - Convolution started. Image shape: (1080, 1080), kernel shape: (3, 3)
2025-12-21 16:12:03 - image_processor - DEBUG - [image_processing.py:36] - Convolution completed in 0.0171 seconds
2025-12-21 16:12:03 - image_processor - DEBUG - [image_processing.py:53] - RGB to grayscale conversion completed. Result shape: (1080, 1080)
2025-12-21 16:12:03 - image_processor - DEBUG - [image_processing.py:30] - Convolution started. Image shape: (1080, 1080), kernel shape: (3, 3)
2025-12-21 16:12:03 - image_processor - DEBUG - [image_processing.py:53] - RGB to grayscale conversion completed. Result shape: (720, 1280)
2025-12-21 16:12:03 - image_processor - DEBUG - [image_processing.py:30] - Convolution started. Image shape: (720, 1280), kernel shape: (3, 3)
2025-12-21 16:12:03 - image_processor - DEBUG - [image_processing.py:53] - RGB to grayscale conversion completed. Result shape: (720, 1280)
2025-12-21 16:12:03 - image_processor - DEBUG - [image_processing.py:30] - Convolution started. Image shape: (720, 1280), kernel shape: (3, 3)
2025-12-21 16:12:03 - image_processor - DEBUG - [image_processing.py:53] - RGB to grayscale conversion completed. Result shape: (1080, 1080)
2025-12-21 16:12:03 - image_processor - DEBUG - [image_processing.py:36] - Convolution completed in 0.0181 seconds
2025-12-21 16:12:03 - image_processor - DEBUG - [image_processing.py:30] - Convolution started. Image shape: (1080, 1080), kernel shape: (3, 3)
2025-12-21 16:12:03 - image_processor - DEBUG - [image_processing.py:36] - Convolution completed in 0.0153 seconds
2025-12-21 16:12:03 - image_processor - DEBUG - [image_processing.py:36] - Convolution completed in 0.0171 seconds
2025-12-21 16:12:03 - image_processor - DEBUG - [image_processing.py:30] - Convolution started. Image shape: (1080, 1080), kernel shape: (3, 3)
2025-12-21 16:12:03 - image_processor - DEBUG - [image_processing.py:30] - Convolution started. Image shape: (1080, 1080), kernel shape: (3, 3)
2025-12-21 16:12:03 - image_processor - DEBUG - [image_processing.py:36] - Convolution completed in 0.0175 seconds
2025-12-21 16:12:03 - image_processor - DEBUG - [image_processing.py:36] - Convolution completed in 0.0138 seconds
2025-12-21 16:12:03 - image_processor - DEBUG - [image_processing.py:30] - Convolution started. Image shape: (1080, 1080), kernel shape: (3, 3)
2025-12-21 16:12:03 - image_processor - DEBUG - [image_processing.py:30] - Convolution started. Image shape: (720, 1280), kernel shape: (3, 3)
2025-12-21 16:12:03 - image_processor - DEBUG - [image_processing.py:36] - Convolution completed in 0.0141 seconds
2025-12-21 16:12:03 - image_processor - DEBUG - [image_processing.py:30] - Convolution started. Image shape: (720, 1280), kernel shape: (3, 3)
2025-12-21 16:12:03 - image_processor - DEBUG - [image_processing.py:91] - Non-maximum suppression started
2025-12-21 16:12:03 - image_processor - DEBUG - [image_processing.py:36] - Convolution completed in 0.0183 seconds
2025-12-21 16:12:03 - image_processor - DEBUG - [image_processing.py:30] - Convolution started. Image shape: (1080, 1080), kernel shape: (3, 3)
2025-12-21 16:12:03 - image_processor - DEBUG - [image_processing.py:36] - Convolution completed in 0.0172 seconds
2025-12-21 16:12:03 - image_processor - DEBUG - [image_processing.py:36] - Convolution completed in 0.0112 seconds
2025-12-21 16:12:03 - image_processor - DEBUG - [image_processing.py:36] - Convolution completed in 0.0172 seconds
2025-12-21 16:12:03 - image_processor - DEBUG - [image_processing.py:36] - Convolution completed in 0.0145 seconds
2025-12-21 16:12:03 - image_processor - DEBUG - [image_processing.py:36] - Convolution completed in 0.0137 seconds
2025-12-21 16:12:03 - image_processor - DEBUG - [image_processing.py:91] - Non-maximum suppression started
2025-12-21 16:12:03 - image_processor - DEBUG - [image_processing.py:36] - Convolution completed in 0.0172 seconds
2025-12-21 16:12:03 - image_processor - DEBUG - [image_processing.py:91] - Non-maximum suppression started
2025-12-21 16:12:03 - image_processor - DEBUG - [image_processing.py:91] - Non-maximum suppression started
2025-12-21 16:12:03 - image_processor - DEBUG - [image_processing.py:91] - Non-maximum suppression started
2025-12-21 16:12:03 - image_processor - DEBUG - [image_processing.py:91] - Non-maximum suppression started
2025-12-21 16:12:03 - image_processor - DEBUG - [image_processing.py:91] - Non-maximum suppression started
2025-12-21 16:12:03 - image_processor - DEBUG - [image_processing.py:91] - Non-maximum suppression started
2025-12-21 16:12:04 - image_processor - DEBUG - [image_processing.py:113] - Non-maximum suppression completed
2025-12-21 16:12:04 - image_processor - DEBUG - [image_processing.py:139] - Edge detection completed in 0.4628 seconds
2025-12-21 16:12:04 - image_processor - DEBUG - [parallel_convolution.py:33] - Convolution worker finished for image 8 (PID 8824)
2025-12-21 16:12:04 - image_processor - DEBUG - [image_processing.py:113] - Non-maximum suppression completed
2025-12-21 16:12:04 - image_processor - DEBUG - [image_processing.py:139] - Edge detection completed in 0.4743 seconds
2025-12-21 16:12:04 - image_processor - DEBUG - [parallel_convolution.py:53] - Library edge detection worker finished for image 8 (PID 11828)
2025-12-21 16:12:04 - image_processor - DEBUG - [image_processing.py:113] - Non-maximum suppression completed
2025-12-21 16:12:04 - image_processor - DEBUG - [image_processing.py:139] - Edge detection completed in 1.3046 seconds
2025-12-21 16:12:04 - image_processor - DEBUG - [parallel_convolution.py:53] - Library edge detection worker finished for image 9 (PID 20868)
2025-12-21 16:12:04 - image_processor - DEBUG - [image_processing.py:113] - Non-maximum suppression completed
2025-12-21 16:12:04 - image_processor - DEBUG - [image_processing.py:139] - Edge detection completed in 1.3158 seconds
2025-12-21 16:12:04 - image_processor - DEBUG - [parallel_convolution.py:33] - Convolution worker finished for image 9 (PID 4928)
2025-12-21 16:12:05 - image_processor - DEBUG - [image_processing.py:113] - Non-maximum suppression completed
2025-12-21 16:12:05 - image_processor - DEBUG - [image_processing.py:139] - Edge detection completed in 1.5654 seconds
2025-12-21 16:12:05 - image_processor - DEBUG - [parallel_convolution.py:33] - Convolution worker finished for image 7 (PID 5068)
2025-12-21 16:12:05 - image_processor - DEBUG - [image_processing.py:113] - Non-maximum suppression completed
2025-12-21 16:12:05 - image_processor - DEBUG - [image_processing.py:139] - Edge detection completed in 1.5440 seconds
2025-12-21 16:12:05 - image_processor - DEBUG - [parallel_convolution.py:53] - Library edge detection worker finished for image 10 (PID 3656)
2025-12-21 16:12:05 - image_processor - DEBUG - [image_processing.py:113] - Non-maximum suppression completed
2025-12-21 16:12:05 - image_processor - DEBUG - [image_processing.py:139] - Edge detection completed in 1.5655 seconds
2025-12-21 16:12:05 - image_processor - DEBUG - [parallel_convolution.py:53] - Library edge detection worker finished for image 7 (PID 22568)
2025-12-21 16:12:05 - image_processor - DEBUG - [image_processing.py:113] - Non-maximum suppression completed
2025-12-21 16:12:05 - image_processor - DEBUG - [image_processing.py:139] - Edge detection completed in 1.6041 seconds
2025-12-21 16:12:05 - image_processor - DEBUG - [parallel_convolution.py:33] - Convolution worker finished for image 10 (PID 16536)
2025-12-21 16:12:05 - image_processor - DEBUG - [image_processing.py:113] - Non-maximum suppression completed
2025-12-21 16:12:05 - image_processor - DEBUG - [image_processing.py:139] - Edge detection completed in 1.6281 seconds
2025-12-21 16:12:05 - image_processor - DEBUG - [parallel_convolution.py:33] - Convolution worker finished for image 6 (PID 21736)
2025-12-21 16:12:05 - image_processor - INFO - [parallel_convolution.py:137] - Parallel custom edge detection completed for 5 images
2025-12-21 16:12:05 - image_processor - DEBUG - [image_processing.py:113] - Non-maximum suppression completed
2025-12-21 16:12:05 - image_processor - DEBUG - [image_processing.py:139] - Edge detection completed in 1.6267 seconds
2025-12-21 16:12:05 - image_processor - DEBUG - [parallel_convolution.py:53] - Library edge detection worker finished for image 6 (PID 11152)
2025-12-21 16:12:05 - image_processor - INFO - [parallel_convolution.py:154] - Parallel library edge detection completed for 5 images
2025-12-21 16:12:05 - image_processor - DEBUG - [async_pipeline.py:113] - Edge detection completed
2025-12-21 16:12:05 - image_processor - INFO - [parallel_convolution.py:166] - Starting parallel arithmetic operations for 5 images
2025-12-21 16:12:05 - image_processor - DEBUG - [parallel_convolution.py:70] - Arithmetic operations worker started for image 7 (PID 8080, breed: Cocker Spaniel)
2025-12-21 16:12:05 - image_processor - DEBUG - [abstract_image.py:141] - Addition operation started
2025-12-21 16:12:05 - image_processor - DEBUG - [abstract_image.py:129] - Converting grayscale to RGB (3 channels)
2025-12-21 16:12:05 - image_processor - DEBUG - [parallel_convolution.py:70] - Arithmetic operations worker started for image 9 (PID 3308, breed: Kooikerhondje)
2025-12-21 16:12:05 - image_processor - DEBUG - [abstract_image.py:141] - Addition operation started
2025-12-21 16:12:05 - image_processor - DEBUG - [abstract_image.py:129] - Converting grayscale to RGB (3 channels)
2025-12-21 16:12:05 - image_processor - DEBUG - [parallel_convolution.py:70] - Arithmetic operations worker started for image 6 (PID 3492, breed: Cocker Spaniel)
2025-12-21 16:12:05 - image_processor - DEBUG - [abstract_image.py:141] - Addition operation started
2025-12-21 16:12:05 - image_processor - DEBUG - [abstract_image.py:129] - Converting grayscale to RGB (3 channels)
2025-12-21 16:12:05 - image_processor - DEBUG - [parallel_convolution.py:70] - Arithmetic operations worker started for image 8 (PID 9424, breed: Finnish Spitz)
2025-12-21 16:12:05 - image_processor - DEBUG - [abstract_image.py:141] - Addition operation started
2025-12-21 16:12:05 - image_processor - DEBUG - [abstract_image.py:129] - Converting grayscale to RGB (3 channels)
2025-12-21 16:12:05 - image_processor - DEBUG - [parallel_convolution.py:70] - Arithmetic operations worker started for image 10 (PID 23984, breed: Shiba Inu)
2025-12-21 16:12:05 - image_processor - DEBUG - [abstract_image.py:141] - Addition operation started
2025-12-21 16:12:05 - image_processor - DEBUG - [abstract_image.py:129] - Converting grayscale to RGB (3 channels)
2025-12-21 16:12:05 - image_processor - DEBUG - [abstract_image.py:166] - Addition operation completed. Result shape: (481, 640, 3)
2025-12-21 16:12:05 - image_processor - DEBUG - [image_processing.py:24] - ImageProcessing instance created
2025-12-21 16:12:05 - image_processor - DEBUG - [abstract_image.py:35] - CatImage created: breed=Finnish Spitz+processed, shape=(481, 640, 3), url=combined_Finnish Spitz...
2025-12-21 16:12:05 - image_processor - DEBUG - [abstract_image.py:173] - Subtraction operation started
2025-12-21 16:12:05 - image_processor - DEBUG - [abstract_image.py:129] - Converting grayscale to RGB (3 channels)
2025-12-21 16:12:05 - image_processor - DEBUG - [abstract_image.py:198] - Subtraction operation completed. Result shape: (481, 640, 3)
2025-12-21 16:12:05 - image_processor - DEBUG - [image_processing.py:24] - ImageProcessing instance created
2025-12-21 16:12:05 - image_processor - DEBUG - [abstract_image.py:35] - CatImage created: breed=Finnish Spitz-processed, shape=(481, 640, 3), url=subtracted_Finnish Spitz...
2025-12-21 16:12:05 - image_processor - DEBUG - [abstract_image.py:141] - Addition operation started
2025-12-21 16:12:05 - image_processor - DEBUG - [abstract_image.py:129] - Converting grayscale to RGB (3 channels)
2025-12-21 16:12:05 - image_processor - DEBUG - [abstract_image.py:166] - Addition operation completed. Result shape: (720, 1280, 3)
2025-12-21 16:12:05 - image_processor - DEBUG - [image_processing.py:24] - ImageProcessing instance created
2025-12-21 16:12:05 - image_processor - DEBUG - [abstract_image.py:35] - CatImage created: breed=Kooikerhondje+processed, shape=(720, 1280, 3), url=combined_Kooikerhondje...
2025-12-21 16:12:05 - image_processor - DEBUG - [abstract_image.py:173] - Subtraction operation started
2025-12-21 16:12:05 - image_processor - DEBUG - [abstract_image.py:129] - Converting grayscale to RGB (3 channels)
2025-12-21 16:12:06 - image_processor - DEBUG - [abstract_image.py:166] - Addition operation completed. Result shape: (1080, 1080, 3)
2025-12-21 16:12:06 - image_processor - DEBUG - [image_processing.py:24] - ImageProcessing instance created
2025-12-21 16:12:06 - image_processor - DEBUG - [abstract_image.py:35] - CatImage created: breed=Cocker Spaniel+processed, shape=(1080, 1080, 3), url=combined_Cocker Spaniel...
2025-12-21 16:12:06 - image_processor - DEBUG - [abstract_image.py:173] - Subtraction operation started
2025-12-21 16:12:06 - image_processor - DEBUG - [abstract_image.py:129] - Converting grayscale to RGB (3 channels)
2025-12-21 16:12:06 - image_processor - DEBUG - [abstract_image.py:166] - Addition operation completed. Result shape: (481, 640, 3)
2025-12-21 16:12:06 - image_processor - DEBUG - [image_processing.py:24] - ImageProcessing instance created
2025-12-21 16:12:06 - image_processor - DEBUG - [abstract_image.py:35] - CatImage created: breed=Finnish Spitz+processed, shape=(481, 640, 3), url=combined_Finnish Spitz...
2025-12-21 16:12:06 - image_processor - DEBUG - [abstract_image.py:173] - Subtraction operation started
2025-12-21 16:12:06 - image_processor - DEBUG - [abstract_image.py:129] - Converting grayscale to RGB (3 channels)
2025-12-21 16:12:06 - image_processor - DEBUG - [abstract_image.py:166] - Addition operation completed. Result shape: (1080, 1080, 3)
2025-12-21 16:12:06 - image_processor - DEBUG - [abstract_image.py:166] - Addition operation completed. Result shape: (1080, 1080, 3)
2025-12-21 16:12:06 - image_processor - DEBUG - [image_processing.py:24] - ImageProcessing instance created
2025-12-21 16:12:06 - image_processor - DEBUG - [image_processing.py:24] - ImageProcessing instance created
2025-12-21 16:12:06 - image_processor - DEBUG - [abstract_image.py:35] - CatImage created: breed=Shiba Inu+processed, shape=(1080, 1080, 3), url=combined_Shiba Inu...
2025-12-21 16:12:06 - image_processor - DEBUG - [abstract_image.py:35] - CatImage created: breed=Cocker Spaniel+processed, shape=(1080, 1080, 3), url=combined_Cocker Spaniel...
2025-12-21 16:12:06 - image_processor - DEBUG - [abstract_image.py:173] - Subtraction operation started
2025-12-21 16:12:06 - image_processor - DEBUG - [abstract_image.py:129] - Converting grayscale to RGB (3 channels)
2025-12-21 16:12:06 - image_processor - DEBUG - [abstract_image.py:173] - Subtraction operation started
2025-12-21 16:12:06 - image_processor - DEBUG - [abstract_image.py:129] - Converting grayscale to RGB (3 channels)
2025-12-21 16:12:06 - image_processor - DEBUG - [abstract_image.py:198] - Subtraction operation completed. Result shape: (481, 640, 3)
2025-12-21 16:12:06 - image_processor - DEBUG - [image_processing.py:24] - ImageProcessing instance created
2025-12-21 16:12:06 - image_processor - DEBUG - [abstract_image.py:35] - CatImage created: breed=Finnish Spitz-processed, shape=(481, 640, 3), url=subtracted_Finnish Spitz...
2025-12-21 16:12:06 - image_processor - DEBUG - [parallel_convolution.py:85] - Arithmetic operations worker finished for image 8 (PID 9424)
2025-12-21 16:12:06 - image_processor - DEBUG - [abstract_image.py:198] - Subtraction operation completed. Result shape: (720, 1280, 3)
2025-12-21 16:12:06 - image_processor - DEBUG - [image_processing.py:24] - ImageProcessing instance created
2025-12-21 16:12:06 - image_processor - DEBUG - [abstract_image.py:35] - CatImage created: breed=Kooikerhondje-processed, shape=(720, 1280, 3), url=subtracted_Kooikerhondje...
2025-12-21 16:12:06 - image_processor - DEBUG - [abstract_image.py:141] - Addition operation started
2025-12-21 16:12:06 - image_processor - DEBUG - [abstract_image.py:129] - Converting grayscale to RGB (3 channels)
2025-12-21 16:12:06 - image_processor - DEBUG - [abstract_image.py:198] - Subtraction operation completed. Result shape: (1080, 1080, 3)
2025-12-21 16:12:06 - image_processor - DEBUG - [image_processing.py:24] - ImageProcessing instance created
2025-12-21 16:12:06 - image_processor - DEBUG - [abstract_image.py:35] - CatImage created: breed=Cocker Spaniel-processed, shape=(1080, 1080, 3), url=subtracted_Cocker Spaniel...
2025-12-21 16:12:06 - image_processor - DEBUG - [abstract_image.py:141] - Addition operation started
2025-12-21 16:12:06 - image_processor - DEBUG - [abstract_image.py:129] - Converting grayscale to RGB (3 channels)
2025-12-21 16:12:06 - image_processor - DEBUG - [abstract_image.py:198] - Subtraction operation completed. Result shape: (1080, 1080, 3)
2025-12-21 16:12:06 - image_processor - DEBUG - [image_processing.py:24] - ImageProcessing instance created
2025-12-21 16:12:06 - image_processor - DEBUG - [abstract_image.py:198] - Subtraction operation completed. Result shape: (1080, 1080, 3)
2025-12-21 16:12:06 - image_processor - DEBUG - [abstract_image.py:35] - CatImage created: breed=Shiba Inu-processed, shape=(1080, 1080, 3), url=subtracted_Shiba Inu...
2025-12-21 16:12:06 - image_processor - DEBUG - [image_processing.py:24] - ImageProcessing instance created
2025-12-21 16:12:06 - image_processor - DEBUG - [abstract_image.py:35] - CatImage created: breed=Cocker Spaniel-processed, shape=(1080, 1080, 3), url=subtracted_Cocker Spaniel...
2025-12-21 16:12:06 - image_processor - DEBUG - [abstract_image.py:141] - Addition operation started
2025-12-21 16:12:06 - image_processor - DEBUG - [abstract_image.py:129] - Converting grayscale to RGB (3 channels)
2025-12-21 16:12:06 - image_processor - DEBUG - [abstract_image.py:141] - Addition operation started
2025-12-21 16:12:06 - image_processor - DEBUG - [abstract_image.py:129] - Converting grayscale to RGB (3 channels)
2025-12-21 16:12:06 - image_processor - DEBUG - [abstract_image.py:166] - Addition operation completed. Result shape: (720, 1280, 3)
2025-12-21 16:12:06 - image_processor - DEBUG - [image_processing.py:24] - ImageProcessing instance created
2025-12-21 16:12:06 - image_processor - DEBUG - [abstract_image.py:35] - CatImage created: breed=Kooikerhondje+processed, shape=(720, 1280, 3), url=combined_Kooikerhondje...
2025-12-21 16:12:06 - image_processor - DEBUG - [abstract_image.py:173] - Subtraction operation started
2025-12-21 16:12:06 - image_processor - DEBUG - [abstract_image.py:129] - Converting grayscale to RGB (3 channels)
2025-12-21 16:12:06 - image_processor - DEBUG - [abstract_image.py:166] - Addition operation completed. Result shape: (1080, 1080, 3)
2025-12-21 16:12:06 - image_processor - DEBUG - [image_processing.py:24] - ImageProcessing instance created
2025-12-21 16:12:06 - image_processor - DEBUG - [abstract_image.py:35] - CatImage created: breed=Cocker Spaniel+processed, shape=(1080, 1080, 3), url=combined_Cocker Spaniel...
2025-12-21 16:12:06 - image_processor - DEBUG - [abstract_image.py:173] - Subtraction operation started
2025-12-21 16:12:06 - image_processor - DEBUG - [abstract_image.py:129] - Converting grayscale to RGB (3 channels)
2025-12-21 16:12:06 - image_processor - DEBUG - [abstract_image.py:198] - Subtraction operation completed. Result shape: (720, 1280, 3)
2025-12-21 16:12:06 - image_processor - DEBUG - [image_processing.py:24] - ImageProcessing instance created
2025-12-21 16:12:06 - image_processor - DEBUG - [abstract_image.py:35] - CatImage created: breed=Kooikerhondje-processed, shape=(720, 1280, 3), url=subtracted_Kooikerhondje...
2025-12-21 16:12:06 - image_processor - DEBUG - [parallel_convolution.py:85] - Arithmetic operations worker finished for image 9 (PID 3308)
2025-12-21 16:12:06 - image_processor - DEBUG - [abstract_image.py:166] - Addition operation completed. Result shape: (1080, 1080, 3)
2025-12-21 16:12:06 - image_processor - DEBUG - [image_processing.py:24] - ImageProcessing instance created
2025-12-21 16:12:06 - image_processor - DEBUG - [abstract_image.py:35] - CatImage created: breed=Cocker Spaniel+processed, shape=(1080, 1080, 3), url=combined_Cocker Spaniel...
2025-12-21 16:12:06 - image_processor - DEBUG - [abstract_image.py:173] - Subtraction operation started
esult shape: (1080, 1080, 3)
2025-12-21 16:12:06 - image_processor - DEBUG - [abstract_image.py:129] - Converting grayscale to RGB (3 channels)
2025-12-21 16:12:06 - image_processor - DEBUG - [image_processing.py:24] - ImageProcessing instance created
2025-12-21 16:12:06 - image_processor - DEBUG - [abstract_image.py:35] - CatImage created: breed=Shiba Inu+processed, shape=(1080, 1080, 3), url=combined_Shiba Inu...
2025-12-21 16:12:06 - image_processor - DEBUG - [abstract_image.py:173] - Subtraction operation started
2025-12-21 16:12:06 - image_processor - DEBUG - [abstract_image.py:129] - Converting grayscale to RGB (3 channels)
2025-12-21 16:12:06 - image_processor - DEBUG - [abstract_image.py:198] - Subtraction operation completed. Result shape: (1080, 1080, 3)
2025-12-21 16:12:06 - image_processor - DEBUG - [image_processing.py:24] - ImageProcessing instance created
2025-12-21 16:12:06 - image_processor - DEBUG - [abstract_image.py:35] - CatImage created: breed=Cocker Spaniel-processed, shape=(1080, 1080, 3), url=subtracted_Cocker Spaniel...
2025-12-21 16:12:06 - image_processor - DEBUG - [parallel_convolution.py:85] - Arithmetic operations worker finished for image 7 (PID 8080)
2025-12-21 16:12:06 - image_processor - DEBUG - [abstract_image.py:198] - Subtraction operation completed. Result shape: (1080, 1080, 3)
2025-12-21 16:12:06 - image_processor - DEBUG - [image_processing.py:24] - ImageProcessing instance created
2025-12-21 16:12:06 - image_processor - DEBUG - [abstract_image.py:35] - CatImage created: breed=Shiba Inu-processed, shape=(1080, 1080, 3), url=subtracted_Shiba Inu...
2025-12-21 16:12:06 - image_processor - DEBUG - [parallel_convolution.py:85] - Arithmetic operations worker finished for image 10 (PID 23984)
2025-12-21 16:12:06 - image_processor - DEBUG - [abstract_image.py:198] - Subtraction operation completed. Result shape: (1080, 1080, 3)
2025-12-21 16:12:06 - image_processor - DEBUG - [image_processing.py:24] - ImageProcessing instance created
2025-12-21 16:12:06 - image_processor - DEBUG - [abstract_image.py:35] - CatImage created: breed=Cocker Spaniel-processed, shape=(1080, 1080, 3), url=subtracted_Cocker Spaniel...
2025-12-21 16:12:06 - image_processor - DEBUG - [parallel_convolution.py:85] - Arithmetic operations worker finished for image 6 (PID 3492)
2025-12-21 16:12:06 - image_processor - INFO - [parallel_convolution.py:193] - Parallel arithmetic operations completed for 5 images
2025-12-21 16:12:06 - image_processor - DEBUG - [async_pipeline.py:124] - Arithmetic operations completed
2025-12-21 16:12:06 - image_processor - DEBUG - [async_pipeline.py:152] - Chunk processed: 5 images with all operations completed
2025-12-21 16:12:06 - image_processor - DEBUG - [async_pipeline.py:187] - Saving image 6 (Cocker Spaniel)
2025-12-21 16:12:06 - image_processor - DEBUG - [async_pipeline.py:187] - Saving image 7 (Cocker Spaniel)
2025-12-21 16:12:06 - image_processor - DEBUG - [async_pipeline.py:187] - Saving image 8 (Finnish Spitz)
2025-12-21 16:12:06 - image_processor - DEBUG - [async_pipeline.py:187] - Saving image 9 (Kooikerhondje)
2025-12-21 16:12:06 - image_processor - DEBUG - [async_pipeline.py:187] - Saving image 10 (Shiba Inu)
2025-12-21 16:12:06 - image_processor - DEBUG - [async_pipeline.py:203] - Image 8 saved (3 files)
2025-12-21 16:12:06 - image_processor - DEBUG - [async_pipeline.py:203] - Image 7 saved (3 files)
2025-12-21 16:12:06 - image_processor - DEBUG - [async_pipeline.py:203] - Image 6 saved (3 files)
2025-12-21 16:12:06 - image_processor - DEBUG - [async_pipeline.py:203] - Image 9 saved (3 files)
2025-12-21 16:12:06 - image_processor - DEBUG - [async_pipeline.py:203] - Image 10 saved (3 files)
2025-12-21 16:12:06 - image_processor - INFO - [async_pipeline.py:79] - Stage 1 completed: All chunks downloaded
2025-12-21 16:12:06 - image_processor - INFO - [async_pipeline.py:155] - Stage 2 completed: All convolutions and operations done
2025-12-21 16:12:06 - image_processor - INFO - [async_pipeline.py:177] - Stage 3 completed: 10 images saved
2025-12-21 16:12:06 - image_processor - INFO - [async_pipeline.py:230] - Pipeline execution completed successfully. Results saved to: C:\Users\vracksup\Documents\LAB-PPT\LAB-1\image_processing_project\out
2025-12-21 19:44:45 - image_processor - DEBUG - [async_image_processor.py:51] - AsyncImageProcessor initialized for cat API
2025-12-21 19:44:45 - image_processor - DEBUG - [image_processing.py:24] - ImageProcessing instance created
