2025-12-13 15:13:27 - image_processor - DEBUG - [async_image_processor.py:44] - AsyncImageProcessor initialized for cat API
2025-12-13 15:13:27 - image_processor - DEBUG - [async_image_processor.py:44] - AsyncImageProcessor initialized for dog API
2025-12-13 15:13:27 - image_processor - INFO - [tests.py:287] - TEST 1: AsyncImageProcessor initialization
2025-12-13 15:13:27 - image_processor - INFO - [tests.py:305] - [PASSED] AsyncImageProcessor initialization test
2025-12-13 15:13:27 - image_processor - DEBUG - [async_image_processor.py:44] - AsyncImageProcessor initialized for cat API
2025-12-13 15:13:27 - image_processor - DEBUG - [async_image_processor.py:44] - AsyncImageProcessor initialized for dog API
2025-12-13 15:13:27 - image_processor - INFO - [tests.py:375] - TEST 4: Create image objects from metadata
2025-12-13 15:13:27 - image_processor - DEBUG - [async_image_processor.py:156] - Creating image objects from 2 metadata entries
2025-12-13 15:13:27 - image_processor - DEBUG - [image_processing.py:23] - ImageProcessing instance created
2025-12-13 15:13:27 - image_processor - DEBUG - [abstract_image.py:34] - CatImage created: breed=Siamese, shape=(100, 100, 3), url=http://example.com/cat.jpg...
2025-12-13 15:13:27 - image_processor - DEBUG - [async_image_processor.py:177] - Image object created for index 1 (breed: Siamese)
2025-12-13 15:13:27 - image_processor - DEBUG - [image_processing.py:23] - ImageProcessing instance created
2025-12-13 15:13:27 - image_processor - DEBUG - [abstract_image.py:34] - CatImage created: breed=Persian, shape=(100, 100), url=http://example.com/cat_gray.jpg...
2025-12-13 15:13:27 - image_processor - DEBUG - [async_image_processor.py:177] - Image object created for index 2 (breed: Persian)
2025-12-13 15:13:27 - image_processor - INFO - [async_image_processor.py:179] - Created 2 image objects
2025-12-13 15:13:27 - image_processor - INFO - [tests.py:404] - [PASSED] Create image objects from metadata test
2025-12-13 15:13:27 - image_processor - DEBUG - [async_image_processor.py:44] - AsyncImageProcessor initialized for cat API
2025-12-13 15:13:27 - image_processor - DEBUG - [async_image_processor.py:44] - AsyncImageProcessor initialized for dog API
2025-12-13 15:13:27 - image_processor - INFO - [tests.py:343] - TEST 3: ImageMetadata assignment
2025-12-13 15:13:27 - image_processor - INFO - [tests.py:363] - [PASSED] ImageMetadata assignment test
2025-12-13 15:13:27 - image_processor - DEBUG - [async_image_processor.py:44] - AsyncImageProcessor initialized for cat API
2025-12-13 15:13:27 - image_processor - DEBUG - [async_image_processor.py:44] - AsyncImageProcessor initialized for dog API
2025-12-13 15:13:27 - image_processor - INFO - [tests.py:317] - TEST 2: ImageMetadata creation
2025-12-13 15:13:27 - image_processor - INFO - [tests.py:332] - [PASSED] ImageMetadata creation test
2025-12-13 15:13:27 - image_processor - DEBUG - [image_processing.py:23] - ImageProcessing instance created
2025-12-13 15:13:27 - image_processor - DEBUG - [abstract_image.py:34] - CatImage created: breed=Siamese, shape=(100, 100, 3), url=http://example.com/cat.jpg...
2025-12-13 15:13:27 - image_processor - DEBUG - [image_processing.py:23] - ImageProcessing instance created
2025-12-13 15:13:27 - image_processor - DEBUG - [abstract_image.py:34] - CatImage created: breed=Persian, shape=(100, 100), url=http://example.com/cat_gray.jpg...
2025-12-13 15:13:27 - image_processor - INFO - [tests.py:213] - TEST 5: Convolution operation
2025-12-13 15:13:27 - image_processor - DEBUG - [abstract_image.py:219] - Converting ColorCatImage to grayscale: Siamese
2025-12-13 15:13:27 - image_processor - DEBUG - [image_processing.py:45] - RGB to grayscale conversion started. Image shape: (100, 100, 3)
2025-12-13 15:13:27 - image_processor - DEBUG - [image_processing.py:52] - RGB to grayscale conversion completed. Result shape: (100, 100)
2025-12-13 15:13:27 - image_processor - DEBUG - [image_processing.py:23] - ImageProcessing instance created
2025-12-13 15:13:27 - image_processor - DEBUG - [abstract_image.py:34] - CatImage created: breed=Siamese, shape=(100, 100), url=http://example.com/cat.jpg...
2025-12-13 15:13:27 - image_processor - DEBUG - [image_processing.py:29] - Convolution started. Image shape: (100, 100), kernel shape: (3, 3)
2025-12-13 15:13:27 - image_processor - DEBUG - [image_processing.py:35] - Convolution completed in 0.0005 seconds
2025-12-13 15:13:27 - image_processor - INFO - [tests.py:235] - [PASSED] Convolution operation test
2025-12-13 15:13:27 - image_processor - DEBUG - [image_processing.py:23] - ImageProcessing instance created
2025-12-13 15:13:27 - image_processor - DEBUG - [abstract_image.py:34] - CatImage created: breed=Siamese, shape=(100, 100, 3), url=http://example.com/cat.jpg...
2025-12-13 15:13:27 - image_processor - DEBUG - [image_processing.py:23] - ImageProcessing instance created
2025-12-13 15:13:27 - image_processor - DEBUG - [abstract_image.py:34] - CatImage created: breed=Persian, shape=(100, 100), url=http://example.com/cat_gray.jpg...
2025-12-13 15:13:27 - image_processor - INFO - [tests.py:90] - TEST 2: Grayscale to Color conversion
2025-12-13 15:13:27 - image_processor - DEBUG - [abstract_image.py:246] - Converting GrayscaleCatImage to color: Persian
2025-12-13 15:13:27 - image_processor - DEBUG - [image_processing.py:23] - ImageProcessing instance created
2025-12-13 15:13:27 - image_processor - DEBUG - [abstract_image.py:34] - CatImage created: breed=Persian, shape=(100, 100, 3), url=http://example.com/cat_gray.jpg...
2025-12-13 15:13:27 - image_processor - INFO - [tests.py:121] - [PASSED] Grayscale to Color conversion test
2025-12-13 15:13:27 - image_processor - DEBUG - [image_processing.py:23] - ImageProcessing instance created
2025-12-13 15:13:27 - image_processor - DEBUG - [abstract_image.py:34] - CatImage created: breed=Siamese, shape=(100, 100, 3), url=http://example.com/cat.jpg...
2025-12-13 15:13:27 - image_processor - DEBUG - [image_processing.py:23] - ImageProcessing instance created
2025-12-13 15:13:27 - image_processor - DEBUG - [abstract_image.py:34] - CatImage created: breed=Persian, shape=(100, 100), url=http://example.com/cat_gray.jpg...
2025-12-13 15:13:27 - image_processor - INFO - [tests.py:134] - TEST 3: Image addition operation
2025-12-13 15:13:27 - image_processor - DEBUG - [image_processing.py:23] - ImageProcessing instance created
2025-12-13 15:13:27 - image_processor - DEBUG - [abstract_image.py:34] - CatImage created: breed=Maine Coon, shape=(100, 100, 3), url=http://example.com/cat2.jpg...
2025-12-13 15:13:27 - image_processor - DEBUG - [abstract_image.py:140] - Addition operation started
2025-12-13 15:13:27 - image_processor - DEBUG - [abstract_image.py:165] - Addition operation completed. Result shape: (100, 100, 3)
2025-12-13 15:13:27 - image_processor - DEBUG - [image_processing.py:23] - ImageProcessing instance created
2025-12-13 15:13:27 - image_processor - DEBUG - [abstract_image.py:34] - CatImage created: breed=Siamese+Maine Coon, shape=(100, 100, 3), url=combined_Siamese...
2025-12-13 15:13:27 - image_processor - INFO - [tests.py:160] - [PASSED] Image addition test
2025-12-13 15:13:27 - image_processor - DEBUG - [image_processing.py:23] - ImageProcessing instance created
2025-12-13 15:13:27 - image_processor - DEBUG - [abstract_image.py:34] - CatImage created: breed=Siamese, shape=(100, 100, 3), url=http://example.com/cat.jpg...
2025-12-13 15:13:27 - image_processor - DEBUG - [image_processing.py:23] - ImageProcessing instance created
2025-12-13 15:13:27 - image_processor - DEBUG - [abstract_image.py:34] - CatImage created: breed=Persian, shape=(100, 100), url=http://example.com/cat_gray.jpg...
2025-12-13 15:13:27 - image_processor - INFO - [tests.py:246] - TEST 6: Image dimensions
2025-12-13 15:13:27 - image_processor - DEBUG - [abstract_image.py:75] - Image dimensions: 100x100
2025-12-13 15:13:27 - image_processor - INFO - [tests.py:259] - [PASSED] Image dimensions test
2025-12-13 15:13:27 - image_processor - DEBUG - [image_processing.py:23] - ImageProcessing instance created
2025-12-13 15:13:27 - image_processor - DEBUG - [abstract_image.py:34] - CatImage created: breed=Siamese, shape=(100, 100, 3), url=http://example.com/cat.jpg...
2025-12-13 15:13:27 - image_processor - DEBUG - [image_processing.py:23] - ImageProcessing instance created
2025-12-13 15:13:27 - image_processor - DEBUG - [abstract_image.py:34] - CatImage created: breed=Persian, shape=(100, 100), url=http://example.com/cat_gray.jpg...
2025-12-13 15:13:27 - image_processor - INFO - [tests.py:172] - TEST 4: Image subtraction operation
2025-12-13 15:13:27 - image_processor - DEBUG - [image_processing.py:23] - ImageProcessing instance created
2025-12-13 15:13:27 - image_processor - DEBUG - [abstract_image.py:34] - CatImage created: breed=Bengal, shape=(100, 100, 3), url=http://example.com/cat2.jpg...
2025-12-13 15:13:27 - image_processor - DEBUG - [abstract_image.py:172] - Subtraction operation started
2025-12-13 15:13:27 - image_processor - DEBUG - [abstract_image.py:197] - Subtraction operation completed. Result shape: (100, 100, 3)
2025-12-13 15:13:27 - image_processor - DEBUG - [image_processing.py:23] - ImageProcessing instance created
2025-12-13 15:13:27 - image_processor - DEBUG - [abstract_image.py:34] - CatImage created: breed=Siamese-Bengal, shape=(100, 100, 3), url=subtracted_Siamese...
2025-12-13 15:13:27 - image_processor - INFO - [tests.py:197] - [PASSED] Image subtraction test
2025-12-13 15:13:27 - image_processor - DEBUG - [image_processing.py:23] - ImageProcessing instance created
2025-12-13 15:13:27 - image_processor - DEBUG - [abstract_image.py:34] - CatImage created: breed=Siamese, shape=(100, 100, 3), url=http://example.com/cat.jpg...
2025-12-13 15:13:27 - image_processor - DEBUG - [image_processing.py:23] - ImageProcessing instance created
2025-12-13 15:13:27 - image_processor - DEBUG - [abstract_image.py:34] - CatImage created: breed=Persian, shape=(100, 100), url=http://example.com/cat_gray.jpg...
2025-12-13 15:13:27 - image_processor - INFO - [tests.py:55] - TEST 1: RGB to Grayscale conversion
2025-12-13 15:13:27 - image_processor - DEBUG - [abstract_image.py:219] - Converting ColorCatImage to grayscale: Siamese
2025-12-13 15:13:27 - image_processor - DEBUG - [image_processing.py:45] - RGB to grayscale conversion started. Image shape: (100, 100, 3)
2025-12-13 15:13:27 - image_processor - DEBUG - [image_processing.py:52] - RGB to grayscale conversion completed. Result shape: (100, 100)
2025-12-13 15:13:27 - image_processor - DEBUG - [image_processing.py:23] - ImageProcessing instance created
2025-12-13 15:13:27 - image_processor - DEBUG - [abstract_image.py:34] - CatImage created: breed=Siamese, shape=(100, 100), url=http://example.com/cat.jpg...
2025-12-13 15:13:27 - image_processor - INFO - [tests.py:78] - [PASSED] RGB to Grayscale conversion test
2025-12-13 15:13:27 - image_processor - DEBUG - [image_processing.py:23] - ImageProcessing instance created
2025-12-13 15:13:27 - image_processor - INFO - [tests.py:427] - TEST: Edge detection
2025-12-13 15:13:27 - image_processor - DEBUG - [image_processing.py:119] - Edge detection (Canny) started
2025-12-13 15:13:27 - image_processor - DEBUG - [image_processing.py:45] - RGB to grayscale conversion started. Image shape: (100, 100, 3)
2025-12-13 15:13:27 - image_processor - DEBUG - [image_processing.py:52] - RGB to grayscale conversion completed. Result shape: (100, 100)
2025-12-13 15:13:27 - image_processor - DEBUG - [image_processing.py:29] - Convolution started. Image shape: (100, 100), kernel shape: (3, 3)
2025-12-13 15:13:27 - image_processor - DEBUG - [image_processing.py:35] - Convolution completed in 0.0002 seconds
2025-12-13 15:13:27 - image_processor - DEBUG - [image_processing.py:29] - Convolution started. Image shape: (100, 100), kernel shape: (3, 3)
2025-12-13 15:13:27 - image_processor - DEBUG - [image_processing.py:35] - Convolution completed in 0.0002 seconds
2025-12-13 15:13:27 - image_processor - DEBUG - [image_processing.py:90] - Non-maximum suppression started
2025-12-13 15:13:27 - image_processor - DEBUG - [image_processing.py:112] - Non-maximum suppression completed
2025-12-13 15:13:27 - image_processor - DEBUG - [image_processing.py:138] - Edge detection completed in 0.0251 seconds
2025-12-13 15:13:27 - image_processor - INFO - [tests.py:437] - [PASSED] Edge detection test
2025-12-13 15:13:27 - image_processor - DEBUG - [image_processing.py:23] - ImageProcessing instance created
2025-12-13 15:13:27 - image_processor - INFO - [tests.py:444] - TEST: RGB to grayscale
2025-12-13 15:13:27 - image_processor - DEBUG - [image_processing.py:45] - RGB to grayscale conversion started. Image shape: (100, 100, 3)
2025-12-13 15:13:27 - image_processor - DEBUG - [image_processing.py:52] - RGB to grayscale conversion completed. Result shape: (100, 100)
2025-12-13 15:13:27 - image_processor - INFO - [tests.py:455] - [PASSED] RGB to grayscale test
2025-12-20 00:17:57 - image_processor - DEBUG - [async_image_processor.py:44] - AsyncImageProcessor initialized for cat API
2025-12-20 00:17:57 - image_processor - INFO - [parallel_convolution.py:119] - ParallelConvolutionProcessor initialized with 8 processes (all CPU cores)
2025-12-20 00:17:57 - image_processor - INFO - [async_pipeline.py:53] - AsyncImagePipeline initialized for cat API with chunk_size=5
2025-12-20 00:17:57 - image_processor - INFO - [async_pipeline.py:223] - Pipeline execution started. Total images: 10, Chunk size: 5
2025-12-20 00:17:57 - image_processor - INFO - [async_pipeline.py:164] - Stage 3 started: Saving results
2025-12-20 00:17:57 - image_processor - INFO - [async_pipeline.py:88] - Stage 2 started: Convolution & Arithmetic Operations
2025-12-20 00:17:57 - image_processor - INFO - [async_pipeline.py:59] - Stage 1 started: Downloading 10 images with chunk_size=5
2025-12-20 00:17:57 - image_processor - INFO - [async_image_processor.py:60] - Fetching 10 image URLs from cat API
2025-12-20 00:17:59 - image_processor - INFO - [async_image_processor.py:89] - Successfully fetched 10 image URLs
2025-12-20 00:17:59 - image_processor - INFO - [async_pipeline.py:64] - Total 10 images will be processed in 2 chunk(s)
2025-12-20 00:17:59 - image_processor - INFO - [async_pipeline.py:70] - Processing chunk 1/2: images 1 to 5
2025-12-20 00:17:59 - image_processor - INFO - [async_image_processor.py:137] - Starting parallel download of 5 images
2025-12-20 00:17:59 - image_processor - DEBUG - [async_image_processor.py:106] - Downloading image 1 (breed: Japanese Bobtail)
2025-12-20 00:17:59 - image_processor - DEBUG - [async_image_processor.py:106] - Downloading image 2 (breed: Norwegian Forest Cat)
2025-12-20 00:17:59 - image_processor - DEBUG - [async_image_processor.py:106] - Downloading image 3 (breed: Ocicat)
2025-12-20 00:17:59 - image_processor - DEBUG - [async_image_processor.py:106] - Downloading image 4 (breed: Ocicat)
2025-12-20 00:17:59 - image_processor - DEBUG - [async_image_processor.py:106] - Downloading image 5 (breed: Ragdoll)
2025-12-20 00:19:00 - image_processor - WARNING - [async_image_processor.py:127] - Image 1: timeout during download
2025-12-20 00:19:00 - image_processor - WARNING - [async_image_processor.py:127] - Image 3: timeout during download
2025-12-20 00:19:00 - image_processor - WARNING - [async_image_processor.py:127] - Image 5: timeout during download
2025-12-20 00:19:00 - image_processor - WARNING - [async_image_processor.py:127] - Image 2: timeout during download
2025-12-20 00:19:00 - image_processor - WARNING - [async_image_processor.py:127] - Image 4: timeout during download
2025-12-20 00:19:00 - image_processor - INFO - [async_image_processor.py:148] - Parallel download completed: 0/5 successful
2025-12-20 00:19:00 - image_processor - DEBUG - [async_image_processor.py:156] - Creating image objects from 0 metadata entries
2025-12-20 00:19:00 - image_processor - INFO - [async_image_processor.py:179] - Created 0 image objects
2025-12-20 00:19:00 - image_processor - INFO - [async_pipeline.py:70] - Processing chunk 2/2: images 6 to 10
2025-12-20 00:19:00 - image_processor - INFO - [async_image_processor.py:137] - Starting parallel download of 5 images
2025-12-20 00:19:00 - image_processor - DEBUG - [async_image_processor.py:106] - Downloading image 6 (breed: Scottish Fold)
2025-12-20 00:19:00 - image_processor - DEBUG - [async_image_processor.py:106] - Downloading image 7 (breed: Scottish Fold)
2025-12-20 00:19:00 - image_processor - DEBUG - [async_image_processor.py:106] - Downloading image 8 (breed: Siberian)
2025-12-20 00:19:00 - image_processor - DEBUG - [async_image_processor.py:106] - Downloading image 9 (breed: Singapura)
2025-12-20 00:19:00 - image_processor - DEBUG - [async_image_processor.py:106] - Downloading image 10 (breed: Sphynx)
2025-12-20 00:20:01 - image_processor - WARNING - [async_image_processor.py:127] - Image 7: timeout during download
2025-12-20 00:20:01 - image_processor - WARNING - [async_image_processor.py:127] - Image 8: timeout during download
2025-12-20 00:20:01 - image_processor - WARNING - [async_image_processor.py:127] - Image 9: timeout during download
2025-12-20 00:20:01 - image_processor - WARNING - [async_image_processor.py:127] - Image 10: timeout during download
2025-12-20 00:20:01 - image_processor - WARNING - [async_image_processor.py:127] - Image 6: timeout during download
2025-12-20 00:20:01 - image_processor - INFO - [async_image_processor.py:148] - Parallel download completed: 0/5 successful
2025-12-20 00:20:01 - image_processor - DEBUG - [async_image_processor.py:156] - Creating image objects from 0 metadata entries
2025-12-20 00:20:01 - image_processor - INFO - [async_image_processor.py:179] - Created 0 image objects
2025-12-20 00:20:01 - image_processor - INFO - [async_pipeline.py:79] - Stage 1 completed: All chunks downloaded
2025-12-20 00:20:01 - image_processor - INFO - [async_pipeline.py:155] - Stage 2 completed: All convolutions and operations done
2025-12-20 00:20:01 - image_processor - INFO - [async_pipeline.py:177] - Stage 3 completed: 0 images saved
2025-12-20 00:20:01 - image_processor - INFO - [async_pipeline.py:230] - Pipeline execution completed successfully. Results saved to: C:\Users\Bruss\OneDrive\Рабочий стол\LAB-1\LAB-1\image_processing_project\image_processor\results_async
2025-12-20 00:20:29 - image_processor - DEBUG - [async_image_processor.py:44] - AsyncImageProcessor initialized for cat API
2025-12-20 00:20:29 - image_processor - INFO - [parallel_convolution.py:119] - ParallelConvolutionProcessor initialized with 8 processes (all CPU cores)
2025-12-20 00:20:29 - image_processor - INFO - [async_pipeline.py:53] - AsyncImagePipeline initialized for cat API with chunk_size=5
2025-12-20 00:20:29 - image_processor - INFO - [async_pipeline.py:223] - Pipeline execution started. Total images: 10, Chunk size: 5
2025-12-20 00:20:29 - image_processor - INFO - [async_pipeline.py:164] - Stage 3 started: Saving results
2025-12-20 00:20:29 - image_processor - INFO - [async_pipeline.py:88] - Stage 2 started: Convolution & Arithmetic Operations
2025-12-20 00:20:29 - image_processor - INFO - [async_pipeline.py:59] - Stage 1 started: Downloading 10 images with chunk_size=5
2025-12-20 00:20:29 - image_processor - INFO - [async_image_processor.py:60] - Fetching 10 image URLs from cat API
2025-12-20 00:20:31 - image_processor - INFO - [async_image_processor.py:89] - Successfully fetched 10 image URLs
2025-12-20 00:20:31 - image_processor - INFO - [async_pipeline.py:64] - Total 10 images will be processed in 2 chunk(s)
2025-12-20 00:20:31 - image_processor - INFO - [async_pipeline.py:70] - Processing chunk 1/2: images 1 to 5
2025-12-20 00:20:31 - image_processor - INFO - [async_image_processor.py:137] - Starting parallel download of 5 images
2025-12-20 00:20:31 - image_processor - DEBUG - [async_image_processor.py:106] - Downloading image 1 (breed: British Shorthair)
2025-12-20 00:20:31 - image_processor - DEBUG - [async_image_processor.py:106] - Downloading image 2 (breed: Exotic Shorthair)
2025-12-20 00:20:31 - image_processor - DEBUG - [async_image_processor.py:106] - Downloading image 3 (breed: Havana Brown)
2025-12-20 00:20:31 - image_processor - DEBUG - [async_image_processor.py:106] - Downloading image 4 (breed: Himalayan)
2025-12-20 00:20:31 - image_processor - DEBUG - [async_image_processor.py:106] - Downloading image 5 (breed: Scottish Fold)
2025-12-20 00:20:32 - image_processor - DEBUG - [async_image_processor.py:124] - Image 4 downloaded successfully (shape: (646, 970, 3))
2025-12-20 00:20:32 - image_processor - DEBUG - [async_image_processor.py:124] - Image 1 downloaded successfully (shape: (450, 800, 3))
2025-12-20 00:20:32 - image_processor - DEBUG - [async_image_processor.py:124] - Image 2 downloaded successfully (shape: (792, 1188, 3))
2025-12-20 00:20:33 - image_processor - DEBUG - [async_image_processor.py:124] - Image 5 downloaded successfully (shape: (1080, 1080, 3))
2025-12-20 00:20:33 - image_processor - DEBUG - [async_image_processor.py:124] - Image 3 downloaded successfully (shape: (1365, 2048, 3))
2025-12-20 00:20:33 - image_processor - INFO - [async_image_processor.py:148] - Parallel download completed: 5/5 successful
2025-12-20 00:20:33 - image_processor - DEBUG - [async_image_processor.py:156] - Creating image objects from 5 metadata entries
2025-12-20 00:20:33 - image_processor - DEBUG - [image_processing.py:24] - ImageProcessing instance created
2025-12-20 00:20:33 - image_processor - DEBUG - [abstract_image.py:35] - CatImage created: breed=British Shorthair, shape=(450, 800, 3), url=https://cdn2.thecatapi.com/images/b6Co9acGP.jpg...
2025-12-20 00:20:33 - image_processor - DEBUG - [async_image_processor.py:177] - Image object created for index 1 (breed: British Shorthair)
2025-12-20 00:20:33 - image_processor - DEBUG - [image_processing.py:24] - ImageProcessing instance created
2025-12-20 00:20:33 - image_processor - DEBUG - [abstract_image.py:35] - CatImage created: breed=Exotic Shorthair, shape=(792, 1188, 3), url=https://cdn2.thecatapi.com/images/u3V0SSE-F.jpg...
2025-12-20 00:20:33 - image_processor - DEBUG - [async_image_processor.py:177] - Image object created for index 2 (breed: Exotic Shorthair)
2025-12-20 00:20:33 - image_processor - DEBUG - [image_processing.py:24] - ImageProcessing instance created
2025-12-20 00:20:33 - image_processor - DEBUG - [abstract_image.py:35] - CatImage created: breed=Havana Brown, shape=(1365, 2048, 3), url=https://cdn2.thecatapi.com/images/iFH9iWpDg.jpg...
2025-12-20 00:20:33 - image_processor - DEBUG - [async_image_processor.py:177] - Image object created for index 3 (breed: Havana Brown)
2025-12-20 00:20:33 - image_processor - DEBUG - [image_processing.py:24] - ImageProcessing instance created
2025-12-20 00:20:33 - image_processor - DEBUG - [abstract_image.py:35] - CatImage created: breed=Himalayan, shape=(646, 970, 3), url=https://cdn2.thecatapi.com/images/Rx_gYvR2e.jpg...
2025-12-20 00:20:33 - image_processor - DEBUG - [async_image_processor.py:177] - Image object created for index 4 (breed: Himalayan)
2025-12-20 00:20:33 - image_processor - DEBUG - [image_processing.py:24] - ImageProcessing instance created
2025-12-20 00:20:33 - image_processor - DEBUG - [abstract_image.py:35] - CatImage created: breed=Scottish Fold, shape=(1080, 1080, 3), url=https://cdn2.thecatapi.com/images/TOozwr2OD.jpg...
2025-12-20 00:20:33 - image_processor - DEBUG - [async_image_processor.py:177] - Image object created for index 5 (breed: Scottish Fold)
2025-12-20 00:20:33 - image_processor - INFO - [async_image_processor.py:179] - Created 5 image objects
2025-12-20 00:20:33 - image_processor - DEBUG - [async_pipeline.py:76] - Chunk 1: 5 images ready for processing
2025-12-20 00:20:33 - image_processor - DEBUG - [async_pipeline.py:95] - Processing chunk of 5 images
2025-12-20 00:20:33 - image_processor - INFO - [parallel_convolution.py:127] - Starting parallel custom edge detection for 5 images
2025-12-20 00:20:33 - image_processor - INFO - [parallel_convolution.py:144] - Starting parallel library edge detection for 5 images
2025-12-20 00:20:35 - image_processor - DEBUG - [parallel_convolution.py:48] - Library edge detection worker started for image 1 (PID 10168, breed: British Shorthair)
2025-12-20 00:20:35 - image_processor - DEBUG - [image_processing.py:24] - ImageProcessing instance created
2025-12-20 00:20:35 - image_processor - DEBUG - [image_processing.py:120] - Edge detection (Canny) started
2025-12-20 00:20:35 - image_processor - DEBUG - [image_processing.py:46] - RGB to grayscale conversion started. Image shape: (450, 800, 3)
2025-12-20 00:20:35 - image_processor - DEBUG - [image_processing.py:53] - RGB to grayscale conversion completed. Result shape: (450, 800)
2025-12-20 00:20:35 - image_processor - DEBUG - [image_processing.py:30] - Convolution started. Image shape: (450, 800), kernel shape: (3, 3)
2025-12-20 00:20:35 - image_processor - DEBUG - [image_processing.py:36] - Convolution completed in 0.0054 seconds
2025-12-20 00:20:35 - image_processor - DEBUG - [image_processing.py:30] - Convolution started. Image shape: (450, 800), kernel shape: (3, 3)
2025-12-20 00:20:35 - image_processor - DEBUG - [image_processing.py:36] - Convolution completed in 0.0053 seconds
2025-12-20 00:20:35 - image_processor - DEBUG - [image_processing.py:91] - Non-maximum suppression started
2025-12-20 00:20:35 - image_processor - DEBUG - [parallel_convolution.py:48] - Library edge detection worker started for image 2 (PID 12052, breed: Exotic Shorthair)
2025-12-20 00:20:35 - image_processor - DEBUG - [image_processing.py:24] - ImageProcessing instance created
2025-12-20 00:20:35 - image_processor - DEBUG - [image_processing.py:120] - Edge detection (Canny) started
2025-12-20 00:20:35 - image_processor - DEBUG - [image_processing.py:46] - RGB to grayscale conversion started. Image shape: (792, 1188, 3)
2025-12-20 00:20:35 - image_processor - DEBUG - [parallel_convolution.py:28] - Convolution worker started for image 1 (PID 576, breed: British Shorthair)
2025-12-20 00:20:35 - image_processor - DEBUG - [image_processing.py:24] - ImageProcessing instance created
2025-12-20 00:20:35 - image_processor - DEBUG - [image_processing.py:120] - Edge detection (Canny) started
2025-12-20 00:20:35 - image_processor - DEBUG - [image_processing.py:46] - RGB to grayscale conversion started. Image shape: (450, 800, 3)
2025-12-20 00:20:35 - image_processor - DEBUG - [image_processing.py:53] - RGB to grayscale conversion completed. Result shape: (450, 800)
2025-12-20 00:20:35 - image_processor - DEBUG - [image_processing.py:30] - Convolution started. Image shape: (450, 800), kernel shape: (3, 3)
2025-12-20 00:20:35 - image_processor - DEBUG - [image_processing.py:36] - Convolution completed in 0.0054 seconds
2025-12-20 00:20:35 - image_processor - DEBUG - [image_processing.py:30] - Convolution started. Image shape: (450, 800), kernel shape: (3, 3)
2025-12-20 00:20:35 - image_processor - DEBUG - [image_processing.py:36] - Convolution completed in 0.0055 seconds
2025-12-20 00:20:35 - image_processor - DEBUG - [image_processing.py:53] - RGB to grayscale conversion completed. Result shape: (792, 1188)
2025-12-20 00:20:35 - image_processor - DEBUG - [image_processing.py:30] - Convolution started. Image shape: (792, 1188), kernel shape: (3, 3)
2025-12-20 00:20:35 - image_processor - DEBUG - [image_processing.py:91] - Non-maximum suppression started
2025-12-20 00:20:35 - image_processor - DEBUG - [image_processing.py:36] - Convolution completed in 0.0156 seconds
2025-12-20 00:20:35 - image_processor - DEBUG - [image_processing.py:30] - Convolution started. Image shape: (792, 1188), kernel shape: (3, 3)
2025-12-20 00:20:35 - image_processor - DEBUG - [image_processing.py:36] - Convolution completed in 0.0165 seconds
2025-12-20 00:20:35 - image_processor - DEBUG - [image_processing.py:91] - Non-maximum suppression started
2025-12-20 00:20:35 - image_processor - DEBUG - [parallel_convolution.py:28] - Convolution worker started for image 2 (PID 2088, breed: Exotic Shorthair)
2025-12-20 00:20:35 - image_processor - DEBUG - [image_processing.py:24] - ImageProcessing instance created
2025-12-20 00:20:35 - image_processor - DEBUG - [image_processing.py:120] - Edge detection (Canny) started
2025-12-20 00:20:35 - image_processor - DEBUG - [image_processing.py:46] - RGB to grayscale conversion started. Image shape: (792, 1188, 3)
2025-12-20 00:20:36 - image_processor - DEBUG - [image_processing.py:53] - RGB to grayscale conversion completed. Result shape: (792, 1188)
2025-12-20 00:20:36 - image_processor - DEBUG - [image_processing.py:30] - Convolution started. Image shape: (792, 1188), kernel shape: (3, 3)
2025-12-20 00:20:36 - image_processor - DEBUG - [image_processing.py:36] - Convolution completed in 0.0146 seconds
2025-12-20 00:20:36 - image_processor - DEBUG - [image_processing.py:30] - Convolution started. Image shape: (792, 1188), kernel shape: (3, 3)
2025-12-20 00:20:36 - image_processor - DEBUG - [image_processing.py:36] - Convolution completed in 0.0138 seconds
2025-12-20 00:20:36 - image_processor - DEBUG - [parallel_convolution.py:48] - Library edge detection worker started for image 3 (PID 8764, breed: Havana Brown)
2025-12-20 00:20:36 - image_processor - DEBUG - [image_processing.py:24] - ImageProcessing instance created
2025-12-20 00:20:36 - image_processor - DEBUG - [image_processing.py:120] - Edge detection (Canny) started
2025-12-20 00:20:36 - image_processor - DEBUG - [image_processing.py:46] - RGB to grayscale conversion started. Image shape: (1365, 2048, 3)
2025-12-20 00:20:36 - image_processor - DEBUG - [image_processing.py:91] - Non-maximum suppression started
2025-12-20 00:20:36 - image_processor - DEBUG - [parallel_convolution.py:48] - Library edge detection worker started for image 4 (PID 11332, breed: Himalayan)
2025-12-20 00:20:36 - image_processor - DEBUG - [image_processing.py:24] - ImageProcessing instance created
2025-12-20 00:20:36 - image_processor - DEBUG - [image_processing.py:120] - Edge detection (Canny) started
2025-12-20 00:20:36 - image_processor - DEBUG - [image_processing.py:46] - RGB to grayscale conversion started. Image shape: (646, 970, 3)
2025-12-20 00:20:36 - image_processor - DEBUG - [image_processing.py:53] - RGB to grayscale conversion completed. Result shape: (646, 970)
2025-12-20 00:20:36 - image_processor - DEBUG - [image_processing.py:30] - Convolution started. Image shape: (646, 970), kernel shape: (3, 3)
2025-12-20 00:20:36 - image_processor - DEBUG - [image_processing.py:36] - Convolution completed in 0.0163 seconds
2025-12-20 00:20:36 - image_processor - DEBUG - [image_processing.py:30] - Convolution started. Image shape: (646, 970), kernel shape: (3, 3)
2025-12-20 00:20:36 - image_processor - DEBUG - [image_processing.py:36] - Convolution completed in 0.0114 seconds
2025-12-20 00:20:36 - image_processor - DEBUG - [parallel_convolution.py:48] - Library edge detection worker started for image 5 (PID 14828, breed: Scottish Fold)
2025-12-20 00:20:36 - image_processor - DEBUG - [image_processing.py:24] - ImageProcessing instance created
2025-12-20 00:20:36 - image_processor - DEBUG - [image_processing.py:120] - Edge detection (Canny) started
2025-12-20 00:20:36 - image_processor - DEBUG - [image_processing.py:46] - RGB to grayscale conversion started. Image shape: (1080, 1080, 3)
2025-12-20 00:20:36 - image_processor - DEBUG - [image_processing.py:91] - Non-maximum suppression started
2025-12-20 00:20:36 - image_processor - DEBUG - [parallel_convolution.py:28] - Convolution worker started for image 3 (PID 18992, breed: Havana Brown)
2025-12-20 00:20:36 - image_processor - DEBUG - [image_processing.py:24] - ImageProcessing instance created
2025-12-20 00:20:36 - image_processor - DEBUG - [image_processing.py:120] - Edge detection (Canny) started
2025-12-20 00:20:36 - image_processor - DEBUG - [image_processing.py:46] - RGB to grayscale conversion started. Image shape: (1365, 2048, 3)
2025-12-20 00:20:36 - image_processor - DEBUG - [image_processing.py:53] - RGB to grayscale conversion completed. Result shape: (1365, 2048)
2025-12-20 00:20:36 - image_processor - DEBUG - [image_processing.py:30] - Convolution started. Image shape: (1365, 2048), kernel shape: (3, 3)
2025-12-20 00:20:36 - image_processor - DEBUG - [image_processing.py:53] - RGB to grayscale conversion completed. Result shape: (1080, 1080)
2025-12-20 00:20:36 - image_processor - DEBUG - [image_processing.py:30] - Convolution started. Image shape: (1080, 1080), kernel shape: (3, 3)
2025-12-20 00:20:36 - image_processor - DEBUG - [image_processing.py:36] - Convolution completed in 0.0436 seconds
2025-12-20 00:20:36 - image_processor - DEBUG - [image_processing.py:30] - Convolution started. Image shape: (1080, 1080), kernel shape: (3, 3)
2025-12-20 00:20:36 - image_processor - DEBUG - [image_processing.py:36] - Convolution completed in 0.0190 seconds
2025-12-20 00:20:36 - image_processor - DEBUG - [image_processing.py:36] - Convolution completed in 0.1135 seconds
2025-12-20 00:20:36 - image_processor - DEBUG - [image_processing.py:30] - Convolution started. Image shape: (1365, 2048), kernel shape: (3, 3)
2025-12-20 00:20:36 - image_processor - DEBUG - [image_processing.py:91] - Non-maximum suppression started
2025-12-20 00:20:36 - image_processor - DEBUG - [image_processing.py:53] - RGB to grayscale conversion completed. Result shape: (1365, 2048)
2025-12-20 00:20:36 - image_processor - DEBUG - [image_processing.py:36] - Convolution completed in 0.0511 seconds
2025-12-20 00:20:36 - image_processor - DEBUG - [image_processing.py:30] - Convolution started. Image shape: (1365, 2048), kernel shape: (3, 3)
2025-12-20 00:20:36 - image_processor - DEBUG - [parallel_convolution.py:28] - Convolution worker started for image 4 (PID 17360, breed: Himalayan)
2025-12-20 00:20:36 - image_processor - DEBUG - [image_processing.py:24] - ImageProcessing instance created
2025-12-20 00:20:36 - image_processor - DEBUG - [image_processing.py:120] - Edge detection (Canny) started
2025-12-20 00:20:36 - image_processor - DEBUG - [image_processing.py:46] - RGB to grayscale conversion started. Image shape: (646, 970, 3)
2025-12-20 00:20:36 - image_processor - DEBUG - [image_processing.py:36] - Convolution completed in 0.1058 seconds
2025-12-20 00:20:36 - image_processor - DEBUG - [image_processing.py:30] - Convolution started. Image shape: (1365, 2048), kernel shape: (3, 3)
2025-12-20 00:20:36 - image_processor - DEBUG - [image_processing.py:53] - RGB to grayscale conversion completed. Result shape: (646, 970)
2025-12-20 00:20:36 - image_processor - DEBUG - [image_processing.py:30] - Convolution started. Image shape: (646, 970), kernel shape: (3, 3)
2025-12-20 00:20:36 - image_processor - DEBUG - [image_processing.py:36] - Convolution completed in 0.0150 seconds
2025-12-20 00:20:36 - image_processor - DEBUG - [image_processing.py:30] - Convolution started. Image shape: (646, 970), kernel shape: (3, 3)
2025-12-20 00:20:36 - image_processor - DEBUG - [image_processing.py:113] - Non-maximum suppression completed
2025-12-20 00:20:36 - image_processor - DEBUG - [image_processing.py:139] - Edge detection completed in 0.8370 seconds
2025-12-20 00:20:36 - image_processor - DEBUG - [parallel_convolution.py:53] - Library edge detection worker finished for image 1 (PID 10168)
2025-12-20 00:20:36 - image_processor - DEBUG - [parallel_convolution.py:28] - Convolution worker started for image 5 (PID 12004, breed: Scottish Fold)
2025-12-20 00:20:36 - image_processor - DEBUG - [image_processing.py:24] - ImageProcessing instance created
2025-12-20 00:20:36 - image_processor - DEBUG - [image_processing.py:120] - Edge detection (Canny) started
2025-12-20 00:20:36 - image_processor - DEBUG - [image_processing.py:46] - RGB to grayscale conversion started. Image shape: (1080, 1080, 3)
2025-12-20 00:20:36 - image_processor - DEBUG - [image_processing.py:36] - Convolution completed in 0.0323 seconds
2025-12-20 00:20:36 - image_processor - DEBUG - [image_processing.py:91] - Non-maximum suppression started
2025-12-20 00:20:36 - image_processor - DEBUG - [image_processing.py:36] - Convolution completed in 0.0838 seconds
2025-12-20 00:20:36 - image_processor - DEBUG - [image_processing.py:91] - Non-maximum suppression started
2025-12-20 00:20:36 - image_processor - DEBUG - [image_processing.py:113] - Non-maximum suppression completed
2025-12-20 00:20:36 - image_processor - DEBUG - [image_processing.py:139] - Edge detection completed in 0.8613 seconds
2025-12-20 00:20:36 - image_processor - DEBUG - [parallel_convolution.py:33] - Convolution worker finished for image 1 (PID 576)
2025-12-20 00:20:36 - image_processor - DEBUG - [image_processing.py:53] - RGB to grayscale conversion completed. Result shape: (1080, 1080)
2025-12-20 00:20:36 - image_processor - DEBUG - [image_processing.py:30] - Convolution started. Image shape: (1080, 1080), kernel shape: (3, 3)
2025-12-20 00:20:36 - image_processor - DEBUG - [image_processing.py:36] - Convolution completed in 0.0240 seconds
2025-12-20 00:20:36 - image_processor - DEBUG - [image_processing.py:30] - Convolution started. Image shape: (1080, 1080), kernel shape: (3, 3)
2025-12-20 00:20:36 - image_processor - DEBUG - [image_processing.py:36] - Convolution completed in 0.0244 seconds
2025-12-20 00:20:36 - image_processor - DEBUG - [image_processing.py:91] - Non-maximum suppression started
2025-12-20 00:20:36 - image_processor - DEBUG - [image_processing.py:91] - Non-maximum suppression started
2025-12-20 00:20:37 - image_processor - DEBUG - [image_processing.py:113] - Non-maximum suppression completed
2025-12-20 00:20:37 - image_processor - DEBUG - [image_processing.py:139] - Edge detection completed in 1.8428 seconds
2025-12-20 00:20:37 - image_processor - DEBUG - [parallel_convolution.py:53] - Library edge detection worker finished for image 4 (PID 11332)
2025-12-20 00:20:38 - image_processor - DEBUG - [image_processing.py:113] - Non-maximum suppression completed
2025-12-20 00:20:38 - image_processor - DEBUG - [image_processing.py:113] - Non-maximum suppression completed
2025-12-20 00:20:38 - image_processor - DEBUG - [image_processing.py:139] - Edge detection completed in 2.3537 seconds
2025-12-20 00:20:38 - image_processor - DEBUG - [image_processing.py:139] - Edge detection completed in 1.6951 seconds
2025-12-20 00:20:38 - image_processor - DEBUG - [parallel_convolution.py:33] - Convolution worker finished for image 4 (PID 17360)
2025-12-20 00:20:38 - image_processor - DEBUG - [parallel_convolution.py:53] - Library edge detection worker finished for image 2 (PID 12052)
2025-12-20 00:20:38 - image_processor - DEBUG - [image_processing.py:113] - Non-maximum suppression completed
2025-12-20 00:20:38 - image_processor - DEBUG - [image_processing.py:139] - Edge detection completed in 2.3502 seconds
2025-12-20 00:20:38 - image_processor - DEBUG - [parallel_convolution.py:33] - Convolution worker finished for image 2 (PID 2088)
2025-12-20 00:20:39 - image_processor - DEBUG - [image_processing.py:113] - Non-maximum suppression completed
2025-12-20 00:20:39 - image_processor - DEBUG - [image_processing.py:139] - Edge detection completed in 2.8437 seconds
2025-12-20 00:20:39 - image_processor - DEBUG - [parallel_convolution.py:53] - Library edge detection worker finished for image 5 (PID 14828)
2025-12-20 00:20:39 - image_processor - DEBUG - [image_processing.py:113] - Non-maximum suppression completed
2025-12-20 00:20:39 - image_processor - DEBUG - [image_processing.py:139] - Edge detection completed in 2.5574 seconds
2025-12-20 00:20:39 - image_processor - DEBUG - [parallel_convolution.py:33] - Convolution worker finished for image 5 (PID 12004)
2025-12-20 00:20:43 - image_processor - DEBUG - [image_processing.py:113] - Non-maximum suppression completed
2025-12-20 00:20:43 - image_processor - DEBUG - [image_processing.py:139] - Edge detection completed in 7.2113 seconds
2025-12-20 00:20:43 - image_processor - DEBUG - [parallel_convolution.py:53] - Library edge detection worker finished for image 3 (PID 8764)
2025-12-20 00:20:43 - image_processor - DEBUG - [image_processing.py:113] - Non-maximum suppression completed
2025-12-20 00:20:43 - image_processor - INFO - [parallel_convolution.py:154] - Parallel library edge detection completed for 5 images
2025-12-20 00:20:43 - image_processor - DEBUG - [image_processing.py:139] - Edge detection completed in 7.1057 seconds
2025-12-20 00:20:43 - image_processor - DEBUG - [parallel_convolution.py:33] - Convolution worker finished for image 3 (PID 18992)
2025-12-20 00:20:43 - image_processor - INFO - [parallel_convolution.py:137] - Parallel custom edge detection completed for 5 images
2025-12-20 00:20:43 - image_processor - DEBUG - [async_pipeline.py:113] - Edge detection completed
2025-12-20 00:20:43 - image_processor - INFO - [parallel_convolution.py:166] - Starting parallel arithmetic operations for 5 images
2025-12-20 00:20:44 - image_processor - DEBUG - [parallel_convolution.py:70] - Arithmetic operations worker started for image 1 (PID 4700, breed: British Shorthair)
2025-12-20 00:20:44 - image_processor - DEBUG - [abstract_image.py:141] - Addition operation started
2025-12-20 00:20:44 - image_processor - DEBUG - [abstract_image.py:129] - Converting grayscale to RGB (3 channels)
2025-12-20 00:20:44 - image_processor - DEBUG - [parallel_convolution.py:70] - Arithmetic operations worker started for image 2 (PID 21296, breed: Exotic Shorthair)
2025-12-20 00:20:44 - image_processor - DEBUG - [abstract_image.py:141] - Addition operation started
2025-12-20 00:20:44 - image_processor - DEBUG - [abstract_image.py:129] - Converting grayscale to RGB (3 channels)
2025-12-20 00:20:44 - image_processor - DEBUG - [abstract_image.py:166] - Addition operation completed. Result shape: (450, 800, 3)
2025-12-20 00:20:44 - image_processor - DEBUG - [image_processing.py:24] - ImageProcessing instance created
2025-12-20 00:20:44 - image_processor - DEBUG - [abstract_image.py:35] - CatImage created: breed=British Shorthair+processed, shape=(450, 800, 3), url=combined_British Shorthair...
2025-12-20 00:20:44 - image_processor - DEBUG - [abstract_image.py:173] - Subtraction operation started
2025-12-20 00:20:44 - image_processor - DEBUG - [abstract_image.py:129] - Converting grayscale to RGB (3 channels)
2025-12-20 00:20:44 - image_processor - DEBUG - [abstract_image.py:198] - Subtraction operation completed. Result shape: (450, 800, 3)
2025-12-20 00:20:44 - image_processor - DEBUG - [image_processing.py:24] - ImageProcessing instance created
2025-12-20 00:20:44 - image_processor - DEBUG - [abstract_image.py:35] - CatImage created: breed=British Shorthair-processed, shape=(450, 800, 3), url=subtracted_British Shorthair...
2025-12-20 00:20:44 - image_processor - DEBUG - [abstract_image.py:141] - Addition operation started
2025-12-20 00:20:44 - image_processor - DEBUG - [abstract_image.py:129] - Converting grayscale to RGB (3 channels)
2025-12-20 00:20:44 - image_processor - DEBUG - [abstract_image.py:166] - Addition operation completed. Result shape: (450, 800, 3)
2025-12-20 00:20:44 - image_processor - DEBUG - [image_processing.py:24] - ImageProcessing instance created
2025-12-20 00:20:44 - image_processor - DEBUG - [abstract_image.py:35] - CatImage created: breed=British Shorthair+processed, shape=(450, 800, 3), url=combined_British Shorthair...
2025-12-20 00:20:44 - image_processor - DEBUG - [abstract_image.py:173] - Subtraction operation started
2025-12-20 00:20:44 - image_processor - DEBUG - [abstract_image.py:129] - Converting grayscale to RGB (3 channels)
2025-12-20 00:20:44 - image_processor - DEBUG - [parallel_convolution.py:70] - Arithmetic operations worker started for image 3 (PID 5860, breed: Havana Brown)
2025-12-20 00:20:44 - image_processor - DEBUG - [abstract_image.py:141] - Addition operation started
2025-12-20 00:20:44 - image_processor - DEBUG - [abstract_image.py:129] - Converting grayscale to RGB (3 channels)
2025-12-20 00:20:44 - image_processor - DEBUG - [parallel_convolution.py:70] - Arithmetic operations worker started for image 4 (PID 20900, breed: Himalayan)
2025-12-20 00:20:44 - image_processor - DEBUG - [abstract_image.py:141] - Addition operation started
2025-12-20 00:20:44 - image_processor - DEBUG - [abstract_image.py:129] - Converting grayscale to RGB (3 channels)
2025-12-20 00:20:44 - image_processor - DEBUG - [abstract_image.py:166] - Addition operation completed. Result shape: (792, 1188, 3)
2025-12-20 00:20:44 - image_processor - DEBUG - [image_processing.py:24] - ImageProcessing instance created
2025-12-20 00:20:44 - image_processor - DEBUG - [abstract_image.py:35] - CatImage created: breed=Exotic Shorthair+processed, shape=(792, 1188, 3), url=combined_Exotic Shorthair...
2025-12-20 00:20:44 - image_processor - DEBUG - [abstract_image.py:173] - Subtraction operation started
2025-12-20 00:20:44 - image_processor - DEBUG - [abstract_image.py:129] - Converting grayscale to RGB (3 channels)
2025-12-20 00:20:44 - image_processor - DEBUG - [abstract_image.py:198] - Subtraction operation completed. Result shape: (450, 800, 3)
2025-12-20 00:20:44 - image_processor - DEBUG - [image_processing.py:24] - ImageProcessing instance created
2025-12-20 00:20:44 - image_processor - DEBUG - [abstract_image.py:35] - CatImage created: breed=British Shorthair-processed, shape=(450, 800, 3), url=subtracted_British Shorthair...
2025-12-20 00:20:44 - image_processor - DEBUG - [parallel_convolution.py:85] - Arithmetic operations worker finished for image 1 (PID 4700)
2025-12-20 00:20:44 - image_processor - DEBUG - [parallel_convolution.py:70] - Arithmetic operations worker started for image 5 (PID 17112, breed: Scottish Fold)
2025-12-20 00:20:44 - image_processor - DEBUG - [abstract_image.py:141] - Addition operation started
2025-12-20 00:20:44 - image_processor - DEBUG - [abstract_image.py:129] - Converting grayscale to RGB (3 channels)
2025-12-20 00:20:44 - image_processor - DEBUG - [abstract_image.py:166] - Addition operation completed. Result shape: (646, 970, 3)
2025-12-20 00:20:44 - image_processor - DEBUG - [image_processing.py:24] - ImageProcessing instance created
2025-12-20 00:20:44 - image_processor - DEBUG - [abstract_image.py:35] - CatImage created: breed=Himalayan+processed, shape=(646, 970, 3), url=combined_Himalayan...
2025-12-20 00:20:44 - image_processor - DEBUG - [abstract_image.py:173] - Subtraction operation started
2025-12-20 00:20:44 - image_processor - DEBUG - [abstract_image.py:129] - Converting grayscale to RGB (3 channels)
2025-12-20 00:20:44 - image_processor - DEBUG - [abstract_image.py:198] - Subtraction operation completed. Result shape: (792, 1188, 3)
2025-12-20 00:20:44 - image_processor - DEBUG - [image_processing.py:24] - ImageProcessing instance created
2025-12-20 00:20:44 - image_processor - DEBUG - [abstract_image.py:35] - CatImage created: breed=Exotic Shorthair-processed, shape=(792, 1188, 3), url=subtracted_Exotic Shorthair...
2025-12-20 00:20:44 - image_processor - DEBUG - [abstract_image.py:141] - Addition operation started
2025-12-20 00:20:44 - image_processor - DEBUG - [abstract_image.py:129] - Converting grayscale to RGB (3 channels)
2025-12-20 00:20:44 - image_processor - DEBUG - [abstract_image.py:198] - Subtraction operation completed. Result shape: (646, 970, 3)
2025-12-20 00:20:44 - image_processor - DEBUG - [image_processing.py:24] - ImageProcessing instance created
2025-12-20 00:20:44 - image_processor - DEBUG - [abstract_image.py:35] - CatImage created: breed=Himalayan-processed, shape=(646, 970, 3), url=subtracted_Himalayan...
2025-12-20 00:20:44 - image_processor - DEBUG - [abstract_image.py:141] - Addition operation started
2025-12-20 00:20:44 - image_processor - DEBUG - [abstract_image.py:129] - Converting grayscale to RGB (3 channels)
2025-12-20 00:20:44 - image_processor - DEBUG - [abstract_image.py:166] - Addition operation completed. Result shape: (1080, 1080, 3)
2025-12-20 00:20:44 - image_processor - DEBUG - [image_processing.py:24] - ImageProcessing instance created
2025-12-20 00:20:44 - image_processor - DEBUG - [abstract_image.py:35] - CatImage created: breed=Scottish Fold+processed, shape=(1080, 1080, 3), url=combined_Scottish Fold...
2025-12-20 00:20:44 - image_processor - DEBUG - [abstract_image.py:173] - Subtraction operation started
2025-12-20 00:20:44 - image_processor - DEBUG - [abstract_image.py:129] - Converting grayscale to RGB (3 channels)
2025-12-20 00:20:44 - image_processor - DEBUG - [abstract_image.py:166] - Addition operation completed. Result shape: (646, 970, 3)
2025-12-20 00:20:44 - image_processor - DEBUG - [image_processing.py:24] - ImageProcessing instance created
2025-12-20 00:20:44 - image_processor - DEBUG - [abstract_image.py:35] - CatImage created: breed=Himalayan+processed, shape=(646, 970, 3), url=combined_Himalayan...
2025-12-20 00:20:44 - image_processor - DEBUG - [abstract_image.py:173] - Subtraction operation started
2025-12-20 00:20:44 - image_processor - DEBUG - [abstract_image.py:129] - Converting grayscale to RGB (3 channels)
2025-12-20 00:20:44 - image_processor - DEBUG - [abstract_image.py:166] - Addition operation completed. Result shape: (792, 1188, 3)
2025-12-20 00:20:44 - image_processor - DEBUG - [image_processing.py:24] - ImageProcessing instance created
2025-12-20 00:20:44 - image_processor - DEBUG - [abstract_image.py:35] - CatImage created: breed=Exotic Shorthair+processed, shape=(792, 1188, 3), url=combined_Exotic Shorthair...
2025-12-20 00:20:44 - image_processor - DEBUG - [abstract_image.py:173] - Subtraction operation started
2025-12-20 00:20:44 - image_processor - DEBUG - [abstract_image.py:129] - Converting grayscale to RGB (3 channels)
2025-12-20 00:20:44 - image_processor - DEBUG - [abstract_image.py:198] - Subtraction operation completed. Result shape: (646, 970, 3)
2025-12-20 00:20:44 - image_processor - DEBUG - [image_processing.py:24] - ImageProcessing instance created
2025-12-20 00:20:44 - image_processor - DEBUG - [abstract_image.py:35] - CatImage created: breed=Himalayan-processed, shape=(646, 970, 3), url=subtracted_Himalayan...
2025-12-20 00:20:44 - image_processor - DEBUG - [parallel_convolution.py:85] - Arithmetic operations worker finished for image 4 (PID 20900)
2025-12-20 00:20:44 - image_processor - DEBUG - [abstract_image.py:198] - Subtraction operation completed. Result shape: (1080, 1080, 3)
2025-12-20 00:20:44 - image_processor - DEBUG - [image_processing.py:24] - ImageProcessing instance created
2025-12-20 00:20:44 - image_processor - DEBUG - [abstract_image.py:35] - CatImage created: breed=Scottish Fold-processed, shape=(1080, 1080, 3), url=subtracted_Scottish Fold...
2025-12-20 00:20:44 - image_processor - DEBUG - [abstract_image.py:141] - Addition operation started
2025-12-20 00:20:44 - image_processor - DEBUG - [abstract_image.py:129] - Converting grayscale to RGB (3 channels)
2025-12-20 00:20:44 - image_processor - DEBUG - [abstract_image.py:166] - Addition operation completed. Result shape: (1365, 2048, 3)
2025-12-20 00:20:44 - image_processor - DEBUG - [image_processing.py:24] - ImageProcessing instance created
2025-12-20 00:20:44 - image_processor - DEBUG - [abstract_image.py:35] - CatImage created: breed=Havana Brown+processed, shape=(1365, 2048, 3), url=combined_Havana Brown...
2025-12-20 00:20:44 - image_processor - DEBUG - [abstract_image.py:173] - Subtraction operation started
2025-12-20 00:20:44 - image_processor - DEBUG - [abstract_image.py:129] - Converting grayscale to RGB (3 channels)
2025-12-20 00:20:44 - image_processor - DEBUG - [abstract_image.py:198] - Subtraction operation completed. Result shape: (792, 1188, 3)
2025-12-20 00:20:44 - image_processor - DEBUG - [image_processing.py:24] - ImageProcessing instance created
2025-12-20 00:20:44 - image_processor - DEBUG - [abstract_image.py:35] - CatImage created: breed=Exotic Shorthair-processed, shape=(792, 1188, 3), url=subtracted_Exotic Shorthair...
2025-12-20 00:20:44 - image_processor - DEBUG - [parallel_convolution.py:85] - Arithmetic operations worker finished for image 2 (PID 21296)
2025-12-20 00:20:44 - image_processor - DEBUG - [abstract_image.py:166] - Addition operation completed. Result shape: (1080, 1080, 3)
2025-12-20 00:20:44 - image_processor - DEBUG - [image_processing.py:24] - ImageProcessing instance created
2025-12-20 00:20:44 - image_processor - DEBUG - [abstract_image.py:35] - CatImage created: breed=Scottish Fold+processed, shape=(1080, 1080, 3), url=combined_Scottish Fold...
2025-12-20 00:20:44 - image_processor - DEBUG - [abstract_image.py:173] - Subtraction operation started
2025-12-20 00:20:44 - image_processor - DEBUG - [abstract_image.py:129] - Converting grayscale to RGB (3 channels)
2025-12-20 00:20:44 - image_processor - DEBUG - [abstract_image.py:198] - Subtraction operation completed. Result shape: (1080, 1080, 3)
2025-12-20 00:20:44 - image_processor - DEBUG - [image_processing.py:24] - ImageProcessing instance created
2025-12-20 00:20:44 - image_processor - DEBUG - [abstract_image.py:35] - CatImage created: breed=Scottish Fold-processed, shape=(1080, 1080, 3), url=subtracted_Scottish Fold...
2025-12-20 00:20:44 - image_processor - DEBUG - [parallel_convolution.py:85] - Arithmetic operations worker finished for image 5 (PID 17112)
2025-12-20 00:20:45 - image_processor - DEBUG - [abstract_image.py:198] - Subtraction operation completed. Result shape: (1365, 2048, 3)
2025-12-20 00:20:45 - image_processor - DEBUG - [image_processing.py:24] - ImageProcessing instance created
2025-12-20 00:20:45 - image_processor - DEBUG - [abstract_image.py:35] - CatImage created: breed=Havana Brown-processed, shape=(1365, 2048, 3), url=subtracted_Havana Brown...
2025-12-20 00:20:45 - image_processor - DEBUG - [abstract_image.py:141] - Addition operation started
2025-12-20 00:20:45 - image_processor - DEBUG - [abstract_image.py:129] - Converting grayscale to RGB (3 channels)
2025-12-20 00:20:45 - image_processor - DEBUG - [abstract_image.py:166] - Addition operation completed. Result shape: (1365, 2048, 3)
2025-12-20 00:20:45 - image_processor - DEBUG - [image_processing.py:24] - ImageProcessing instance created
2025-12-20 00:20:45 - image_processor - DEBUG - [abstract_image.py:35] - CatImage created: breed=Havana Brown+processed, shape=(1365, 2048, 3), url=combined_Havana Brown...
2025-12-20 00:20:45 - image_processor - DEBUG - [abstract_image.py:173] - Subtraction operation started
2025-12-20 00:20:45 - image_processor - DEBUG - [abstract_image.py:129] - Converting grayscale to RGB (3 channels)
2025-12-20 00:20:45 - image_processor - DEBUG - [abstract_image.py:198] - Subtraction operation completed. Result shape: (1365, 2048, 3)
2025-12-20 00:20:45 - image_processor - DEBUG - [image_processing.py:24] - ImageProcessing instance created
2025-12-20 00:20:45 - image_processor - DEBUG - [abstract_image.py:35] - CatImage created: breed=Havana Brown-processed, shape=(1365, 2048, 3), url=subtracted_Havana Brown...
2025-12-20 00:20:45 - image_processor - DEBUG - [parallel_convolution.py:85] - Arithmetic operations worker finished for image 3 (PID 5860)
2025-12-20 00:20:45 - image_processor - INFO - [parallel_convolution.py:193] - Parallel arithmetic operations completed for 5 images
2025-12-20 00:20:45 - image_processor - DEBUG - [async_pipeline.py:124] - Arithmetic operations completed
2025-12-20 00:20:45 - image_processor - DEBUG - [async_pipeline.py:152] - Chunk processed: 5 images with all operations completed
2025-12-20 00:20:45 - image_processor - DEBUG - [async_pipeline.py:187] - Saving image 1 (British Shorthair)
2025-12-20 00:20:45 - image_processor - DEBUG - [async_pipeline.py:187] - Saving image 2 (Exotic Shorthair)
2025-12-20 00:20:45 - image_processor - DEBUG - [async_pipeline.py:187] - Saving image 3 (Havana Brown)
2025-12-20 00:20:45 - image_processor - DEBUG - [async_pipeline.py:187] - Saving image 4 (Himalayan)
2025-12-20 00:20:45 - image_processor - DEBUG - [async_pipeline.py:187] - Saving image 5 (Scottish Fold)
2025-12-20 00:20:46 - image_processor - DEBUG - [async_pipeline.py:203] - Image 1 saved (3 files)
2025-12-20 00:20:46 - image_processor - DEBUG - [async_pipeline.py:203] - Image 2 saved (3 files)
2025-12-20 00:20:46 - image_processor - DEBUG - [async_pipeline.py:203] - Image 3 saved (3 files)
2025-12-20 00:20:46 - image_processor - DEBUG - [async_pipeline.py:203] - Image 4 saved (3 files)
2025-12-20 00:20:46 - image_processor - DEBUG - [async_pipeline.py:203] - Image 5 saved (3 files)
2025-12-20 00:20:46 - image_processor - INFO - [async_pipeline.py:70] - Processing chunk 2/2: images 6 to 10
2025-12-20 00:20:46 - image_processor - INFO - [async_image_processor.py:137] - Starting parallel download of 5 images
2025-12-20 00:20:46 - image_processor - DEBUG - [async_image_processor.py:106] - Downloading image 6 (breed: Snowshoe)
2025-12-20 00:20:46 - image_processor - DEBUG - [async_image_processor.py:106] - Downloading image 7 (breed: Tonkinese)
2025-12-20 00:20:46 - image_processor - DEBUG - [async_image_processor.py:106] - Downloading image 8 (breed: Toyger)
2025-12-20 00:20:46 - image_processor - DEBUG - [async_image_processor.py:106] - Downloading image 9 (breed: Turkish Angora)
2025-12-20 00:20:46 - image_processor - DEBUG - [async_image_processor.py:106] - Downloading image 10 (breed: Turkish Van)
2025-12-20 00:20:47 - image_processor - DEBUG - [async_image_processor.py:124] - Image 7 downloaded successfully (shape: (1080, 1080, 3))
2025-12-20 00:20:47 - image_processor - DEBUG - [async_image_processor.py:124] - Image 8 downloaded successfully (shape: (1080, 1080, 3))
2025-12-20 00:20:47 - image_processor - DEBUG - [async_image_processor.py:124] - Image 9 downloaded successfully (shape: (1080, 1080, 3))
2025-12-20 00:20:47 - image_processor - DEBUG - [async_image_processor.py:124] - Image 10 downloaded successfully (shape: (1330, 1127, 3))
2025-12-20 00:20:48 - image_processor - DEBUG - [async_image_processor.py:124] - Image 6 downloaded successfully (shape: (750, 750, 3))
2025-12-20 00:20:48 - image_processor - INFO - [async_image_processor.py:148] - Parallel download completed: 5/5 successful
2025-12-20 00:20:48 - image_processor - DEBUG - [async_image_processor.py:156] - Creating image objects from 5 metadata entries
2025-12-20 00:20:48 - image_processor - DEBUG - [image_processing.py:24] - ImageProcessing instance created
2025-12-20 00:20:48 - image_processor - DEBUG - [abstract_image.py:35] - CatImage created: breed=Snowshoe, shape=(750, 750, 3), url=https://cdn2.thecatapi.com/images/t4f-Ov8YD.jpg...
2025-12-20 00:20:48 - image_processor - DEBUG - [async_image_processor.py:177] - Image object created for index 6 (breed: Snowshoe)
2025-12-20 00:20:48 - image_processor - DEBUG - [image_processing.py:24] - ImageProcessing instance created
2025-12-20 00:20:48 - image_processor - DEBUG - [abstract_image.py:35] - CatImage created: breed=Tonkinese, shape=(1080, 1080, 3), url=https://cdn2.thecatapi.com/images/pB_IDnwMf.jpg...
2025-12-20 00:20:48 - image_processor - DEBUG - [async_image_processor.py:177] - Image object created for index 7 (breed: Tonkinese)
2025-12-20 00:20:48 - image_processor - DEBUG - [image_processing.py:24] - ImageProcessing instance created
2025-12-20 00:20:48 - image_processor - DEBUG - [abstract_image.py:35] - CatImage created: breed=Toyger, shape=(1080, 1080, 3), url=https://cdn2.thecatapi.com/images/O3F3_S1XN.jpg...
2025-12-20 00:20:48 - image_processor - DEBUG - [async_image_processor.py:177] - Image object created for index 8 (breed: Toyger)
2025-12-20 00:20:48 - image_processor - DEBUG - [image_processing.py:24] - ImageProcessing instance created
2025-12-20 00:20:48 - image_processor - DEBUG - [abstract_image.py:35] - CatImage created: breed=Turkish Angora, shape=(1080, 1080, 3), url=https://cdn2.thecatapi.com/images/41Fe8q9vU.jpg...
2025-12-20 00:20:48 - image_processor - DEBUG - [async_image_processor.py:177] - Image object created for index 9 (breed: Turkish Angora)
2025-12-20 00:20:48 - image_processor - DEBUG - [image_processing.py:24] - ImageProcessing instance created
2025-12-20 00:20:48 - image_processor - DEBUG - [abstract_image.py:35] - CatImage created: breed=Turkish Van, shape=(1330, 1127, 3), url=https://cdn2.thecatapi.com/images/RvfGGt00v.jpg...
2025-12-20 00:20:48 - image_processor - DEBUG - [async_image_processor.py:177] - Image object created for index 10 (breed: Turkish Van)
2025-12-20 00:20:48 - image_processor - INFO - [async_image_processor.py:179] - Created 5 image objects
2025-12-20 00:20:48 - image_processor - DEBUG - [async_pipeline.py:76] - Chunk 2: 5 images ready for processing
2025-12-20 00:20:48 - image_processor - DEBUG - [async_pipeline.py:95] - Processing chunk of 5 images
2025-12-20 00:20:48 - image_processor - INFO - [parallel_convolution.py:127] - Starting parallel custom edge detection for 5 images
2025-12-20 00:20:48 - image_processor - INFO - [parallel_convolution.py:144] - Starting parallel library edge detection for 5 images
2025-12-20 00:20:50 - image_processor - DEBUG - [parallel_convolution.py:28] - Convolution worker started for image 6 (PID 15304, breed: Snowshoe)
2025-12-20 00:20:50 - image_processor - DEBUG - [image_processing.py:24] - ImageProcessing instance created
2025-12-20 00:20:50 - image_processor - DEBUG - [image_processing.py:120] - Edge detection (Canny) started
2025-12-20 00:20:50 - image_processor - DEBUG - [image_processing.py:46] - RGB to grayscale conversion started. Image shape: (750, 750, 3)
2025-12-20 00:20:50 - image_processor - DEBUG - [image_processing.py:53] - RGB to grayscale conversion completed. Result shape: (750, 750)
2025-12-20 00:20:50 - image_processor - DEBUG - [image_processing.py:30] - Convolution started. Image shape: (750, 750), kernel shape: (3, 3)
2025-12-20 00:20:50 - image_processor - DEBUG - [image_processing.py:36] - Convolution completed in 0.0088 seconds
2025-12-20 00:20:50 - image_processor - DEBUG - [image_processing.py:30] - Convolution started. Image shape: (750, 750), kernel shape: (3, 3)
2025-12-20 00:20:50 - image_processor - DEBUG - [parallel_convolution.py:28] - Convolution worker started for image 7 (PID 15200, breed: Tonkinese)
2025-12-20 00:20:50 - image_processor - DEBUG - [image_processing.py:24] - ImageProcessing instance created
2025-12-20 00:20:50 - image_processor - DEBUG - [image_processing.py:120] - Edge detection (Canny) started
2025-12-20 00:20:50 - image_processor - DEBUG - [image_processing.py:46] - RGB to grayscale conversion started. Image shape: (1080, 1080, 3)
2025-12-20 00:20:50 - image_processor - DEBUG - [image_processing.py:36] - Convolution completed in 0.0086 seconds
2025-12-20 00:20:50 - image_processor - DEBUG - [parallel_convolution.py:28] - Convolution worker started for image 8 (PID 3136, breed: Toyger)
2025-12-20 00:20:50 - image_processor - DEBUG - [image_processing.py:24] - ImageProcessing instance created
2025-12-20 00:20:50 - image_processor - DEBUG - [image_processing.py:120] - Edge detection (Canny) started
2025-12-20 00:20:50 - image_processor - DEBUG - [image_processing.py:46] - RGB to grayscale conversion started. Image shape: (1080, 1080, 3)
2025-12-20 00:20:50 - image_processor - DEBUG - [image_processing.py:91] - Non-maximum suppression started
2025-12-20 00:20:50 - image_processor - DEBUG - [image_processing.py:53] - RGB to grayscale conversion completed. Result shape: (1080, 1080)
2025-12-20 00:20:50 - image_processor - DEBUG - [image_processing.py:30] - Convolution started. Image shape: (1080, 1080), kernel shape: (3, 3)
2025-12-20 00:20:50 - image_processor - DEBUG - [image_processing.py:53] - RGB to grayscale conversion completed. Result shape: (1080, 1080)
2025-12-20 00:20:50 - image_processor - DEBUG - [image_processing.py:30] - Convolution started. Image shape: (1080, 1080), kernel shape: (3, 3)
2025-12-20 00:20:50 - image_processor - DEBUG - [image_processing.py:36] - Convolution completed in 0.0170 seconds
2025-12-20 00:20:50 - image_processor - DEBUG - [image_processing.py:30] - Convolution started. Image shape: (1080, 1080), kernel shape: (3, 3)
2025-12-20 00:20:50 - image_processor - DEBUG - [image_processing.py:36] - Convolution completed in 0.0172 seconds
2025-12-20 00:20:50 - image_processor - DEBUG - [image_processing.py:30] - Convolution started. Image shape: (1080, 1080), kernel shape: (3, 3)
2025-12-20 00:20:50 - image_processor - DEBUG - [image_processing.py:36] - Convolution completed in 0.0166 seconds
2025-12-20 00:20:50 - image_processor - DEBUG - [image_processing.py:36] - Convolution completed in 0.0179 seconds
2025-12-20 00:20:50 - image_processor - DEBUG - [parallel_convolution.py:48] - Library edge detection worker started for image 6 (PID 16228, breed: Snowshoe)
2025-12-20 00:20:50 - image_processor - DEBUG - [image_processing.py:24] - ImageProcessing instance created
2025-12-20 00:20:50 - image_processor - DEBUG - [image_processing.py:120] - Edge detection (Canny) started
2025-12-20 00:20:50 - image_processor - DEBUG - [image_processing.py:46] - RGB to grayscale conversion started. Image shape: (750, 750, 3)
2025-12-20 00:20:50 - image_processor - DEBUG - [image_processing.py:91] - Non-maximum suppression started
2025-12-20 00:20:50 - image_processor - DEBUG - [image_processing.py:91] - Non-maximum suppression started
2025-12-20 00:20:50 - image_processor - DEBUG - [image_processing.py:53] - RGB to grayscale conversion completed. Result shape: (750, 750)
2025-12-20 00:20:50 - image_processor - DEBUG - [image_processing.py:30] - Convolution started. Image shape: (750, 750), kernel shape: (3, 3)
2025-12-20 00:20:50 - image_processor - DEBUG - [parallel_convolution.py:28] - Convolution worker started for image 9 (PID 5864, breed: Turkish Angora)
2025-12-20 00:20:50 - image_processor - DEBUG - [image_processing.py:24] - ImageProcessing instance created
2025-12-20 00:20:50 - image_processor - DEBUG - [image_processing.py:120] - Edge detection (Canny) started
2025-12-20 00:20:50 - image_processor - DEBUG - [image_processing.py:46] - RGB to grayscale conversion started. Image shape: (1080, 1080, 3)
2025-12-20 00:20:50 - image_processor - DEBUG - [image_processing.py:36] - Convolution completed in 0.0349 seconds
2025-12-20 00:20:50 - image_processor - DEBUG - [image_processing.py:30] - Convolution started. Image shape: (750, 750), kernel shape: (3, 3)
2025-12-20 00:20:50 - image_processor - DEBUG - [image_processing.py:36] - Convolution completed in 0.0084 seconds
2025-12-20 00:20:50 - image_processor - DEBUG - [parallel_convolution.py:48] - Library edge detection worker started for image 7 (PID 10112, breed: Tonkinese)
2025-12-20 00:20:50 - image_processor - DEBUG - [image_processing.py:24] - ImageProcessing instance created
2025-12-20 00:20:50 - image_processor - DEBUG - [image_processing.py:120] - Edge detection (Canny) started
2025-12-20 00:20:50 - image_processor - DEBUG - [image_processing.py:46] - RGB to grayscale conversion started. Image shape: (1080, 1080, 3)
2025-12-20 00:20:50 - image_processor - DEBUG - [image_processing.py:91] - Non-maximum suppression started
2025-12-20 00:20:50 - image_processor - DEBUG - [image_processing.py:53] - RGB to grayscale conversion completed. Result shape: (1080, 1080)
2025-12-20 00:20:50 - image_processor - DEBUG - [image_processing.py:30] - Convolution started. Image shape: (1080, 1080), kernel shape: (3, 3)
2025-12-20 00:20:50 - image_processor - DEBUG - [image_processing.py:53] - RGB to grayscale conversion completed. Result shape: (1080, 1080)
2025-12-20 00:20:50 - image_processor - DEBUG - [image_processing.py:30] - Convolution started. Image shape: (1080, 1080), kernel shape: (3, 3)
2025-12-20 00:20:50 - image_processor - DEBUG - [image_processing.py:36] - Convolution completed in 0.0262 seconds
2025-12-20 00:20:50 - image_processor - DEBUG - [image_processing.py:30] - Convolution started. Image shape: (1080, 1080), kernel shape: (3, 3)
2025-12-20 00:20:50 - image_processor - DEBUG - [image_processing.py:36] - Convolution completed in 0.0192 seconds
2025-12-20 00:20:50 - image_processor - DEBUG - [image_processing.py:36] - Convolution completed in 0.0329 seconds
2025-12-20 00:20:50 - image_processor - DEBUG - [image_processing.py:30] - Convolution started. Image shape: (1080, 1080), kernel shape: (3, 3)
2025-12-20 00:20:50 - image_processor - DEBUG - [image_processing.py:36] - Convolution completed in 0.0285 seconds
2025-12-20 00:20:50 - image_processor - DEBUG - [parallel_convolution.py:28] - Convolution worker started for image 10 (PID 18468, breed: Turkish Van)
2025-12-20 00:20:50 - image_processor - DEBUG - [image_processing.py:24] - ImageProcessing instance created
2025-12-20 00:20:50 - image_processor - DEBUG - [image_processing.py:120] - Edge detection (Canny) started
2025-12-20 00:20:50 - image_processor - DEBUG - [image_processing.py:46] - RGB to grayscale conversion started. Image shape: (1330, 1127, 3)
2025-12-20 00:20:50 - image_processor - DEBUG - [image_processing.py:91] - Non-maximum suppression started
2025-12-20 00:20:50 - image_processor - DEBUG - [image_processing.py:91] - Non-maximum suppression started
2025-12-20 00:20:50 - image_processor - DEBUG - [image_processing.py:53] - RGB to grayscale conversion completed. Result shape: (1330, 1127)
2025-12-20 00:20:50 - image_processor - DEBUG - [image_processing.py:30] - Convolution started. Image shape: (1330, 1127), kernel shape: (3, 3)
2025-12-20 00:20:50 - image_processor - DEBUG - [parallel_convolution.py:48] - Library edge detection worker started for image 8 (PID 17572, breed: Toyger)
2025-12-20 00:20:50 - image_processor - DEBUG - [image_processing.py:24] - ImageProcessing instance created
2025-12-20 00:20:50 - image_processor - DEBUG - [image_processing.py:120] - Edge detection (Canny) started
2025-12-20 00:20:50 - image_processor - DEBUG - [image_processing.py:46] - RGB to grayscale conversion started. Image shape: (1080, 1080, 3)
2025-12-20 00:20:50 - image_processor - DEBUG - [parallel_convolution.py:48] - Library edge detection worker started for image 9 (PID 7648, breed: Turkish Angora)
2025-12-20 00:20:50 - image_processor - DEBUG - [image_processing.py:24] - ImageProcessing instance created
2025-12-20 00:20:50 - image_processor - DEBUG - [image_processing.py:120] - Edge detection (Canny) started
2025-12-20 00:20:50 - image_processor - DEBUG - [image_processing.py:46] - RGB to grayscale conversion started. Image shape: (1080, 1080, 3)
2025-12-20 00:20:50 - image_processor - DEBUG - [image_processing.py:36] - Convolution completed in 0.0611 seconds
2025-12-20 00:20:50 - image_processor - DEBUG - [image_processing.py:30] - Convolution started. Image shape: (1330, 1127), kernel shape: (3, 3)
2025-12-20 00:20:50 - image_processor - DEBUG - [image_processing.py:36] - Convolution completed in 0.0363 seconds
2025-12-20 00:20:50 - image_processor - DEBUG - [image_processing.py:53] - RGB to grayscale conversion completed. Result shape: (1080, 1080)
2025-12-20 00:20:50 - image_processor - DEBUG - [image_processing.py:30] - Convolution started. Image shape: (1080, 1080), kernel shape: (3, 3)
2025-12-20 00:20:50 - image_processor - DEBUG - [image_processing.py:53] - RGB to grayscale conversion completed. Result shape: (1080, 1080)
2025-12-20 00:20:50 - image_processor - DEBUG - [image_processing.py:30] - Convolution started. Image shape: (1080, 1080), kernel shape: (3, 3)
2025-12-20 00:20:50 - image_processor - DEBUG - [image_processing.py:36] - Convolution completed in 0.0541 seconds
2025-12-20 00:20:50 - image_processor - DEBUG - [image_processing.py:30] - Convolution started. Image shape: (1080, 1080), kernel shape: (3, 3)
2025-12-20 00:20:50 - image_processor - DEBUG - [image_processing.py:36] - Convolution completed in 0.0562 seconds
2025-12-20 00:20:50 - image_processor - DEBUG - [image_processing.py:30] - Convolution started. Image shape: (1080, 1080), kernel shape: (3, 3)
2025-12-20 00:20:50 - image_processor - DEBUG - [image_processing.py:36] - Convolution completed in 0.0468 seconds
2025-12-20 00:20:50 - image_processor - DEBUG - [image_processing.py:91] - Non-maximum suppression started
2025-12-20 00:20:50 - image_processor - DEBUG - [image_processing.py:36] - Convolution completed in 0.0458 seconds
2025-12-20 00:20:50 - image_processor - DEBUG - [image_processing.py:91] - Non-maximum suppression started
2025-12-20 00:20:51 - image_processor - DEBUG - [parallel_convolution.py:48] - Library edge detection worker started for image 10 (PID 18444, breed: Turkish Van)
2025-12-20 00:20:51 - image_processor - DEBUG - [image_processing.py:24] - ImageProcessing instance created
2025-12-20 00:20:51 - image_processor - DEBUG - [image_processing.py:120] - Edge detection (Canny) started
2025-12-20 00:20:51 - image_processor - DEBUG - [image_processing.py:46] - RGB to grayscale conversion started. Image shape: (1330, 1127, 3)
2025-12-20 00:20:51 - image_processor - DEBUG - [image_processing.py:91] - Non-maximum suppression started
2025-12-20 00:20:51 - image_processor - DEBUG - [image_processing.py:53] - RGB to grayscale conversion completed. Result shape: (1330, 1127)
2025-12-20 00:20:51 - image_processor - DEBUG - [image_processing.py:30] - Convolution started. Image shape: (1330, 1127), kernel shape: (3, 3)
2025-12-20 00:20:51 - image_processor - DEBUG - [image_processing.py:36] - Convolution completed in 0.0722 seconds
2025-12-20 00:20:51 - image_processor - DEBUG - [image_processing.py:30] - Convolution started. Image shape: (1330, 1127), kernel shape: (3, 3)
2025-12-20 00:20:51 - image_processor - DEBUG - [image_processing.py:36] - Convolution completed in 0.0770 seconds
2025-12-20 00:20:51 - image_processor - DEBUG - [image_processing.py:91] - Non-maximum suppression started
2025-12-20 00:20:51 - image_processor - DEBUG - [image_processing.py:113] - Non-maximum suppression completed
2025-12-20 00:20:51 - image_processor - DEBUG - [image_processing.py:139] - Edge detection completed in 1.3735 seconds
2025-12-20 00:20:51 - image_processor - DEBUG - [parallel_convolution.py:33] - Convolution worker finished for image 6 (PID 15304)
2025-12-20 00:20:51 - image_processor - DEBUG - [image_processing.py:113] - Non-maximum suppression completed
2025-12-20 00:20:51 - image_processor - DEBUG - [image_processing.py:139] - Edge detection completed in 1.4219 seconds
2025-12-20 00:20:51 - image_processor - DEBUG - [parallel_convolution.py:53] - Library edge detection worker finished for image 6 (PID 16228)
2025-12-20 00:20:52 - image_processor - DEBUG - [image_processing.py:113] - Non-maximum suppression completed
2025-12-20 00:20:52 - image_processor - DEBUG - [image_processing.py:139] - Edge detection completed in 2.7360 seconds
2025-12-20 00:20:52 - image_processor - DEBUG - [parallel_convolution.py:33] - Convolution worker finished for image 7 (PID 15200)
2025-12-20 00:20:53 - image_processor - DEBUG - [image_processing.py:113] - Non-maximum suppression completed
2025-12-20 00:20:53 - image_processor - DEBUG - [image_processing.py:139] - Edge detection completed in 2.7656 seconds
2025-12-20 00:20:53 - image_processor - DEBUG - [parallel_convolution.py:33] - Convolution worker finished for image 8 (PID 3136)
2025-12-20 00:20:53 - image_processor - DEBUG - [image_processing.py:113] - Non-maximum suppression completed
2025-12-20 00:20:53 - image_processor - DEBUG - [image_processing.py:139] - Edge detection completed in 3.1235 seconds
2025-12-20 00:20:53 - image_processor - DEBUG - [parallel_convolution.py:53] - Library edge detection worker finished for image 7 (PID 10112)
2025-12-20 00:20:53 - image_processor - DEBUG - [image_processing.py:113] - Non-maximum suppression completed
2025-12-20 00:20:53 - image_processor - DEBUG - [image_processing.py:139] - Edge detection completed in 3.3558 seconds
2025-12-20 00:20:53 - image_processor - DEBUG - [parallel_convolution.py:33] - Convolution worker finished for image 9 (PID 5864)
2025-12-20 00:20:53 - image_processor - DEBUG - [image_processing.py:113] - Non-maximum suppression completed
2025-12-20 00:20:53 - image_processor - DEBUG - [image_processing.py:139] - Edge detection completed in 3.1278 seconds
2025-12-20 00:20:53 - image_processor - DEBUG - [parallel_convolution.py:53] - Library edge detection worker finished for image 8 (PID 17572)
2025-12-20 00:20:53 - image_processor - DEBUG - [image_processing.py:113] - Non-maximum suppression completed
2025-12-20 00:20:53 - image_processor - DEBUG - [image_processing.py:139] - Edge detection completed in 3.1149 seconds
2025-12-20 00:20:53 - image_processor - DEBUG - [parallel_convolution.py:53] - Library edge detection worker finished for image 9 (PID 7648)
2025-12-20 00:20:54 - image_processor - DEBUG - [image_processing.py:113] - Non-maximum suppression completed
2025-12-20 00:20:54 - image_processor - DEBUG - [image_processing.py:139] - Edge detection completed in 3.4641 seconds
2025-12-20 00:20:54 - image_processor - DEBUG - [parallel_convolution.py:33] - Convolution worker finished for image 10 (PID 18468)
2025-12-20 00:20:54 - image_processor - INFO - [parallel_convolution.py:137] - Parallel custom edge detection completed for 5 images
2025-12-20 00:20:54 - image_processor - DEBUG - [image_processing.py:113] - Non-maximum suppression completed
2025-12-20 00:20:54 - image_processor - DEBUG - [image_processing.py:139] - Edge detection completed in 3.4105 seconds
2025-12-20 00:20:54 - image_processor - DEBUG - [parallel_convolution.py:53] - Library edge detection worker finished for image 10 (PID 18444)
2025-12-20 00:20:54 - image_processor - INFO - [parallel_convolution.py:154] - Parallel library edge detection completed for 5 images
2025-12-20 00:20:54 - image_processor - DEBUG - [async_pipeline.py:113] - Edge detection completed
2025-12-20 00:20:54 - image_processor - INFO - [parallel_convolution.py:166] - Starting parallel arithmetic operations for 5 images
2025-12-20 00:20:55 - image_processor - DEBUG - [parallel_convolution.py:70] - Arithmetic operations worker started for image 6 (PID 8188, breed: Snowshoe)
2025-12-20 00:20:55 - image_processor - DEBUG - [abstract_image.py:141] - Addition operation started
2025-12-20 00:20:55 - image_processor - DEBUG - [abstract_image.py:129] - Converting grayscale to RGB (3 channels)
2025-12-20 00:20:55 - image_processor - DEBUG - [parallel_convolution.py:70] - Arithmetic operations worker started for image 7 (PID 18148, breed: Tonkinese)
2025-12-20 00:20:55 - image_processor - DEBUG - [abstract_image.py:141] - Addition operation started
2025-12-20 00:20:55 - image_processor - DEBUG - [abstract_image.py:129] - Converting grayscale to RGB (3 channels)
2025-12-20 00:20:55 - image_processor - DEBUG - [abstract_image.py:166] - Addition operation completed. Result shape: (750, 750, 3)
2025-12-20 00:20:55 - image_processor - DEBUG - [image_processing.py:24] - ImageProcessing instance created
2025-12-20 00:20:55 - image_processor - DEBUG - [abstract_image.py:35] - CatImage created: breed=Snowshoe+processed, shape=(750, 750, 3), url=combined_Snowshoe...
2025-12-20 00:20:55 - image_processor - DEBUG - [abstract_image.py:173] - Subtraction operation started
2025-12-20 00:20:55 - image_processor - DEBUG - [abstract_image.py:129] - Converting grayscale to RGB (3 channels)
2025-12-20 00:20:55 - image_processor - DEBUG - [parallel_convolution.py:70] - Arithmetic operations worker started for image 8 (PID 1372, breed: Toyger)
2025-12-20 00:20:55 - image_processor - DEBUG - [abstract_image.py:141] - Addition operation started
2025-12-20 00:20:55 - image_processor - DEBUG - [abstract_image.py:129] - Converting grayscale to RGB (3 channels)
2025-12-20 00:20:55 - image_processor - DEBUG - [parallel_convolution.py:70] - Arithmetic operations worker started for image 9 (PID 11344, breed: Turkish Angora)
2025-12-20 00:20:55 - image_processor - DEBUG - [abstract_image.py:141] - Addition operation started
2025-12-20 00:20:55 - image_processor - DEBUG - [abstract_image.py:129] - Converting grayscale to RGB (3 channels)
2025-12-20 00:20:55 - image_processor - DEBUG - [abstract_image.py:198] - Subtraction operation completed. Result shape: (750, 750, 3)
2025-12-20 00:20:55 - image_processor - DEBUG - [image_processing.py:24] - ImageProcessing instance created
2025-12-20 00:20:55 - image_processor - DEBUG - [abstract_image.py:35] - CatImage created: breed=Snowshoe-processed, shape=(750, 750, 3), url=subtracted_Snowshoe...
2025-12-20 00:20:55 - image_processor - DEBUG - [abstract_image.py:141] - Addition operation started
2025-12-20 00:20:55 - image_processor - DEBUG - [abstract_image.py:129] - Converting grayscale to RGB (3 channels)
2025-12-20 00:20:55 - image_processor - DEBUG - [parallel_convolution.py:70] - Arithmetic operations worker started for image 10 (PID 12232, breed: Turkish Van)
2025-12-20 00:20:55 - image_processor - DEBUG - [abstract_image.py:141] - Addition operation started
2025-12-20 00:20:55 - image_processor - DEBUG - [abstract_image.py:129] - Converting grayscale to RGB (3 channels)
2025-12-20 00:20:55 - image_processor - DEBUG - [abstract_image.py:166] - Addition operation completed. Result shape: (1080, 1080, 3)
2025-12-20 00:20:55 - image_processor - DEBUG - [image_processing.py:24] - ImageProcessing instance created
2025-12-20 00:20:55 - image_processor - DEBUG - [abstract_image.py:35] - CatImage created: breed=Tonkinese+processed, shape=(1080, 1080, 3), url=combined_Tonkinese...
2025-12-20 00:20:55 - image_processor - DEBUG - [abstract_image.py:173] - Subtraction operation started
2025-12-20 00:20:55 - image_processor - DEBUG - [abstract_image.py:129] - Converting grayscale to RGB (3 channels)
2025-12-20 00:20:55 - image_processor - DEBUG - [abstract_image.py:166] - Addition operation completed. Result shape: (1080, 1080, 3)
2025-12-20 00:20:55 - image_processor - DEBUG - [image_processing.py:24] - ImageProcessing instance created
2025-12-20 00:20:55 - image_processor - DEBUG - [abstract_image.py:35] - CatImage created: breed=Toyger+processed, shape=(1080, 1080, 3), url=combined_Toyger...
2025-12-20 00:20:55 - image_processor - DEBUG - [abstract_image.py:166] - Addition operation completed. Result shape: (750, 750, 3)
2025-12-20 00:20:55 - image_processor - DEBUG - [image_processing.py:24] - ImageProcessing instance created
2025-12-20 00:20:55 - image_processor - DEBUG - [abstract_image.py:35] - CatImage created: breed=Snowshoe+processed, shape=(750, 750, 3), url=combined_Snowshoe...
2025-12-20 00:20:55 - image_processor - DEBUG - [abstract_image.py:173] - Subtraction operation started
2025-12-20 00:20:55 - image_processor - DEBUG - [abstract_image.py:173] - Subtraction operation started
2025-12-20 00:20:55 - image_processor - DEBUG - [abstract_image.py:129] - Converting grayscale to RGB (3 channels)
2025-12-20 00:20:55 - image_processor - DEBUG - [abstract_image.py:129] - Converting grayscale to RGB (3 channels)
2025-12-20 00:20:55 - image_processor - DEBUG - [abstract_image.py:166] - Addition operation completed. Result shape: (1080, 1080, 3)
2025-12-20 00:20:55 - image_processor - DEBUG - [image_processing.py:24] - ImageProcessing instance created
2025-12-20 00:20:55 - image_processor - DEBUG - [abstract_image.py:35] - CatImage created: breed=Turkish Angora+processed, shape=(1080, 1080, 3), url=combined_Turkish Angora...
2025-12-20 00:20:55 - image_processor - DEBUG - [abstract_image.py:173] - Subtraction operation started
2025-12-20 00:20:55 - image_processor - DEBUG - [abstract_image.py:129] - Converting grayscale to RGB (3 channels)
2025-12-20 00:20:55 - image_processor - DEBUG - [abstract_image.py:198] - Subtraction operation completed. Result shape: (1080, 1080, 3)
2025-12-20 00:20:55 - image_processor - DEBUG - [image_processing.py:24] - ImageProcessing instance created
2025-12-20 00:20:55 - image_processor - DEBUG - [abstract_image.py:35] - CatImage created: breed=Tonkinese-processed, shape=(1080, 1080, 3), url=subtracted_Tonkinese...
2025-12-20 00:20:55 - image_processor - DEBUG - [abstract_image.py:141] - Addition operation started
2025-12-20 00:20:55 - image_processor - DEBUG - [abstract_image.py:129] - Converting grayscale to RGB (3 channels)
2025-12-20 00:20:55 - image_processor - DEBUG - [abstract_image.py:198] - Subtraction operation completed. Result shape: (750, 750, 3)
2025-12-20 00:20:55 - image_processor - DEBUG - [image_processing.py:24] - ImageProcessing instance created
2025-12-20 00:20:55 - image_processor - DEBUG - [abstract_image.py:35] - CatImage created: breed=Snowshoe-processed, shape=(750, 750, 3), url=subtracted_Snowshoe...
2025-12-20 00:20:55 - image_processor - DEBUG - [abstract_image.py:166] - Addition operation completed. Result shape: (1330, 1127, 3)
2025-12-20 00:20:55 - image_processor - DEBUG - [image_processing.py:24] - ImageProcessing instance created
2025-12-20 00:20:55 - image_processor - DEBUG - [abstract_image.py:35] - CatImage created: breed=Turkish Van+processed, shape=(1330, 1127, 3), url=combined_Turkish Van...
2025-12-20 00:20:55 - image_processor - DEBUG - [parallel_convolution.py:85] - Arithmetic operations worker finished for image 6 (PID 8188)
2025-12-20 00:20:55 - image_processor - DEBUG - [abstract_image.py:173] - Subtraction operation started
2025-12-20 00:20:55 - image_processor - DEBUG - [abstract_image.py:129] - Converting grayscale to RGB (3 channels)
2025-12-20 00:20:55 - image_processor - DEBUG - [abstract_image.py:198] - Subtraction operation completed. Result shape: (1080, 1080, 3)
2025-12-20 00:20:55 - image_processor - DEBUG - [image_processing.py:24] - ImageProcessing instance created
2025-12-20 00:20:55 - image_processor - DEBUG - [abstract_image.py:35] - CatImage created: breed=Toyger-processed, shape=(1080, 1080, 3), url=subtracted_Toyger...
2025-12-20 00:20:55 - image_processor - DEBUG - [abstract_image.py:198] - Subtraction operation completed. Result shape: (1080, 1080, 3)
2025-12-20 00:20:55 - image_processor - DEBUG - [image_processing.py:24] - ImageProcessing instance created
2025-12-20 00:20:55 - image_processor - DEBUG - [abstract_image.py:35] - CatImage created: breed=Turkish Angora-processed, shape=(1080, 1080, 3), url=subtracted_Turkish Angora...
2025-12-20 00:20:55 - image_processor - DEBUG - [abstract_image.py:141] - Addition operation started
2025-12-20 00:20:55 - image_processor - DEBUG - [abstract_image.py:141] - Addition operation started
2025-12-20 00:20:55 - image_processor - DEBUG - [abstract_image.py:129] - Converting grayscale to RGB (3 channels)
2025-12-20 00:20:55 - image_processor - DEBUG - [abstract_image.py:129] - Converting grayscale to RGB (3 channels)
2025-12-20 00:20:55 - image_processor - DEBUG - [abstract_image.py:166] - Addition operation completed. Result shape: (1080, 1080, 3)
2025-12-20 00:20:55 - image_processor - DEBUG - [image_processing.py:24] - ImageProcessing instance created
2025-12-20 00:20:55 - image_processor - DEBUG - [abstract_image.py:35] - CatImage created: breed=Tonkinese+processed, shape=(1080, 1080, 3), url=combined_Tonkinese...
2025-12-20 00:20:55 - image_processor - DEBUG - [abstract_image.py:173] - Subtraction operation started
2025-12-20 00:20:55 - image_processor - DEBUG - [abstract_image.py:129] - Converting grayscale to RGB (3 channels)
2025-12-20 00:20:55 - image_processor - DEBUG - [abstract_image.py:198] - Subtraction operation completed. Result shape: (1330, 1127, 3)
2025-12-20 00:20:55 - image_processor - DEBUG - [image_processing.py:24] - ImageProcessing instance created
2025-12-20 00:20:55 - image_processor - DEBUG - [abstract_image.py:35] - CatImage created: breed=Turkish Van-processed, shape=(1330, 1127, 3), url=subtracted_Turkish Van...
2025-12-20 00:20:55 - image_processor - DEBUG - [abstract_image.py:141] - Addition operation started
2025-12-20 00:20:55 - image_processor - DEBUG - [abstract_image.py:129] - Converting grayscale to RGB (3 channels)
2025-12-20 00:20:55 - image_processor - DEBUG - [abstract_image.py:166] - Addition operation completed. Result shape: (1080, 1080, 3)
2025-12-20 00:20:55 - image_processor - DEBUG - [image_processing.py:24] - ImageProcessing instance created
2025-12-20 00:20:55 - image_processor - DEBUG - [abstract_image.py:35] - CatImage created: breed=Toyger+processed, shape=(1080, 1080, 3), url=combined_Toyger...
2025-12-20 00:20:55 - image_processor - DEBUG - [abstract_image.py:173] - Subtraction operation started
2025-12-20 00:20:55 - image_processor - DEBUG - [abstract_image.py:129] - Converting grayscale to RGB (3 channels)
2025-12-20 00:20:55 - image_processor - DEBUG - [abstract_image.py:166] - Addition operation completed. Result shape: (1080, 1080, 3)
2025-12-20 00:20:55 - image_processor - DEBUG - [image_processing.py:24] - ImageProcessing instance created
2025-12-20 00:20:55 - image_processor - DEBUG - [abstract_image.py:35] - CatImage created: breed=Turkish Angora+processed, shape=(1080, 1080, 3), url=combined_Turkish Angora...
2025-12-20 00:20:55 - image_processor - DEBUG - [abstract_image.py:173] - Subtraction operation started
2025-12-20 00:20:55 - image_processor - DEBUG - [abstract_image.py:129] - Converting grayscale to RGB (3 channels)
2025-12-20 00:20:55 - image_processor - DEBUG - [abstract_image.py:198] - Subtraction operation completed. Result shape: (1080, 1080, 3)
2025-12-20 00:20:55 - image_processor - DEBUG - [image_processing.py:24] - ImageProcessing instance created
2025-12-20 00:20:55 - image_processor - DEBUG - [abstract_image.py:35] - CatImage created: breed=Tonkinese-processed, shape=(1080, 1080, 3), url=subtracted_Tonkinese...
2025-12-20 00:20:55 - image_processor - DEBUG - [parallel_convolution.py:85] - Arithmetic operations worker finished for image 7 (PID 18148)
2025-12-20 00:20:56 - image_processor - DEBUG - [abstract_image.py:198] - Subtraction operation completed. Result shape: (1080, 1080, 3)
2025-12-20 00:20:56 - image_processor - DEBUG - [image_processing.py:24] - ImageProcessing instance created
2025-12-20 00:20:56 - image_processor - DEBUG - [abstract_image.py:35] - CatImage created: breed=Toyger-processed, shape=(1080, 1080, 3), url=subtracted_Toyger...
2025-12-20 00:20:56 - image_processor - DEBUG - [parallel_convolution.py:85] - Arithmetic operations worker finished for image 8 (PID 1372)
2025-12-20 00:20:56 - image_processor - DEBUG - [abstract_image.py:198] - Subtraction operation completed. Result shape: (1080, 1080, 3)
2025-12-20 00:20:56 - image_processor - DEBUG - [image_processing.py:24] - ImageProcessing instance created
2025-12-20 00:20:56 - image_processor - DEBUG - [abstract_image.py:35] - CatImage created: breed=Turkish Angora-processed, shape=(1080, 1080, 3), url=subtracted_Turkish Angora...
2025-12-20 00:20:56 - image_processor - DEBUG - [parallel_convolution.py:85] - Arithmetic operations worker finished for image 9 (PID 11344)
2025-12-20 00:20:56 - image_processor - DEBUG - [abstract_image.py:166] - Addition operation completed. Result shape: (1330, 1127, 3)
2025-12-20 00:20:56 - image_processor - DEBUG - [image_processing.py:24] - ImageProcessing instance created
2025-12-20 00:20:56 - image_processor - DEBUG - [abstract_image.py:35] - CatImage created: breed=Turkish Van+processed, shape=(1330, 1127, 3), url=combined_Turkish Van...
2025-12-20 00:20:56 - image_processor - DEBUG - [abstract_image.py:173] - Subtraction operation started
2025-12-20 00:20:56 - image_processor - DEBUG - [abstract_image.py:129] - Converting grayscale to RGB (3 channels)
2025-12-20 00:20:56 - image_processor - DEBUG - [abstract_image.py:198] - Subtraction operation completed. Result shape: (1330, 1127, 3)
2025-12-20 00:20:56 - image_processor - DEBUG - [image_processing.py:24] - ImageProcessing instance created
2025-12-20 00:20:56 - image_processor - DEBUG - [abstract_image.py:35] - CatImage created: breed=Turkish Van-processed, shape=(1330, 1127, 3), url=subtracted_Turkish Van...
2025-12-20 00:20:56 - image_processor - DEBUG - [parallel_convolution.py:85] - Arithmetic operations worker finished for image 10 (PID 12232)
2025-12-20 00:20:56 - image_processor - INFO - [parallel_convolution.py:193] - Parallel arithmetic operations completed for 5 images
2025-12-20 00:20:56 - image_processor - DEBUG - [async_pipeline.py:124] - Arithmetic operations completed
2025-12-20 00:20:56 - image_processor - DEBUG - [async_pipeline.py:152] - Chunk processed: 5 images with all operations completed
2025-12-20 00:20:56 - image_processor - DEBUG - [async_pipeline.py:187] - Saving image 6 (Snowshoe)
2025-12-20 00:20:56 - image_processor - DEBUG - [async_pipeline.py:187] - Saving image 7 (Tonkinese)
2025-12-20 00:20:56 - image_processor - DEBUG - [async_pipeline.py:187] - Saving image 8 (Toyger)
2025-12-20 00:20:56 - image_processor - DEBUG - [async_pipeline.py:187] - Saving image 9 (Turkish Angora)
2025-12-20 00:20:56 - image_processor - DEBUG - [async_pipeline.py:187] - Saving image 10 (Turkish Van)
2025-12-20 00:20:57 - image_processor - DEBUG - [async_pipeline.py:203] - Image 6 saved (3 files)
2025-12-20 00:20:57 - image_processor - DEBUG - [async_pipeline.py:203] - Image 7 saved (3 files)
2025-12-20 00:20:57 - image_processor - DEBUG - [async_pipeline.py:203] - Image 8 saved (3 files)
2025-12-20 00:20:57 - image_processor - DEBUG - [async_pipeline.py:203] - Image 9 saved (3 files)
2025-12-20 00:20:57 - image_processor - DEBUG - [async_pipeline.py:203] - Image 10 saved (3 files)
2025-12-20 00:20:57 - image_processor - INFO - [async_pipeline.py:79] - Stage 1 completed: All chunks downloaded
2025-12-20 00:20:57 - image_processor - INFO - [async_pipeline.py:155] - Stage 2 completed: All convolutions and operations done
2025-12-20 00:20:57 - image_processor - INFO - [async_pipeline.py:177] - Stage 3 completed: 10 images saved
2025-12-20 00:20:57 - image_processor - INFO - [async_pipeline.py:230] - Pipeline execution completed successfully. Results saved to: C:\Users\Bruss\OneDrive\Рабочий стол\LAB-1\LAB-1\image_processing_project\image_processor\results_async
2025-12-20 00:24:03 - image_processor - INFO - [async_main.py:90] - Async main module started
2025-12-20 00:24:03 - image_processor - INFO - [async_main.py:33] - ======================================================================
2025-12-20 00:24:03 - image_processor - INFO - [async_main.py:34] - Async Image Processing Pipeline Started
2025-12-20 00:24:03 - image_processor - INFO - [async_main.py:35] - ======================================================================
2025-12-20 00:24:03 - image_processor - INFO - [async_main.py:48] - CAT_API_KEY loaded successfully
2025-12-20 00:24:03 - image_processor - INFO - [async_main.py:57] - Initializing AsyncImagePipeline
2025-12-20 00:24:03 - image_processor - DEBUG - [async_main.py:58] - Parameters: api_type=cat, limit=2, output_dir=./results
2025-12-20 00:24:03 - image_processor - DEBUG - [async_image_processor.py:44] - AsyncImageProcessor initialized for cat API
2025-12-20 00:24:03 - image_processor - INFO - [parallel_convolution.py:119] - ParallelConvolutionProcessor initialized with 8 processes (all CPU cores)
2025-12-20 00:24:03 - image_processor - INFO - [async_pipeline.py:53] - AsyncImagePipeline initialized for cat API with chunk_size=1
2025-12-20 00:24:03 - image_processor - INFO - [async_main.py:68] - AsyncImagePipeline initialized successfully
2025-12-20 00:24:03 - image_processor - ERROR - [async_main.py:83] - Pipeline execution failed: 'AsyncImageProcessor' object has no attribute 'baseurl'
Traceback (most recent call last):
  File "C:\Users\Bruss\OneDrive\Рабочий стол\LAB-1\LAB-1\image_processing_project\image_processor\async_main.py", line 69, in main
    logger.debug(f"Base URL: {pipeline.processor.baseurl}")
                              ^^^^^^^^^^^^^^^^^^^^^^^^^^
AttributeError: 'AsyncImageProcessor' object has no attribute 'baseurl'
2025-12-20 00:24:03 - image_processor - INFO - [async_main.py:99] - Async main module finished
2025-12-20 00:26:51 - image_processor - INFO - [async_main.py:90] - Async main module started
2025-12-20 00:26:51 - image_processor - INFO - [async_main.py:33] - ======================================================================
2025-12-20 00:26:51 - image_processor - INFO - [async_main.py:34] - Async Image Processing Pipeline Started
2025-12-20 00:26:51 - image_processor - INFO - [async_main.py:35] - ======================================================================
2025-12-20 00:26:51 - image_processor - INFO - [async_main.py:48] - CAT_API_KEY loaded successfully
2025-12-20 00:26:51 - image_processor - INFO - [async_main.py:57] - Initializing AsyncImagePipeline
2025-12-20 00:26:51 - image_processor - DEBUG - [async_main.py:58] - Parameters: api_type=cat, limit=2, output_dir=./results
2025-12-20 00:26:51 - image_processor - DEBUG - [async_image_processor.py:44] - AsyncImageProcessor initialized for cat API
2025-12-20 00:26:51 - image_processor - INFO - [parallel_convolution.py:119] - ParallelConvolutionProcessor initialized with 8 processes (all CPU cores)
2025-12-20 00:26:51 - image_processor - INFO - [async_pipeline.py:53] - AsyncImagePipeline initialized for cat API with chunk_size=1
2025-12-20 00:26:51 - image_processor - INFO - [async_main.py:68] - AsyncImagePipeline initialized successfully
2025-12-20 00:26:51 - image_processor - DEBUG - [async_main.py:69] - API type: cat
2025-12-20 00:26:51 - image_processor - INFO - [async_main.py:72] - Running pipeline with 2 images...
2025-12-20 00:26:51 - image_processor - INFO - [async_pipeline.py:223] - Pipeline execution started. Total images: 2, Chunk size: 1
2025-12-20 00:26:51 - image_processor - INFO - [async_pipeline.py:164] - Stage 3 started: Saving results
2025-12-20 00:26:51 - image_processor - INFO - [async_pipeline.py:88] - Stage 2 started: Convolution & Arithmetic Operations
2025-12-20 00:26:51 - image_processor - INFO - [async_pipeline.py:59] - Stage 1 started: Downloading 2 images with chunk_size=1
2025-12-20 00:26:51 - image_processor - INFO - [async_image_processor.py:60] - Fetching 2 image URLs from cat API
2025-12-20 00:26:53 - image_processor - INFO - [async_image_processor.py:89] - Successfully fetched 2 image URLs
2025-12-20 00:26:53 - image_processor - INFO - [async_pipeline.py:64] - Total 2 images will be processed in 2 chunk(s)
2025-12-20 00:26:53 - image_processor - INFO - [async_pipeline.py:70] - Processing chunk 1/2: images 1 to 1
2025-12-20 00:26:53 - image_processor - INFO - [async_image_processor.py:137] - Starting parallel download of 1 images
2025-12-20 00:26:53 - image_processor - DEBUG - [async_image_processor.py:106] - Downloading image 1 (breed: LaPerm)
2025-12-20 00:26:54 - image_processor - DEBUG - [async_image_processor.py:124] - Image 1 downloaded successfully (shape: (774, 1270, 3))
2025-12-20 00:26:54 - image_processor - INFO - [async_image_processor.py:148] - Parallel download completed: 1/1 successful
2025-12-20 00:26:54 - image_processor - DEBUG - [async_image_processor.py:156] - Creating image objects from 1 metadata entries
2025-12-20 00:26:54 - image_processor - DEBUG - [image_processing.py:24] - ImageProcessing instance created
2025-12-20 00:26:54 - image_processor - DEBUG - [abstract_image.py:35] - CatImage created: breed=LaPerm, shape=(774, 1270, 3), url=https://cdn2.thecatapi.com/images/VYfvpfuU7.jpg...
2025-12-20 00:26:54 - image_processor - DEBUG - [async_image_processor.py:177] - Image object created for index 1 (breed: LaPerm)
2025-12-20 00:26:54 - image_processor - INFO - [async_image_processor.py:179] - Created 1 image objects
2025-12-20 00:26:54 - image_processor - DEBUG - [async_pipeline.py:76] - Chunk 1: 1 images ready for processing
2025-12-20 00:26:54 - image_processor - DEBUG - [async_pipeline.py:95] - Processing chunk of 1 images
2025-12-20 00:26:54 - image_processor - INFO - [parallel_convolution.py:127] - Starting parallel custom edge detection for 1 images
2025-12-20 00:26:54 - image_processor - INFO - [parallel_convolution.py:144] - Starting parallel library edge detection for 1 images
2025-12-20 00:26:56 - image_processor - DEBUG - [parallel_convolution.py:48] - Library edge detection worker started for image 1 (PID 12248, breed: LaPerm)
2025-12-20 00:26:56 - image_processor - DEBUG - [image_processing.py:24] - ImageProcessing instance created
2025-12-20 00:26:56 - image_processor - DEBUG - [image_processing.py:120] - Edge detection (Canny) started
2025-12-20 00:26:56 - image_processor - DEBUG - [image_processing.py:46] - RGB to grayscale conversion started. Image shape: (774, 1270, 3)
2025-12-20 00:26:56 - image_processor - DEBUG - [image_processing.py:53] - RGB to grayscale conversion completed. Result shape: (774, 1270)
2025-12-20 00:26:56 - image_processor - DEBUG - [image_processing.py:30] - Convolution started. Image shape: (774, 1270), kernel shape: (3, 3)
2025-12-20 00:26:56 - image_processor - DEBUG - [image_processing.py:36] - Convolution completed in 0.0153 seconds
2025-12-20 00:26:56 - image_processor - DEBUG - [image_processing.py:30] - Convolution started. Image shape: (774, 1270), kernel shape: (3, 3)
2025-12-20 00:26:56 - image_processor - DEBUG - [image_processing.py:36] - Convolution completed in 0.0159 seconds
2025-12-20 00:26:56 - image_processor - DEBUG - [image_processing.py:91] - Non-maximum suppression started
2025-12-20 00:26:56 - image_processor - DEBUG - [parallel_convolution.py:28] - Convolution worker started for image 1 (PID 1940, breed: LaPerm)
2025-12-20 00:26:56 - image_processor - DEBUG - [image_processing.py:24] - ImageProcessing instance created
2025-12-20 00:26:56 - image_processor - DEBUG - [image_processing.py:120] - Edge detection (Canny) started
2025-12-20 00:26:56 - image_processor - DEBUG - [image_processing.py:46] - RGB to grayscale conversion started. Image shape: (774, 1270, 3)
2025-12-20 00:26:56 - image_processor - DEBUG - [image_processing.py:53] - RGB to grayscale conversion completed. Result shape: (774, 1270)
2025-12-20 00:26:56 - image_processor - DEBUG - [image_processing.py:30] - Convolution started. Image shape: (774, 1270), kernel shape: (3, 3)
2025-12-20 00:26:56 - image_processor - DEBUG - [image_processing.py:36] - Convolution completed in 0.0149 seconds
2025-12-20 00:26:56 - image_processor - DEBUG - [image_processing.py:30] - Convolution started. Image shape: (774, 1270), kernel shape: (3, 3)
2025-12-20 00:26:56 - image_processor - DEBUG - [image_processing.py:36] - Convolution completed in 0.0156 seconds
2025-12-20 00:26:56 - image_processor - DEBUG - [image_processing.py:91] - Non-maximum suppression started
2025-12-20 00:26:57 - image_processor - DEBUG - [image_processing.py:113] - Non-maximum suppression completed
2025-12-20 00:26:57 - image_processor - DEBUG - [image_processing.py:139] - Edge detection completed in 1.4083 seconds
2025-12-20 00:26:57 - image_processor - DEBUG - [parallel_convolution.py:53] - Library edge detection worker finished for image 1 (PID 12248)
2025-12-20 00:26:57 - image_processor - INFO - [parallel_convolution.py:154] - Parallel library edge detection completed for 1 images
2025-12-20 00:26:57 - image_processor - DEBUG - [image_processing.py:113] - Non-maximum suppression completed
2025-12-20 00:26:57 - image_processor - DEBUG - [image_processing.py:139] - Edge detection completed in 1.2910 seconds
2025-12-20 00:26:57 - image_processor - DEBUG - [parallel_convolution.py:33] - Convolution worker finished for image 1 (PID 1940)
2025-12-20 00:26:57 - image_processor - INFO - [parallel_convolution.py:137] - Parallel custom edge detection completed for 1 images
2025-12-20 00:26:57 - image_processor - DEBUG - [async_pipeline.py:113] - Edge detection completed
2025-12-20 00:26:57 - image_processor - INFO - [parallel_convolution.py:166] - Starting parallel arithmetic operations for 1 images
2025-12-20 00:26:59 - image_processor - DEBUG - [parallel_convolution.py:70] - Arithmetic operations worker started for image 1 (PID 20208, breed: LaPerm)
2025-12-20 00:26:59 - image_processor - DEBUG - [abstract_image.py:141] - Addition operation started
2025-12-20 00:26:59 - image_processor - DEBUG - [abstract_image.py:129] - Converting grayscale to RGB (3 channels)
2025-12-20 00:26:59 - image_processor - DEBUG - [abstract_image.py:166] - Addition operation completed. Result shape: (774, 1270, 3)
2025-12-20 00:26:59 - image_processor - DEBUG - [image_processing.py:24] - ImageProcessing instance created
2025-12-20 00:26:59 - image_processor - DEBUG - [abstract_image.py:35] - CatImage created: breed=LaPerm+processed, shape=(774, 1270, 3), url=combined_LaPerm...
2025-12-20 00:26:59 - image_processor - DEBUG - [abstract_image.py:173] - Subtraction operation started
2025-12-20 00:26:59 - image_processor - DEBUG - [abstract_image.py:129] - Converting grayscale to RGB (3 channels)
2025-12-20 00:26:59 - image_processor - DEBUG - [abstract_image.py:198] - Subtraction operation completed. Result shape: (774, 1270, 3)
2025-12-20 00:26:59 - image_processor - DEBUG - [image_processing.py:24] - ImageProcessing instance created
2025-12-20 00:26:59 - image_processor - DEBUG - [abstract_image.py:35] - CatImage created: breed=LaPerm-processed, shape=(774, 1270, 3), url=subtracted_LaPerm...
2025-12-20 00:26:59 - image_processor - DEBUG - [abstract_image.py:141] - Addition operation started
2025-12-20 00:26:59 - image_processor - DEBUG - [abstract_image.py:129] - Converting grayscale to RGB (3 channels)
2025-12-20 00:26:59 - image_processor - DEBUG - [abstract_image.py:166] - Addition operation completed. Result shape: (774, 1270, 3)
2025-12-20 00:26:59 - image_processor - DEBUG - [image_processing.py:24] - ImageProcessing instance created
2025-12-20 00:26:59 - image_processor - DEBUG - [abstract_image.py:35] - CatImage created: breed=LaPerm+processed, shape=(774, 1270, 3), url=combined_LaPerm...
2025-12-20 00:26:59 - image_processor - DEBUG - [abstract_image.py:173] - Subtraction operation started
2025-12-20 00:26:59 - image_processor - DEBUG - [abstract_image.py:129] - Converting grayscale to RGB (3 channels)
2025-12-20 00:26:59 - image_processor - DEBUG - [abstract_image.py:198] - Subtraction operation completed. Result shape: (774, 1270, 3)
2025-12-20 00:26:59 - image_processor - DEBUG - [image_processing.py:24] - ImageProcessing instance created
2025-12-20 00:26:59 - image_processor - DEBUG - [abstract_image.py:35] - CatImage created: breed=LaPerm-processed, shape=(774, 1270, 3), url=subtracted_LaPerm...
2025-12-20 00:26:59 - image_processor - DEBUG - [parallel_convolution.py:85] - Arithmetic operations worker finished for image 1 (PID 20208)
2025-12-20 00:26:59 - image_processor - INFO - [parallel_convolution.py:193] - Parallel arithmetic operations completed for 1 images
2025-12-20 00:26:59 - image_processor - DEBUG - [async_pipeline.py:124] - Arithmetic operations completed
2025-12-20 00:26:59 - image_processor - DEBUG - [async_pipeline.py:152] - Chunk processed: 1 images with all operations completed
2025-12-20 00:26:59 - image_processor - DEBUG - [async_pipeline.py:187] - Saving image 1 (LaPerm)
2025-12-20 00:26:59 - image_processor - DEBUG - [async_pipeline.py:203] - Image 1 saved (3 files)
2025-12-20 00:26:59 - image_processor - INFO - [async_pipeline.py:70] - Processing chunk 2/2: images 2 to 2
2025-12-20 00:26:59 - image_processor - INFO - [async_image_processor.py:137] - Starting parallel download of 1 images
2025-12-20 00:26:59 - image_processor - DEBUG - [async_image_processor.py:106] - Downloading image 2 (breed: Siamese)
2025-12-20 00:27:00 - image_processor - DEBUG - [async_image_processor.py:124] - Image 2 downloaded successfully (shape: (1080, 1080, 3))
2025-12-20 00:27:00 - image_processor - INFO - [async_image_processor.py:148] - Parallel download completed: 1/1 successful
2025-12-20 00:27:00 - image_processor - DEBUG - [async_image_processor.py:156] - Creating image objects from 1 metadata entries
2025-12-20 00:27:00 - image_processor - DEBUG - [image_processing.py:24] - ImageProcessing instance created
2025-12-20 00:27:00 - image_processor - DEBUG - [abstract_image.py:35] - CatImage created: breed=Siamese, shape=(1080, 1080, 3), url=https://cdn2.thecatapi.com/images/O2aNhFGU-.jpg...
2025-12-20 00:27:00 - image_processor - DEBUG - [async_image_processor.py:177] - Image object created for index 2 (breed: Siamese)
2025-12-20 00:27:00 - image_processor - INFO - [async_image_processor.py:179] - Created 1 image objects
2025-12-20 00:27:00 - image_processor - DEBUG - [async_pipeline.py:76] - Chunk 2: 1 images ready for processing
2025-12-20 00:27:00 - image_processor - DEBUG - [async_pipeline.py:95] - Processing chunk of 1 images
2025-12-20 00:27:00 - image_processor - INFO - [parallel_convolution.py:127] - Starting parallel custom edge detection for 1 images
2025-12-20 00:27:00 - image_processor - INFO - [parallel_convolution.py:144] - Starting parallel library edge detection for 1 images
2025-12-20 00:27:02 - image_processor - DEBUG - [parallel_convolution.py:28] - Convolution worker started for image 2 (PID 17672, breed: Siamese)
2025-12-20 00:27:02 - image_processor - DEBUG - [image_processing.py:24] - ImageProcessing instance created
2025-12-20 00:27:02 - image_processor - DEBUG - [image_processing.py:120] - Edge detection (Canny) started
2025-12-20 00:27:02 - image_processor - DEBUG - [image_processing.py:46] - RGB to grayscale conversion started. Image shape: (1080, 1080, 3)
2025-12-20 00:27:03 - image_processor - DEBUG - [image_processing.py:53] - RGB to grayscale conversion completed. Result shape: (1080, 1080)
2025-12-20 00:27:03 - image_processor - DEBUG - [image_processing.py:30] - Convolution started. Image shape: (1080, 1080), kernel shape: (3, 3)
2025-12-20 00:27:03 - image_processor - DEBUG - [image_processing.py:36] - Convolution completed in 0.0202 seconds
2025-12-20 00:27:03 - image_processor - DEBUG - [image_processing.py:30] - Convolution started. Image shape: (1080, 1080), kernel shape: (3, 3)
2025-12-20 00:27:03 - image_processor - DEBUG - [image_processing.py:36] - Convolution completed in 0.0204 seconds
2025-12-20 00:27:03 - image_processor - DEBUG - [image_processing.py:91] - Non-maximum suppression started
2025-12-20 00:27:03 - image_processor - DEBUG - [parallel_convolution.py:48] - Library edge detection worker started for image 2 (PID 3352, breed: Siamese)
2025-12-20 00:27:03 - image_processor - DEBUG - [image_processing.py:24] - ImageProcessing instance created
2025-12-20 00:27:03 - image_processor - DEBUG - [image_processing.py:120] - Edge detection (Canny) started
2025-12-20 00:27:03 - image_processor - DEBUG - [image_processing.py:46] - RGB to grayscale conversion started. Image shape: (1080, 1080, 3)
2025-12-20 00:27:03 - image_processor - DEBUG - [image_processing.py:53] - RGB to grayscale conversion completed. Result shape: (1080, 1080)
2025-12-20 00:27:03 - image_processor - DEBUG - [image_processing.py:30] - Convolution started. Image shape: (1080, 1080), kernel shape: (3, 3)
2025-12-20 00:27:03 - image_processor - DEBUG - [image_processing.py:36] - Convolution completed in 0.0211 seconds
2025-12-20 00:27:03 - image_processor - DEBUG - [image_processing.py:30] - Convolution started. Image shape: (1080, 1080), kernel shape: (3, 3)
2025-12-20 00:27:03 - image_processor - DEBUG - [image_processing.py:36] - Convolution completed in 0.0177 seconds
2025-12-20 00:27:03 - image_processor - DEBUG - [image_processing.py:91] - Non-maximum suppression started
2025-12-20 00:27:04 - image_processor - DEBUG - [image_processing.py:113] - Non-maximum suppression completed
2025-12-20 00:27:04 - image_processor - DEBUG - [image_processing.py:139] - Edge detection completed in 1.6630 seconds
2025-12-20 00:27:04 - image_processor - DEBUG - [parallel_convolution.py:33] - Convolution worker finished for image 2 (PID 17672)
2025-12-20 00:27:04 - image_processor - INFO - [parallel_convolution.py:137] - Parallel custom edge detection completed for 1 images
2025-12-20 00:27:04 - image_processor - DEBUG - [image_processing.py:113] - Non-maximum suppression completed
2025-12-20 00:27:04 - image_processor - DEBUG - [image_processing.py:139] - Edge detection completed in 1.4387 seconds
2025-12-20 00:27:04 - image_processor - DEBUG - [parallel_convolution.py:53] - Library edge detection worker finished for image 2 (PID 3352)
2025-12-20 00:27:04 - image_processor - INFO - [parallel_convolution.py:154] - Parallel library edge detection completed for 1 images
2025-12-20 00:27:04 - image_processor - DEBUG - [async_pipeline.py:113] - Edge detection completed
2025-12-20 00:27:04 - image_processor - INFO - [parallel_convolution.py:166] - Starting parallel arithmetic operations for 1 images
2025-12-20 00:27:06 - image_processor - DEBUG - [parallel_convolution.py:70] - Arithmetic operations worker started for image 2 (PID 14496, breed: Siamese)
2025-12-20 00:27:06 - image_processor - DEBUG - [abstract_image.py:141] - Addition operation started
2025-12-20 00:27:06 - image_processor - DEBUG - [abstract_image.py:129] - Converting grayscale to RGB (3 channels)
2025-12-20 00:27:06 - image_processor - DEBUG - [abstract_image.py:166] - Addition operation completed. Result shape: (1080, 1080, 3)
2025-12-20 00:27:06 - image_processor - DEBUG - [image_processing.py:24] - ImageProcessing instance created
2025-12-20 00:27:06 - image_processor - DEBUG - [abstract_image.py:35] - CatImage created: breed=Siamese+processed, shape=(1080, 1080, 3), url=combined_Siamese...
2025-12-20 00:27:06 - image_processor - DEBUG - [abstract_image.py:173] - Subtraction operation started
2025-12-20 00:27:06 - image_processor - DEBUG - [abstract_image.py:129] - Converting grayscale to RGB (3 channels)
2025-12-20 00:27:06 - image_processor - DEBUG - [abstract_image.py:198] - Subtraction operation completed. Result shape: (1080, 1080, 3)
2025-12-20 00:27:06 - image_processor - DEBUG - [image_processing.py:24] - ImageProcessing instance created
2025-12-20 00:27:06 - image_processor - DEBUG - [abstract_image.py:35] - CatImage created: breed=Siamese-processed, shape=(1080, 1080, 3), url=subtracted_Siamese...
2025-12-20 00:27:06 - image_processor - DEBUG - [abstract_image.py:141] - Addition operation started
2025-12-20 00:27:06 - image_processor - DEBUG - [abstract_image.py:129] - Converting grayscale to RGB (3 channels)
2025-12-20 00:27:06 - image_processor - DEBUG - [abstract_image.py:166] - Addition operation completed. Result shape: (1080, 1080, 3)
2025-12-20 00:27:06 - image_processor - DEBUG - [image_processing.py:24] - ImageProcessing instance created
2025-12-20 00:27:06 - image_processor - DEBUG - [abstract_image.py:35] - CatImage created: breed=Siamese+processed, shape=(1080, 1080, 3), url=combined_Siamese...
2025-12-20 00:27:06 - image_processor - DEBUG - [abstract_image.py:173] - Subtraction operation started
2025-12-20 00:27:06 - image_processor - DEBUG - [abstract_image.py:129] - Converting grayscale to RGB (3 channels)
2025-12-20 00:27:06 - image_processor - DEBUG - [abstract_image.py:198] - Subtraction operation completed. Result shape: (1080, 1080, 3)
2025-12-20 00:27:06 - image_processor - DEBUG - [image_processing.py:24] - ImageProcessing instance created
2025-12-20 00:27:06 - image_processor - DEBUG - [abstract_image.py:35] - CatImage created: breed=Siamese-processed, shape=(1080, 1080, 3), url=subtracted_Siamese...
2025-12-20 00:27:06 - image_processor - DEBUG - [parallel_convolution.py:85] - Arithmetic operations worker finished for image 2 (PID 14496)
2025-12-20 00:27:06 - image_processor - INFO - [parallel_convolution.py:193] - Parallel arithmetic operations completed for 1 images
2025-12-20 00:27:06 - image_processor - DEBUG - [async_pipeline.py:124] - Arithmetic operations completed
2025-12-20 00:27:06 - image_processor - DEBUG - [async_pipeline.py:152] - Chunk processed: 1 images with all operations completed
2025-12-20 00:27:06 - image_processor - DEBUG - [async_pipeline.py:187] - Saving image 2 (Siamese)
2025-12-20 00:27:06 - image_processor - DEBUG - [async_pipeline.py:203] - Image 2 saved (3 files)
2025-12-20 00:27:06 - image_processor - INFO - [async_pipeline.py:79] - Stage 1 completed: All chunks downloaded
2025-12-20 00:27:06 - image_processor - INFO - [async_pipeline.py:155] - Stage 2 completed: All convolutions and operations done
2025-12-20 00:27:06 - image_processor - INFO - [async_pipeline.py:177] - Stage 3 completed: 2 images saved
2025-12-20 00:27:06 - image_processor - INFO - [async_pipeline.py:230] - Pipeline execution completed successfully. Results saved to: C:\Users\Bruss\OneDrive\Рабочий стол\LAB-1\LAB-1\image_processing_project\image_processor\results
2025-12-20 00:27:06 - image_processor - INFO - [async_main.py:75] - ======================================================================
2025-12-20 00:27:06 - image_processor - INFO - [async_main.py:76] - Pipeline completed! Results saved to: C:\Users\Bruss\OneDrive\Рабочий стол\LAB-1\LAB-1\image_processing_project\image_processor\results
2025-12-20 00:27:06 - image_processor - INFO - [async_main.py:77] - ======================================================================
2025-12-20 00:27:06 - image_processor - INFO - [async_main.py:99] - Async main module finished
2025-12-20 00:29:10 - image_processor - INFO - [async_main.py:217] - Async main module started
2025-12-20 00:29:10 - image_processor - INFO - [async_main.py:171] - ======================================================================
2025-12-20 00:29:10 - image_processor - INFO - [async_main.py:172] - Async Image Processing Pipeline Started
2025-12-20 00:29:10 - image_processor - INFO - [async_main.py:173] - ======================================================================
2025-12-20 00:29:10 - image_processor - INFO - [async_main.py:197] - API keys loaded successfully
2025-12-20 00:29:10 - image_processor - DEBUG - [async_main.py:199] - CAT_API_KEY is available
2025-12-20 00:29:10 - image_processor - DEBUG - [async_main.py:201] - DOG_API_KEY is available
2025-12-20 00:29:12 - image_processor - INFO - [async_main.py:100] - Selected animals: CAT
2025-12-20 00:29:16 - image_processor - INFO - [async_main.py:107] - Image limit set to: 20
2025-12-20 00:29:18 - image_processor - INFO - [async_main.py:116] - Chunk size set to: 10
2025-12-20 00:29:18 - image_processor - INFO - [async_main.py:127] - ======================================================================
2025-12-20 00:29:18 - image_processor - INFO - [async_main.py:128] - Processing CAT images
2025-12-20 00:29:18 - image_processor - INFO - [async_main.py:129] - ======================================================================
2025-12-20 00:29:18 - image_processor - INFO - [async_main.py:133] - Initializing AsyncImagePipeline for cat
2025-12-20 00:29:18 - image_processor - DEBUG - [async_main.py:134] - Parameters: api_type=cat, limit=20, chunk_size=10
2025-12-20 00:29:18 - image_processor - DEBUG - [async_image_processor.py:44] - AsyncImageProcessor initialized for cat API
2025-12-20 00:29:18 - image_processor - INFO - [parallel_convolution.py:119] - ParallelConvolutionProcessor initialized with 8 processes (all CPU cores)
2025-12-20 00:29:18 - image_processor - INFO - [async_pipeline.py:53] - AsyncImagePipeline initialized for cat API with chunk_size=10
2025-12-20 00:29:18 - image_processor - INFO - [async_main.py:143] - AsyncImagePipeline initialized successfully for cat
2025-12-20 00:29:18 - image_processor - DEBUG - [async_main.py:144] - API type: cat
2025-12-20 00:29:18 - image_processor - INFO - [async_main.py:147] - Running pipeline with 20 cat images and chunk_size=10...
2025-12-20 00:29:18 - image_processor - INFO - [async_pipeline.py:223] - Pipeline execution started. Total images: 20, Chunk size: 10
2025-12-20 00:29:18 - image_processor - INFO - [async_pipeline.py:164] - Stage 3 started: Saving results
2025-12-20 00:29:18 - image_processor - INFO - [async_pipeline.py:88] - Stage 2 started: Convolution & Arithmetic Operations
2025-12-20 00:29:18 - image_processor - INFO - [async_pipeline.py:59] - Stage 1 started: Downloading 20 images with chunk_size=10
2025-12-20 00:29:18 - image_processor - INFO - [async_image_processor.py:60] - Fetching 20 image URLs from cat API
2025-12-20 00:29:22 - image_processor - INFO - [async_image_processor.py:89] - Successfully fetched 20 image URLs
2025-12-20 00:29:22 - image_processor - INFO - [async_pipeline.py:64] - Total 20 images will be processed in 2 chunk(s)
2025-12-20 00:29:22 - image_processor - INFO - [async_pipeline.py:70] - Processing chunk 1/2: images 1 to 10
2025-12-20 00:29:22 - image_processor - INFO - [async_image_processor.py:137] - Starting parallel download of 10 images
2025-12-20 00:29:22 - image_processor - DEBUG - [async_image_processor.py:106] - Downloading image 1 (breed: Australian Mist)
2025-12-20 00:29:22 - image_processor - DEBUG - [async_image_processor.py:106] - Downloading image 2 (breed: Australian Mist)
2025-12-20 00:29:22 - image_processor - DEBUG - [async_image_processor.py:106] - Downloading image 3 (breed: Devon Rex)
2025-12-20 00:29:22 - image_processor - DEBUG - [async_image_processor.py:106] - Downloading image 4 (breed: Devon Rex)
2025-12-20 00:29:22 - image_processor - DEBUG - [async_image_processor.py:106] - Downloading image 5 (breed: Devon Rex)
2025-12-20 00:29:22 - image_processor - DEBUG - [async_image_processor.py:106] - Downloading image 6 (breed: Exotic Shorthair)
2025-12-20 00:29:22 - image_processor - DEBUG - [async_image_processor.py:106] - Downloading image 7 (breed: Japanese Bobtail)
2025-12-20 00:29:22 - image_processor - DEBUG - [async_image_processor.py:106] - Downloading image 8 (breed: Manx)
2025-12-20 00:29:22 - image_processor - DEBUG - [async_image_processor.py:106] - Downloading image 9 (breed: Norwegian Forest Cat)
2025-12-20 00:29:22 - image_processor - DEBUG - [async_image_processor.py:106] - Downloading image 10 (breed: Ocicat)
2025-12-20 00:29:22 - image_processor - DEBUG - [async_image_processor.py:124] - Image 9 downloaded successfully (shape: (890, 1000, 3))
2025-12-20 00:29:23 - image_processor - DEBUG - [async_image_processor.py:124] - Image 4 downloaded successfully (shape: (667, 1000, 3))
2025-12-20 00:29:23 - image_processor - DEBUG - [async_image_processor.py:124] - Image 5 downloaded successfully (shape: (1009, 1600, 3))
2025-12-20 00:29:23 - image_processor - DEBUG - [async_image_processor.py:124] - Image 6 downloaded successfully (shape: (959, 1280, 3))
2025-12-20 00:29:23 - image_processor - DEBUG - [async_image_processor.py:124] - Image 3 downloaded successfully (shape: (1160, 1729))
2025-12-20 00:29:23 - image_processor - DEBUG - [async_image_processor.py:124] - Image 7 downloaded successfully (shape: (1041, 1600, 3))
2025-12-20 00:29:23 - image_processor - DEBUG - [async_image_processor.py:124] - Image 8 downloaded successfully (shape: (800, 1200, 3))
2025-12-20 00:29:24 - image_processor - DEBUG - [async_image_processor.py:124] - Image 1 downloaded successfully (shape: (1165, 1231, 3))
2025-12-20 00:29:24 - image_processor - DEBUG - [async_image_processor.py:124] - Image 2 downloaded successfully (shape: (1200, 1800, 3))
2025-12-20 00:29:29 - image_processor - DEBUG - [async_image_processor.py:124] - Image 10 downloaded successfully (shape: (2469, 3704, 3))
2025-12-20 00:29:29 - image_processor - INFO - [async_image_processor.py:148] - Parallel download completed: 10/10 successful
2025-12-20 00:29:29 - image_processor - DEBUG - [async_image_processor.py:156] - Creating image objects from 10 metadata entries
2025-12-20 00:29:29 - image_processor - DEBUG - [image_processing.py:24] - ImageProcessing instance created
2025-12-20 00:29:29 - image_processor - DEBUG - [abstract_image.py:35] - CatImage created: breed=Australian Mist, shape=(1165, 1231, 3), url=https://cdn2.thecatapi.com/images/_6x-3TiCA.jpg...
2025-12-20 00:29:29 - image_processor - DEBUG - [async_image_processor.py:177] - Image object created for index 1 (breed: Australian Mist)
2025-12-20 00:29:29 - image_processor - DEBUG - [image_processing.py:24] - ImageProcessing instance created
2025-12-20 00:29:29 - image_processor - DEBUG - [abstract_image.py:35] - CatImage created: breed=Australian Mist, shape=(1200, 1800, 3), url=https://cdn2.thecatapi.com/images/7-1CtKMRr.jpg...
2025-12-20 00:29:29 - image_processor - DEBUG - [async_image_processor.py:177] - Image object created for index 2 (breed: Australian Mist)
2025-12-20 00:29:29 - image_processor - DEBUG - [image_processing.py:24] - ImageProcessing instance created
2025-12-20 00:29:29 - image_processor - DEBUG - [abstract_image.py:35] - CatImage created: breed=Devon Rex, shape=(1160, 1729), url=https://cdn2.thecatapi.com/images/4RzEwvyzz.png...
2025-12-20 00:29:29 - image_processor - DEBUG - [async_image_processor.py:177] - Image object created for index 3 (breed: Devon Rex)
2025-12-20 00:29:29 - image_processor - DEBUG - [image_processing.py:24] - ImageProcessing instance created
2025-12-20 00:29:29 - image_processor - DEBUG - [abstract_image.py:35] - CatImage created: breed=Devon Rex, shape=(667, 1000, 3), url=https://cdn2.thecatapi.com/images/_BhPUA-L-.jpg...
2025-12-20 00:29:29 - image_processor - DEBUG - [async_image_processor.py:177] - Image object created for index 4 (breed: Devon Rex)
2025-12-20 00:29:29 - image_processor - DEBUG - [image_processing.py:24] - ImageProcessing instance created
2025-12-20 00:29:29 - image_processor - DEBUG - [abstract_image.py:35] - CatImage created: breed=Devon Rex, shape=(1009, 1600, 3), url=https://cdn2.thecatapi.com/images/DEbrbE0_7.jpg...
2025-12-20 00:29:29 - image_processor - DEBUG - [async_image_processor.py:177] - Image object created for index 5 (breed: Devon Rex)
2025-12-20 00:29:29 - image_processor - DEBUG - [image_processing.py:24] - ImageProcessing instance created
2025-12-20 00:29:29 - image_processor - DEBUG - [abstract_image.py:35] - CatImage created: breed=Exotic Shorthair, shape=(959, 1280, 3), url=https://cdn2.thecatapi.com/images/YyLhgyzy5.jpg...
2025-12-20 00:29:29 - image_processor - DEBUG - [async_image_processor.py:177] - Image object created for index 6 (breed: Exotic Shorthair)
2025-12-20 00:29:29 - image_processor - DEBUG - [image_processing.py:24] - ImageProcessing instance created
2025-12-20 00:29:29 - image_processor - DEBUG - [abstract_image.py:35] - CatImage created: breed=Japanese Bobtail, shape=(1041, 1600, 3), url=https://cdn2.thecatapi.com/images/CrZtoDsgj.jpg...
2025-12-20 00:29:29 - image_processor - DEBUG - [async_image_processor.py:177] - Image object created for index 7 (breed: Japanese Bobtail)
2025-12-20 00:29:29 - image_processor - DEBUG - [image_processing.py:24] - ImageProcessing instance created
2025-12-20 00:29:29 - image_processor - DEBUG - [abstract_image.py:35] - CatImage created: breed=Manx, shape=(800, 1200, 3), url=https://cdn2.thecatapi.com/images/gU5wUcOuo.jpg...
2025-12-20 00:29:29 - image_processor - DEBUG - [async_image_processor.py:177] - Image object created for index 8 (breed: Manx)
2025-12-20 00:29:29 - image_processor - DEBUG - [image_processing.py:24] - ImageProcessing instance created
2025-12-20 00:29:29 - image_processor - DEBUG - [abstract_image.py:35] - CatImage created: breed=Norwegian Forest Cat, shape=(890, 1000, 3), url=https://cdn2.thecatapi.com/images/Pqcy8pOZG.jpg...
2025-12-20 00:29:29 - image_processor - DEBUG - [async_image_processor.py:177] - Image object created for index 9 (breed: Norwegian Forest Cat)
2025-12-20 00:29:29 - image_processor - DEBUG - [image_processing.py:24] - ImageProcessing instance created
2025-12-20 00:29:29 - image_processor - DEBUG - [abstract_image.py:35] - CatImage created: breed=Ocicat, shape=(2469, 3704, 3), url=https://cdn2.thecatapi.com/images/HksHrR8-9.jpg...
2025-12-20 00:29:29 - image_processor - DEBUG - [async_image_processor.py:177] - Image object created for index 10 (breed: Ocicat)
2025-12-20 00:29:29 - image_processor - INFO - [async_image_processor.py:179] - Created 10 image objects
2025-12-20 00:29:29 - image_processor - DEBUG - [async_pipeline.py:76] - Chunk 1: 10 images ready for processing
2025-12-20 00:29:29 - image_processor - DEBUG - [async_pipeline.py:95] - Processing chunk of 10 images
2025-12-20 00:29:29 - image_processor - INFO - [parallel_convolution.py:127] - Starting parallel custom edge detection for 10 images
2025-12-20 00:29:29 - image_processor - INFO - [parallel_convolution.py:144] - Starting parallel library edge detection for 10 images
2025-12-20 00:29:31 - image_processor - DEBUG - [parallel_convolution.py:28] - Convolution worker started for image 1 (PID 20548, breed: Australian Mist)
2025-12-20 00:29:31 - image_processor - DEBUG - [image_processing.py:24] - ImageProcessing instance created
2025-12-20 00:29:31 - image_processor - DEBUG - [image_processing.py:120] - Edge detection (Canny) started
2025-12-20 00:29:31 - image_processor - DEBUG - [image_processing.py:46] - RGB to grayscale conversion started. Image shape: (1165, 1231, 3)
2025-12-20 00:29:31 - image_processor - DEBUG - [image_processing.py:53] - RGB to grayscale conversion completed. Result shape: (1165, 1231)
2025-12-20 00:29:31 - image_processor - DEBUG - [image_processing.py:30] - Convolution started. Image shape: (1165, 1231), kernel shape: (3, 3)
2025-12-20 00:29:31 - image_processor - DEBUG - [image_processing.py:36] - Convolution completed in 0.0217 seconds
2025-12-20 00:29:31 - image_processor - DEBUG - [image_processing.py:30] - Convolution started. Image shape: (1165, 1231), kernel shape: (3, 3)
2025-12-20 00:29:31 - image_processor - DEBUG - [image_processing.py:36] - Convolution completed in 0.0213 seconds
2025-12-20 00:29:31 - image_processor - DEBUG - [image_processing.py:91] - Non-maximum suppression started
2025-12-20 00:29:31 - image_processor - DEBUG - [parallel_convolution.py:28] - Convolution worker started for image 2 (PID 15984, breed: Australian Mist)
2025-12-20 00:29:31 - image_processor - DEBUG - [image_processing.py:24] - ImageProcessing instance created
2025-12-20 00:29:31 - image_processor - DEBUG - [image_processing.py:120] - Edge detection (Canny) started
2025-12-20 00:29:31 - image_processor - DEBUG - [image_processing.py:46] - RGB to grayscale conversion started. Image shape: (1200, 1800, 3)
2025-12-20 00:29:31 - image_processor - DEBUG - [parallel_convolution.py:48] - Library edge detection worker started for image 1 (PID 20684, breed: Australian Mist)
2025-12-20 00:29:31 - image_processor - DEBUG - [image_processing.py:24] - ImageProcessing instance created
2025-12-20 00:29:31 - image_processor - DEBUG - [image_processing.py:120] - Edge detection (Canny) started
2025-12-20 00:29:31 - image_processor - DEBUG - [image_processing.py:46] - RGB to grayscale conversion started. Image shape: (1165, 1231, 3)
2025-12-20 00:29:31 - image_processor - DEBUG - [image_processing.py:53] - RGB to grayscale conversion completed. Result shape: (1200, 1800)
2025-12-20 00:29:31 - image_processor - DEBUG - [parallel_convolution.py:28] - Convolution worker started for image 3 (PID 8884, breed: Devon Rex)
2025-12-20 00:29:31 - image_processor - DEBUG - [image_processing.py:24] - ImageProcessing instance created
2025-12-20 00:29:31 - image_processor - DEBUG - [image_processing.py:120] - Edge detection (Canny) started
2025-12-20 00:29:31 - image_processor - DEBUG - [image_processing.py:46] - RGB to grayscale conversion started. Image shape: (1160, 1729)
2025-12-20 00:29:31 - image_processor - ERROR - [image_processing.py:56] - RGB to grayscale conversion failed: Image must be RGB
2025-12-20 00:29:31 - image_processor - DEBUG - [image_processing.py:30] - Convolution started. Image shape: (1200, 1800), kernel shape: (3, 3)
2025-12-20 00:29:31 - image_processor - ERROR - [image_processing.py:142] - Edge detection failed: Image must be RGB
2025-12-20 00:29:31 - image_processor - ERROR - [parallel_convolution.py:36] - Convolution worker failed for image 3 (PID 8884): Image must be RGB
2025-12-20 00:29:31 - image_processor - DEBUG - [image_processing.py:36] - Convolution completed in 0.0381 seconds
2025-12-20 00:29:31 - image_processor - DEBUG - [parallel_convolution.py:28] - Convolution worker started for image 4 (PID 8884, breed: Devon Rex)
2025-12-20 00:29:31 - image_processor - DEBUG - [image_processing.py:24] - ImageProcessing instance created
2025-12-20 00:29:31 - image_processor - DEBUG - [image_processing.py:120] - Edge detection (Canny) started
2025-12-20 00:29:31 - image_processor - DEBUG - [image_processing.py:46] - RGB to grayscale conversion started. Image shape: (667, 1000, 3)
2025-12-20 00:29:31 - image_processor - DEBUG - [image_processing.py:30] - Convolution started. Image shape: (1200, 1800), kernel shape: (3, 3)
2025-12-20 00:29:31 - image_processor - DEBUG - [image_processing.py:53] - RGB to grayscale conversion completed. Result shape: (1165, 1231)
2025-12-20 00:29:31 - image_processor - DEBUG - [image_processing.py:30] - Convolution started. Image shape: (1165, 1231), kernel shape: (3, 3)
2025-12-20 00:29:31 - image_processor - DEBUG - [image_processing.py:53] - RGB to grayscale conversion completed. Result shape: (667, 1000)
2025-12-20 00:29:31 - image_processor - DEBUG - [image_processing.py:30] - Convolution started. Image shape: (667, 1000), kernel shape: (3, 3)
2025-12-20 00:29:31 - image_processor - DEBUG - [image_processing.py:36] - Convolution completed in 0.0241 seconds
2025-12-20 00:29:31 - image_processor - DEBUG - [image_processing.py:36] - Convolution completed in 0.0355 seconds
2025-12-20 00:29:31 - image_processor - DEBUG - [image_processing.py:36] - Convolution completed in 0.0100 seconds
2025-12-20 00:29:31 - image_processor - DEBUG - [image_processing.py:30] - Convolution started. Image shape: (667, 1000), kernel shape: (3, 3)
2025-12-20 00:29:31 - image_processor - DEBUG - [image_processing.py:30] - Convolution started. Image shape: (1165, 1231), kernel shape: (3, 3)
2025-12-20 00:29:31 - image_processor - DEBUG - [image_processing.py:36] - Convolution completed in 0.0127 seconds
2025-12-20 00:29:31 - image_processor - DEBUG - [image_processing.py:36] - Convolution completed in 0.0225 seconds
2025-12-20 00:29:31 - image_processor - DEBUG - [image_processing.py:91] - Non-maximum suppression started
2025-12-20 00:29:31 - image_processor - DEBUG - [image_processing.py:91] - Non-maximum suppression started
2025-12-20 00:29:31 - image_processor - DEBUG - [image_processing.py:91] - Non-maximum suppression started
2025-12-20 00:29:31 - image_processor - DEBUG - [parallel_convolution.py:48] - Library edge detection worker started for image 2 (PID 7284, breed: Australian Mist)
2025-12-20 00:29:31 - image_processor - DEBUG - [image_processing.py:24] - ImageProcessing instance created
2025-12-20 00:29:31 - image_processor - DEBUG - [image_processing.py:120] - Edge detection (Canny) started
2025-12-20 00:29:31 - image_processor - DEBUG - [image_processing.py:46] - RGB to grayscale conversion started. Image shape: (1200, 1800, 3)
2025-12-20 00:29:32 - image_processor - DEBUG - [parallel_convolution.py:28] - Convolution worker started for image 5 (PID 11980, breed: Devon Rex)
2025-12-20 00:29:32 - image_processor - DEBUG - [image_processing.py:24] - ImageProcessing instance created
2025-12-20 00:29:32 - image_processor - DEBUG - [image_processing.py:120] - Edge detection (Canny) started
2025-12-20 00:29:32 - image_processor - DEBUG - [image_processing.py:46] - RGB to grayscale conversion started. Image shape: (1009, 1600, 3)
2025-12-20 00:29:32 - image_processor - DEBUG - [parallel_convolution.py:48] - Library edge detection worker started for image 3 (PID 18816, breed: Devon Rex)
2025-12-20 00:29:32 - image_processor - DEBUG - [image_processing.py:24] - ImageProcessing instance created
2025-12-20 00:29:32 - image_processor - DEBUG - [image_processing.py:120] - Edge detection (Canny) started
2025-12-20 00:29:32 - image_processor - DEBUG - [image_processing.py:46] - RGB to grayscale conversion started. Image shape: (1160, 1729)
2025-12-20 00:29:32 - image_processor - ERROR - [image_processing.py:56] - RGB to grayscale conversion failed: Image must be RGB
2025-12-20 00:29:32 - image_processor - DEBUG - [parallel_convolution.py:48] - Library edge detection worker started for image 4 (PID 20900, breed: Devon Rex)
2025-12-20 00:29:32 - image_processor - DEBUG - [image_processing.py:24] - ImageProcessing instance created
2025-12-20 00:29:32 - image_processor - DEBUG - [image_processing.py:120] - Edge detection (Canny) started
2025-12-20 00:29:32 - image_processor - DEBUG - [image_processing.py:46] - RGB to grayscale conversion started. Image shape: (667, 1000, 3)
2025-12-20 00:29:32 - image_processor - DEBUG - [image_processing.py:53] - RGB to grayscale conversion completed. Result shape: (667, 1000)
2025-12-20 00:29:32 - image_processor - DEBUG - [parallel_convolution.py:48] - Library edge detection worker started for image 5 (PID 17436, breed: Devon Rex)
2025-12-20 00:29:32 - image_processor - DEBUG - [image_processing.py:24] - ImageProcessing instance created
2025-12-20 00:29:32 - image_processor - DEBUG - [image_processing.py:120] - Edge detection (Canny) started
2025-12-20 00:29:32 - image_processor - DEBUG - [image_processing.py:46] - RGB to grayscale conversion started. Image shape: (1009, 1600, 3)
2025-12-20 00:29:32 - image_processor - ERROR - [image_processing.py:142] - Edge detection failed: Image must be RGB
2025-12-20 00:29:32 - image_processor - DEBUG - [image_processing.py:30] - Convolution started. Image shape: (667, 1000), kernel shape: (3, 3)
2025-12-20 00:29:32 - image_processor - DEBUG - [image_processing.py:36] - Convolution completed in 0.0105 seconds
2025-12-20 00:29:32 - image_processor - DEBUG - [image_processing.py:30] - Convolution started. Image shape: (667, 1000), kernel shape: (3, 3)
2025-12-20 00:29:32 - image_processor - DEBUG - [image_processing.py:53] - RGB to grayscale conversion completed. Result shape: (1009, 1600)
2025-12-20 00:29:32 - image_processor - DEBUG - [image_processing.py:36] - Convolution completed in 0.0105 seconds
2025-12-20 00:29:32 - image_processor - DEBUG - [image_processing.py:30] - Convolution started. Image shape: (1009, 1600), kernel shape: (3, 3)
2025-12-20 00:29:32 - image_processor - ERROR - [parallel_convolution.py:56] - Library edge detection worker failed for image 3 (PID 18816): Image must be RGB
2025-12-20 00:29:32 - image_processor - DEBUG - [parallel_convolution.py:48] - Library edge detection worker started for image 6 (PID 15168, breed: Exotic Shorthair)
2025-12-20 00:29:32 - image_processor - DEBUG - [image_processing.py:24] - ImageProcessing instance created
2025-12-20 00:29:32 - image_processor - DEBUG - [image_processing.py:120] - Edge detection (Canny) started
r image 6 (PID 14848, breed: Exotic Shorthair)
2025-12-20 00:29:32 - image_processor - DEBUG - [image_processing.py:24] - ImageProcessing instance created
2025-12-20 00:29:32 - image_processor - DEBUG - [image_processing.py:46] - RGB to grayscale conversion started. Image shape: (959, 1280, 3)
2025-12-20 00:29:32 - image_processor - DEBUG - [image_processing.py:120] - Edge detection (Canny) started
2025-12-20 00:29:32 - image_processor - DEBUG - [image_processing.py:46] - RGB to grayscale conversion started. Image shape: (959, 1280, 3)
2025-12-20 00:29:32 - image_processor - DEBUG - [image_processing.py:36] - Convolution completed in 0.0294 seconds
2025-12-20 00:29:32 - image_processor - DEBUG - [image_processing.py:53] - RGB to grayscale conversion completed. Result shape: (1200, 1800)
2025-12-20 00:29:32 - image_processor - DEBUG - [image_processing.py:30] - Convolution started. Image shape: (1200, 1800), kernel shape: (3, 3)
2025-12-20 00:29:32 - image_processor - DEBUG - [image_processing.py:91] - Non-maximum suppression started
2025-12-20 00:29:32 - image_processor - DEBUG - [parallel_convolution.py:48] - Library edge detection worker started for image 7 (PID 18816, breed: Japanese Bobtail)
2025-12-20 00:29:32 - image_processor - DEBUG - [image_processing.py:24] - ImageProcessing instance created
2025-12-20 00:29:32 - image_processor - DEBUG - [image_processing.py:120] - Edge detection (Canny) started
2025-12-20 00:29:32 - image_processor - DEBUG - [image_processing.py:46] - RGB to grayscale conversion started. Image shape: (1041, 1600, 3)
2025-12-20 00:29:32 - image_processor - DEBUG - [image_processing.py:30] - Convolution started. Image shape: (1009, 1600), kernel shape: (3, 3)
2025-12-20 00:29:32 - image_processor - DEBUG - [image_processing.py:36] - Convolution completed in 0.0292 seconds
2025-12-20 00:29:32 - image_processor - DEBUG - [image_processing.py:53] - RGB to grayscale conversion completed. Result shape: (959, 1280)
2025-12-20 00:29:32 - image_processor - DEBUG - [image_processing.py:30] - Convolution started. Image shape: (959, 1280), kernel shape: (3, 3)
2025-12-20 00:29:32 - image_processor - DEBUG - [image_processing.py:36] - Convolution completed in 0.0767 seconds
2025-12-20 00:29:32 - image_processor - DEBUG - [image_processing.py:53] - RGB to grayscale conversion completed. Result shape: (1009, 1600)
2025-12-20 00:29:32 - image_processor - DEBUG - [image_processing.py:30] - Convolution started. Image shape: (1009, 1600), kernel shape: (3, 3)
2025-12-20 00:29:32 - image_processor - DEBUG - [image_processing.py:30] - Convolution started. Image shape: (1200, 1800), kernel shape: (3, 3)
2025-12-20 00:29:32 - image_processor - DEBUG - [image_processing.py:53] - RGB to grayscale conversion completed. Result shape: (1041, 1600)
2025-12-20 00:29:32 - image_processor - DEBUG - [image_processing.py:36] - Convolution completed in 0.0551 seconds
2025-12-20 00:29:32 - image_processor - DEBUG - [image_processing.py:30] - Convolution started. Image shape: (1041, 1600), kernel shape: (3, 3)
2025-12-20 00:29:32 - image_processor - DEBUG - [image_processing.py:91] - Non-maximum suppression started
2025-12-20 00:29:32 - image_processor - DEBUG - [image_processing.py:30] - Convolution started. Image shape: (959, 1280), kernel shape: (3, 3)
2025-12-20 00:29:32 - image_processor - DEBUG - [image_processing.py:53] - RGB to grayscale conversion completed. Result shape: (959, 1280)
2025-12-20 00:29:32 - image_processor - DEBUG - [image_processing.py:30] - Convolution started. Image shape: (959, 1280), kernel shape: (3, 3)
2025-12-20 00:29:32 - image_processor - DEBUG - [image_processing.py:36] - Convolution completed in 0.0681 seconds
2025-12-20 00:29:32 - image_processor - DEBUG - [image_processing.py:30] - Convolution started. Image shape: (1009, 1600), kernel shape: (3, 3)
2025-12-20 00:29:32 - image_processor - DEBUG - [image_processing.py:36] - Convolution completed in 0.0232 seconds
2025-12-20 00:29:32 - image_processor - DEBUG - [image_processing.py:30] - Convolution started. Image shape: (959, 1280), kernel shape: (3, 3)
2025-12-20 00:29:32 - image_processor - DEBUG - [image_processing.py:36] - Convolution completed in 0.0831 seconds
2025-12-20 00:29:32 - image_processor - DEBUG - [image_processing.py:36] - Convolution completed in 0.0550 seconds
2025-12-20 00:29:32 - image_processor - DEBUG - [image_processing.py:36] - Convolution completed in 0.0680 seconds
2025-12-20 00:29:32 - image_processor - DEBUG - [image_processing.py:30] - Convolution started. Image shape: (1041, 1600), kernel shape: (3, 3)
2025-12-20 00:29:32 - image_processor - DEBUG - [image_processing.py:36] - Convolution completed in 0.0592 seconds
2025-12-20 00:29:32 - image_processor - DEBUG - [image_processing.py:36] - Convolution completed in 0.0552 seconds
2025-12-20 00:29:32 - image_processor - DEBUG - [parallel_convolution.py:28] - Convolution worker started for image 7 (PID 18416, breed: Japanese Bobtail)
2025-12-20 00:29:32 - image_processor - DEBUG - [image_processing.py:24] - ImageProcessing instance created
2025-12-20 00:29:32 - image_processor - DEBUG - [image_processing.py:120] - Edge detection (Canny) started
2025-12-20 00:29:32 - image_processor - DEBUG - [image_processing.py:46] - RGB to grayscale conversion started. Image shape: (1041, 1600, 3)
2025-12-20 00:29:32 - image_processor - DEBUG - [image_processing.py:91] - Non-maximum suppression started
2025-12-20 00:29:32 - image_processor - DEBUG - [image_processing.py:36] - Convolution completed in 0.0791 seconds
2025-12-20 00:29:32 - image_processor - DEBUG - [image_processing.py:91] - Non-maximum suppression started
2025-12-20 00:29:32 - image_processor - DEBUG - [image_processing.py:91] - Non-maximum suppression started
2025-12-20 00:29:32 - image_processor - DEBUG - [image_processing.py:91] - Non-maximum suppression started
2025-12-20 00:29:32 - image_processor - DEBUG - [parallel_convolution.py:28] - Convolution worker started for image 8 (PID 18248, breed: Manx)
2025-12-20 00:29:32 - image_processor - DEBUG - [image_processing.py:24] - ImageProcessing instance created
2025-12-20 00:29:32 - image_processor - DEBUG - [image_processing.py:120] - Edge detection (Canny) started
2025-12-20 00:29:32 - image_processor - DEBUG - [image_processing.py:46] - RGB to grayscale conversion started. Image shape: (800, 1200, 3)
2025-12-20 00:29:32 - image_processor - DEBUG - [image_processing.py:91] - Non-maximum suppression started
2025-12-20 00:29:32 - image_processor - DEBUG - [image_processing.py:53] - RGB to grayscale conversion completed. Result shape: (1041, 1600)
2025-12-20 00:29:32 - image_processor - DEBUG - [image_processing.py:30] - Convolution started. Image shape: (1041, 1600), kernel shape: (3, 3)
2025-12-20 00:29:32 - image_processor - DEBUG - [image_processing.py:53] - RGB to grayscale conversion completed. Result shape: (800, 1200)
2025-12-20 00:29:32 - image_processor - DEBUG - [image_processing.py:30] - Convolution started. Image shape: (800, 1200), kernel shape: (3, 3)
2025-12-20 00:29:32 - image_processor - DEBUG - [image_processing.py:36] - Convolution completed in 0.0711 seconds
2025-12-20 00:29:32 - image_processor - DEBUG - [image_processing.py:30] - Convolution started. Image shape: (1041, 1600), kernel shape: (3, 3)
2025-12-20 00:29:32 - image_processor - DEBUG - [image_processing.py:36] - Convolution completed in 0.0660 seconds
2025-12-20 00:29:32 - image_processor - DEBUG - [image_processing.py:30] - Convolution started. Image shape: (800, 1200), kernel shape: (3, 3)
2025-12-20 00:29:32 - image_processor - DEBUG - [image_processing.py:36] - Convolution completed in 0.0325 seconds
2025-12-20 00:29:32 - image_processor - DEBUG - [image_processing.py:36] - Convolution completed in 0.1192 seconds
2025-12-20 00:29:32 - image_processor - DEBUG - [image_processing.py:91] - Non-maximum suppression started
2025-12-20 00:29:32 - image_processor - DEBUG - [parallel_convolution.py:28] - Convolution worker started for image 9 (PID 11060, breed: Norwegian Forest Cat)
2025-12-20 00:29:32 - image_processor - DEBUG - [image_processing.py:24] - ImageProcessing instance created
2025-12-20 00:29:32 - image_processor - DEBUG - [image_processing.py:120] - Edge detection (Canny) started
2025-12-20 00:29:32 - image_processor - DEBUG - [image_processing.py:46] - RGB to grayscale conversion started. Image shape: (890, 1000, 3)
2025-12-20 00:29:32 - image_processor - DEBUG - [image_processing.py:91] - Non-maximum suppression started
2025-12-20 00:29:33 - image_processor - DEBUG - [image_processing.py:53] - RGB to grayscale conversion completed. Result shape: (890, 1000)
2025-12-20 00:29:33 - image_processor - DEBUG - [image_processing.py:30] - Convolution started. Image shape: (890, 1000), kernel shape: (3, 3)
2025-12-20 00:29:33 - image_processor - DEBUG - [image_processing.py:36] - Convolution completed in 0.0149 seconds
2025-12-20 00:29:33 - image_processor - DEBUG - [image_processing.py:30] - Convolution started. Image shape: (890, 1000), kernel shape: (3, 3)
2025-12-20 00:29:33 - image_processor - DEBUG - [parallel_convolution.py:48] - Library edge detection worker started for image 8 (PID 15516, breed: Manx)
2025-12-20 00:29:33 - image_processor - DEBUG - [image_processing.py:24] - ImageProcessing instance created
2025-12-20 00:29:33 - image_processor - DEBUG - [image_processing.py:120] - Edge detection (Canny) started
2025-12-20 00:29:33 - image_processor - DEBUG - [image_processing.py:46] - RGB to grayscale conversion started. Image shape: (800, 1200, 3)
2025-12-20 00:29:33 - image_processor - DEBUG - [image_processing.py:36] - Convolution completed in 0.0601 seconds
2025-12-20 00:29:33 - image_processor - DEBUG - [image_processing.py:91] - Non-maximum suppression started
2025-12-20 00:29:33 - image_processor - DEBUG - [image_processing.py:53] - RGB to grayscale conversion completed. Result shape: (800, 1200)
2025-12-20 00:29:33 - image_processor - DEBUG - [image_processing.py:30] - Convolution started. Image shape: (800, 1200), kernel shape: (3, 3)
2025-12-20 00:29:33 - image_processor - DEBUG - [image_processing.py:36] - Convolution completed in 0.0764 seconds
2025-12-20 00:29:33 - image_processor - DEBUG - [image_processing.py:30] - Convolution started. Image shape: (800, 1200), kernel shape: (3, 3)
2025-12-20 00:29:33 - image_processor - DEBUG - [image_processing.py:36] - Convolution completed in 0.0156 seconds
2025-12-20 00:29:33 - image_processor - DEBUG - [image_processing.py:91] - Non-maximum suppression started
2025-12-20 00:29:33 - image_processor - DEBUG - [image_processing.py:113] - Non-maximum suppression completed
2025-12-20 00:29:33 - image_processor - DEBUG - [image_processing.py:139] - Edge detection completed in 1.6910 seconds
2025-12-20 00:29:33 - image_processor - DEBUG - [parallel_convolution.py:33] - Convolution worker finished for image 4 (PID 8884)
2025-12-20 00:29:33 - image_processor - DEBUG - [parallel_convolution.py:28] - Convolution worker started for image 10 (PID 8884, breed: Ocicat)
2025-12-20 00:29:33 - image_processor - DEBUG - [image_processing.py:24] - ImageProcessing instance created
2025-12-20 00:29:33 - image_processor - DEBUG - [image_processing.py:120] - Edge detection (Canny) started
2025-12-20 00:29:33 - image_processor - DEBUG - [image_processing.py:46] - RGB to grayscale conversion started. Image shape: (2469, 3704, 3)
2025-12-20 00:29:34 - image_processor - DEBUG - [image_processing.py:53] - RGB to grayscale conversion completed. Result shape: (2469, 3704)
2025-12-20 00:29:34 - image_processor - DEBUG - [image_processing.py:30] - Convolution started. Image shape: (2469, 3704), kernel shape: (3, 3)
2025-12-20 00:29:34 - image_processor - DEBUG - [parallel_convolution.py:48] - Library edge detection worker started for image 9 (PID 16072, breed: Norwegian Forest Cat)
2025-12-20 00:29:34 - image_processor - DEBUG - [image_processing.py:24] - ImageProcessing instance created
2025-12-20 00:29:34 - image_processor - DEBUG - [image_processing.py:120] - Edge detection (Canny) started
2025-12-20 00:29:34 - image_processor - DEBUG - [image_processing.py:46] - RGB to grayscale conversion started. Image shape: (890, 1000, 3)
2025-12-20 00:29:34 - image_processor - DEBUG - [image_processing.py:53] - RGB to grayscale conversion completed. Result shape: (890, 1000)
2025-12-20 00:29:34 - image_processor - DEBUG - [image_processing.py:30] - Convolution started. Image shape: (890, 1000), kernel shape: (3, 3)
2025-12-20 00:29:34 - image_processor - DEBUG - [image_processing.py:36] - Convolution completed in 0.0811 seconds
2025-12-20 00:29:34 - image_processor - DEBUG - [image_processing.py:30] - Convolution started. Image shape: (890, 1000), kernel shape: (3, 3)
2025-12-20 00:29:34 - image_processor - DEBUG - [image_processing.py:36] - Convolution completed in 0.0164 seconds
2025-12-20 00:29:34 - image_processor - DEBUG - [image_processing.py:91] - Non-maximum suppression started
2025-12-20 00:29:34 - image_processor - DEBUG - [image_processing.py:113] - Non-maximum suppression completed
2025-12-20 00:29:34 - image_processor - DEBUG - [image_processing.py:139] - Edge detection completed in 3.5232 seconds
2025-12-20 00:29:34 - image_processor - DEBUG - [parallel_convolution.py:33] - Convolution worker finished for image 1 (PID 20548)
2025-12-20 00:29:35 - image_processor - DEBUG - [image_processing.py:36] - Convolution completed in 0.5526 seconds
2025-12-20 00:29:35 - image_processor - DEBUG - [image_processing.py:30] - Convolution started. Image shape: (2469, 3704), kernel shape: (3, 3)
2025-12-20 00:29:35 - image_processor - DEBUG - [image_processing.py:36] - Convolution completed in 0.3672 seconds
2025-12-20 00:29:35 - image_processor - DEBUG - [image_processing.py:113] - Non-maximum suppression completed
2025-12-20 00:29:35 - image_processor - DEBUG - [image_processing.py:139] - Edge detection completed in 3.4764 seconds
2025-12-20 00:29:35 - image_processor - DEBUG - [parallel_convolution.py:33] - Convolution worker finished for image 6 (PID 14848)
2025-12-20 00:29:36 - image_processor - DEBUG - [image_processing.py:113] - Non-maximum suppression completed
2025-12-20 00:29:36 - image_processor - DEBUG - [image_processing.py:139] - Edge detection completed in 4.1802 seconds
2025-12-20 00:29:36 - image_processor - DEBUG - [parallel_convolution.py:53] - Library edge detection worker finished for image 4 (PID 20900)
2025-12-20 00:29:36 - image_processor - DEBUG - [parallel_convolution.py:48] - Library edge detection worker started for image 10 (PID 20900, breed: Ocicat)
2025-12-20 00:29:36 - image_processor - DEBUG - [image_processing.py:24] - ImageProcessing instance created
2025-12-20 00:29:36 - image_processor - DEBUG - [image_processing.py:120] - Edge detection (Canny) started
2025-12-20 00:29:36 - image_processor - DEBUG - [image_processing.py:46] - RGB to grayscale conversion started. Image shape: (2469, 3704, 3)
2025-12-20 00:29:36 - image_processor - DEBUG - [image_processing.py:91] - Non-maximum suppression started
2025-12-20 00:29:36 - image_processor - DEBUG - [image_processing.py:113] - Non-maximum suppression completed
2025-12-20 00:29:36 - image_processor - DEBUG - [image_processing.py:139] - Edge detection completed in 4.4924 seconds
2025-12-20 00:29:36 - image_processor - DEBUG - [parallel_convolution.py:33] - Convolution worker finished for image 5 (PID 11980)
2025-12-20 00:29:36 - image_processor - DEBUG - [image_processing.py:113] - Non-maximum suppression completed
2025-12-20 00:29:36 - image_processor - DEBUG - [image_processing.py:139] - Edge detection completed in 5.3028 seconds
2025-12-20 00:29:36 - image_processor - DEBUG - [parallel_convolution.py:33] - Convolution worker finished for image 2 (PID 15984)
2025-12-20 00:29:37 - image_processor - DEBUG - [image_processing.py:53] - RGB to grayscale conversion completed. Result shape: (2469, 3704)
2025-12-20 00:29:37 - image_processor - DEBUG - [image_processing.py:30] - Convolution started. Image shape: (2469, 3704), kernel shape: (3, 3)
2025-12-20 00:29:37 - image_processor - DEBUG - [image_processing.py:113] - Non-maximum suppression completed
2025-12-20 00:29:37 - image_processor - DEBUG - [image_processing.py:139] - Edge detection completed in 5.0954 seconds
2025-12-20 00:29:37 - image_processor - DEBUG - [parallel_convolution.py:53] - Library edge detection worker finished for image 6 (PID 15168)
2025-12-20 00:29:37 - image_processor - DEBUG - [image_processing.py:36] - Convolution completed in 0.3115 seconds
2025-12-20 00:29:37 - image_processor - DEBUG - [image_processing.py:30] - Convolution started. Image shape: (2469, 3704), kernel shape: (3, 3)
2025-12-20 00:29:37 - image_processor - DEBUG - [image_processing.py:36] - Convolution completed in 0.3036 seconds
2025-12-20 00:29:38 - image_processor - DEBUG - [image_processing.py:113] - Non-maximum suppression completed
2025-12-20 00:29:38 - image_processor - DEBUG - [image_processing.py:139] - Edge detection completed in 5.1244 seconds
2025-12-20 00:29:38 - image_processor - DEBUG - [parallel_convolution.py:33] - Convolution worker finished for image 9 (PID 11060)
2025-12-20 00:29:38 - image_processor - DEBUG - [image_processing.py:113] - Non-maximum suppression completed
2025-12-20 00:29:38 - image_processor - DEBUG - [image_processing.py:139] - Edge detection completed in 5.5689 seconds
2025-12-20 00:29:38 - image_processor - DEBUG - [parallel_convolution.py:33] - Convolution worker finished for image 8 (PID 18248)
2025-12-20 00:29:38 - image_processor - DEBUG - [image_processing.py:91] - Non-maximum suppression started
2025-12-20 00:29:38 - image_processor - DEBUG - [image_processing.py:113] - Non-maximum suppression completed
2025-12-20 00:29:38 - image_processor - DEBUG - [image_processing.py:139] - Edge detection completed in 3.6968 seconds
2025-12-20 00:29:38 - image_processor - DEBUG - [parallel_convolution.py:53] - Library edge detection worker finished for image 9 (PID 16072)
2025-12-20 00:29:38 - image_processor - DEBUG - [image_processing.py:113] - Non-maximum suppression completed
2025-12-20 00:29:38 - image_processor - DEBUG - [image_processing.py:139] - Edge detection completed in 5.3236 seconds
2025-12-20 00:29:38 - image_processor - DEBUG - [parallel_convolution.py:53] - Library edge detection worker finished for image 8 (PID 15516)
2025-12-20 00:29:38 - image_processor - DEBUG - [image_processing.py:113] - Non-maximum suppression completed
2025-12-20 00:29:38 - image_processor - DEBUG - [image_processing.py:139] - Edge detection completed in 6.4074 seconds
2025-12-20 00:29:38 - image_processor - DEBUG - [parallel_convolution.py:53] - Library edge detection worker finished for image 5 (PID 17436)
2025-12-20 00:29:38 - image_processor - DEBUG - [image_processing.py:113] - Non-maximum suppression completed
2025-12-20 00:29:38 - image_processor - DEBUG - [image_processing.py:139] - Edge detection completed in 6.7676 seconds
2025-12-20 00:29:38 - image_processor - DEBUG - [parallel_convolution.py:53] - Library edge detection worker finished for image 1 (PID 20684)
2025-12-20 00:29:38 - image_processor - DEBUG - [image_processing.py:113] - Non-maximum suppression completed
2025-12-20 00:29:38 - image_processor - DEBUG - [image_processing.py:113] - Non-maximum suppression completed
2025-12-20 00:29:38 - image_processor - DEBUG - [image_processing.py:139] - Edge detection completed in 6.5126 seconds
2025-12-20 00:29:38 - image_processor - DEBUG - [image_processing.py:139] - Edge detection completed in 6.9418 seconds
2025-12-20 00:29:38 - image_processor - DEBUG - [parallel_convolution.py:33] - Convolution worker finished for image 7 (PID 18416)
2025-12-20 00:29:38 - image_processor - DEBUG - [parallel_convolution.py:53] - Library edge detection worker finished for image 2 (PID 7284)
2025-12-20 00:29:39 - image_processor - DEBUG - [image_processing.py:113] - Non-maximum suppression completed
2025-12-20 00:29:39 - image_processor - DEBUG - [image_processing.py:139] - Edge detection completed in 6.9215 seconds
2025-12-20 00:29:39 - image_processor - DEBUG - [parallel_convolution.py:53] - Library edge detection worker finished for image 7 (PID 18816)
2025-12-20 00:29:46 - image_processor - DEBUG - [image_processing.py:113] - Non-maximum suppression completed
2025-12-20 00:29:46 - image_processor - DEBUG - [image_processing.py:139] - Edge detection completed in 13.0115 seconds
2025-12-20 00:29:46 - image_processor - DEBUG - [parallel_convolution.py:33] - Convolution worker finished for image 10 (PID 8884)
2025-12-20 00:29:46 - image_processor - INFO - [parallel_convolution.py:137] - Parallel custom edge detection completed for 10 images
2025-12-20 00:29:46 - image_processor - DEBUG - [image_processing.py:113] - Non-maximum suppression completed
2025-12-20 00:29:46 - image_processor - DEBUG - [image_processing.py:139] - Edge detection completed in 10.6947 seconds
2025-12-20 00:29:46 - image_processor - DEBUG - [parallel_convolution.py:53] - Library edge detection worker finished for image 10 (PID 20900)
2025-12-20 00:29:46 - image_processor - INFO - [parallel_convolution.py:154] - Parallel library edge detection completed for 10 images
2025-12-20 00:29:46 - image_processor - DEBUG - [async_pipeline.py:113] - Edge detection completed
2025-12-20 00:29:46 - image_processor - INFO - [parallel_convolution.py:166] - Starting parallel arithmetic operations for 10 images
2025-12-20 00:29:48 - image_processor - DEBUG - [parallel_convolution.py:70] - Arithmetic operations worker started for image 1 (PID 16324, breed: Australian Mist)
2025-12-20 00:29:48 - image_processor - DEBUG - [abstract_image.py:141] - Addition operation started
2025-12-20 00:29:48 - image_processor - DEBUG - [abstract_image.py:129] - Converting grayscale to RGB (3 channels)
2025-12-20 00:29:48 - image_processor - DEBUG - [parallel_convolution.py:70] - Arithmetic operations worker started for image 2 (PID 4004, breed: Australian Mist)
2025-12-20 00:29:48 - image_processor - DEBUG - [abstract_image.py:141] - Addition operation started
2025-12-20 00:29:48 - image_processor - DEBUG - [abstract_image.py:129] - Converting grayscale to RGB (3 channels)
2025-12-20 00:29:48 - image_processor - DEBUG - [parallel_convolution.py:70] - Arithmetic operations worker started for image 3 (PID 20188, breed: Devon Rex)
2025-12-20 00:29:48 - image_processor - DEBUG - [abstract_image.py:141] - Addition operation started
2025-12-20 00:29:48 - image_processor - DEBUG - [abstract_image.py:129] - Converting grayscale to RGB (3 channels)
2025-12-20 00:29:48 - image_processor - DEBUG - [abstract_image.py:129] - Converting grayscale to RGB (3 channels)
2025-12-20 00:29:48 - image_processor - DEBUG - [parallel_convolution.py:70] - Arithmetic operations worker started for image 4 (PID 21016, breed: Devon Rex)
2025-12-20 00:29:48 - image_processor - DEBUG - [abstract_image.py:141] - Addition operation started
2025-12-20 00:29:48 - image_processor - DEBUG - [abstract_image.py:129] - Converting grayscale to RGB (3 channels)
2025-12-20 00:29:48 - image_processor - DEBUG - [parallel_convolution.py:70] - Arithmetic operations worker started for image 5 (PID 20212, breed: Devon Rex)
2025-12-20 00:29:48 - image_processor - DEBUG - [abstract_image.py:141] - Addition operation started
2025-12-20 00:29:48 - image_processor - DEBUG - [abstract_image.py:129] - Converting grayscale to RGB (3 channels)
2025-12-20 00:29:48 - image_processor - DEBUG - [abstract_image.py:166] - Addition operation completed. Result shape: (1165, 1231, 3)
2025-12-20 00:29:48 - image_processor - DEBUG - [image_processing.py:24] - ImageProcessing instance created
2025-12-20 00:29:48 - image_processor - DEBUG - [abstract_image.py:35] - CatImage created: breed=Australian Mist+processed, shape=(1165, 1231, 3), url=combined_Australian Mist...
2025-12-20 00:29:48 - image_processor - DEBUG - [abstract_image.py:173] - Subtraction operation started
2025-12-20 00:29:48 - image_processor - DEBUG - [abstract_image.py:129] - Converting grayscale to RGB (3 channels)
2025-12-20 00:29:48 - image_processor - DEBUG - [abstract_image.py:166] - Addition operation completed. Result shape: (667, 1000, 3)
2025-12-20 00:29:48 - image_processor - DEBUG - [image_processing.py:24] - ImageProcessing instance created
2025-12-20 00:29:48 - image_processor - DEBUG - [abstract_image.py:35] - CatImage created: breed=Devon Rex+processed, shape=(667, 1000, 3), url=combined_Devon Rex...
2025-12-20 00:29:48 - image_processor - DEBUG - [abstract_image.py:173] - Subtraction operation started
2025-12-20 00:29:48 - image_processor - DEBUG - [abstract_image.py:129] - Converting grayscale to RGB (3 channels)
2025-12-20 00:29:48 - image_processor - DEBUG - [parallel_convolution.py:70] - Arithmetic operations worker started for image 6 (PID 14036, breed: Exotic Shorthair)
2025-12-20 00:29:48 - image_processor - DEBUG - [abstract_image.py:141] - Addition operation started
2025-12-20 00:29:48 - image_processor - DEBUG - [abstract_image.py:129] - Converting grayscale to RGB (3 channels)
2025-12-20 00:29:48 - image_processor - DEBUG - [abstract_image.py:198] - Subtraction operation completed. Result shape: (667, 1000, 3)
2025-12-20 00:29:48 - image_processor - DEBUG - [image_processing.py:24] - ImageProcessing instance created
2025-12-20 00:29:48 - image_processor - DEBUG - [abstract_image.py:35] - CatImage created: breed=Devon Rex-processed, shape=(667, 1000, 3), url=subtracted_Devon Rex...
2025-12-20 00:29:48 - image_processor - DEBUG - [abstract_image.py:141] - Addition operation started
2025-12-20 00:29:48 - image_processor - DEBUG - [abstract_image.py:129] - Converting grayscale to RGB (3 channels)
2025-12-20 00:29:48 - image_processor - DEBUG - [parallel_convolution.py:70] - Arithmetic operations worker started for image 7 (PID 12052, breed: Japanese Bobtail)
2025-12-20 00:29:48 - image_processor - DEBUG - [abstract_image.py:141] - Addition operation started
2025-12-20 00:29:48 - image_processor - DEBUG - [abstract_image.py:129] - Converting grayscale to RGB (3 channels)
2025-12-20 00:29:48 - image_processor - DEBUG - [parallel_convolution.py:70] - Arithmetic operations worker started for image 8 (PID 4168, breed: Manx)
2025-12-20 00:29:48 - image_processor - DEBUG - [abstract_image.py:141] - Addition operation started
2025-12-20 00:29:48 - image_processor - DEBUG - [abstract_image.py:129] - Converting grayscale to RGB (3 channels)
2025-12-20 00:29:48 - image_processor - DEBUG - [abstract_image.py:166] - Addition operation completed. Result shape: (1200, 1800, 3)
2025-12-20 00:29:48 - image_processor - DEBUG - [image_processing.py:24] - ImageProcessing instance created
2025-12-20 00:29:48 - image_processor - DEBUG - [abstract_image.py:35] - CatImage created: breed=Australian Mist+processed, shape=(1200, 1800, 3), url=combined_Australian Mist...
2025-12-20 00:29:48 - image_processor - DEBUG - [abstract_image.py:173] - Subtraction operation started
2025-12-20 00:29:48 - image_processor - DEBUG - [abstract_image.py:129] - Converting grayscale to RGB (3 channels)
2025-12-20 00:29:48 - image_processor - DEBUG - [abstract_image.py:166] - Addition operation completed. Result shape: (1160, 1729, 3)
2025-12-20 00:29:48 - image_processor - DEBUG - [image_processing.py:24] - ImageProcessing instance created
2025-12-20 00:29:48 - image_processor - DEBUG - [abstract_image.py:35] - CatImage created: breed=Devon Rex+processed, shape=(1160, 1729, 3), url=combined_Devon Rex...
2025-12-20 00:29:48 - image_processor - DEBUG - [abstract_image.py:173] - Subtraction operation started
2025-12-20 00:29:48 - image_processor - DEBUG - [abstract_image.py:129] - Converting grayscale to RGB (3 channels)
2025-12-20 00:29:48 - image_processor - DEBUG - [abstract_image.py:129] - Converting grayscale to RGB (3 channels)
2025-12-20 00:29:48 - image_processor - DEBUG - [abstract_image.py:198] - Subtraction operation completed. Result shape: (1165, 1231, 3)
2025-12-20 00:29:48 - image_processor - DEBUG - [image_processing.py:24] - ImageProcessing instance created
2025-12-20 00:29:48 - image_processor - DEBUG - [abstract_image.py:35] - CatImage created: breed=Australian Mist-processed, shape=(1165, 1231, 3), url=subtracted_Australian Mist...
2025-12-20 00:29:48 - image_processor - DEBUG - [abstract_image.py:141] - Addition operation started
2025-12-20 00:29:48 - image_processor - DEBUG - [abstract_image.py:129] - Converting grayscale to RGB (3 channels)
2025-12-20 00:29:48 - image_processor - DEBUG - [abstract_image.py:166] - Addition operation completed. Result shape: (1009, 1600, 3)
2025-12-20 00:29:48 - image_processor - DEBUG - [image_processing.py:24] - ImageProcessing instance created
2025-12-20 00:29:48 - image_processor - DEBUG - [abstract_image.py:35] - CatImage created: breed=Devon Rex+processed, shape=(1009, 1600, 3), url=combined_Devon Rex...
2025-12-20 00:29:48 - image_processor - DEBUG - [abstract_image.py:173] - Subtraction operation started
2025-12-20 00:29:48 - image_processor - DEBUG - [abstract_image.py:166] - Addition operation completed. Result shape: (667, 1000, 3)
2025-12-20 00:29:48 - image_processor - DEBUG - [abstract_image.py:129] - Converting grayscale to RGB (3 channels)
2025-12-20 00:29:48 - image_processor - DEBUG - [image_processing.py:24] - ImageProcessing instance created
2025-12-20 00:29:48 - image_processor - DEBUG - [abstract_image.py:35] - CatImage created: breed=Devon Rex+processed, shape=(667, 1000, 3), url=combined_Devon Rex...
2025-12-20 00:29:48 - image_processor - DEBUG - [abstract_image.py:173] - Subtraction operation started
2025-12-20 00:29:48 - image_processor - DEBUG - [abstract_image.py:129] - Converting grayscale to RGB (3 channels)
2025-12-20 00:29:48 - image_processor - DEBUG - [abstract_image.py:166] - Addition operation completed. Result shape: (959, 1280, 3)
2025-12-20 00:29:48 - image_processor - DEBUG - [image_processing.py:24] - ImageProcessing instance created
2025-12-20 00:29:48 - image_processor - DEBUG - [abstract_image.py:35] - CatImage created: breed=Exotic Shorthair+processed, shape=(959, 1280, 3), url=combined_Exotic Shorthair...
2025-12-20 00:29:48 - image_processor - DEBUG - [abstract_image.py:173] - Subtraction operation started
2025-12-20 00:29:48 - image_processor - DEBUG - [abstract_image.py:129] - Converting grayscale to RGB (3 channels)
2025-12-20 00:29:48 - image_processor - DEBUG - [abstract_image.py:166] - Addition operation completed. Result shape: (800, 1200, 3)
2025-12-20 00:29:48 - image_processor - DEBUG - [image_processing.py:24] - ImageProcessing instance created
2025-12-20 00:29:48 - image_processor - DEBUG - [abstract_image.py:35] - CatImage created: breed=Manx+processed, shape=(800, 1200, 3), url=combined_Manx...
2025-12-20 00:29:48 - image_processor - DEBUG - [abstract_image.py:173] - Subtraction operation started
2025-12-20 00:29:48 - image_processor - DEBUG - [abstract_image.py:129] - Converting grayscale to RGB (3 channels)
2025-12-20 00:29:48 - image_processor - DEBUG - [abstract_image.py:198] - Subtraction operation completed. Result shape: (667, 1000, 3)
2025-12-20 00:29:48 - image_processor - DEBUG - [image_processing.py:24] - ImageProcessing instance created
2025-12-20 00:29:48 - image_processor - DEBUG - [abstract_image.py:35] - CatImage created: breed=Devon Rex-processed, shape=(667, 1000, 3), url=subtracted_Devon Rex...
2025-12-20 00:29:48 - image_processor - DEBUG - [parallel_convolution.py:85] - Arithmetic operations worker finished for image 4 (PID 21016)
2025-12-20 00:29:48 - image_processor - DEBUG - [abstract_image.py:166] - Addition operation completed. Result shape: (1041, 1600, 3)
2025-12-20 00:29:48 - image_processor - DEBUG - [image_processing.py:24] - ImageProcessing instance created
2025-12-20 00:29:48 - image_processor - DEBUG - [abstract_image.py:35] - CatImage created: breed=Japanese Bobtail+processed, shape=(1041, 1600, 3), url=combined_Japanese Bobtail...
2025-12-20 00:29:48 - image_processor - DEBUG - [abstract_image.py:173] - Subtraction operation started
2025-12-20 00:29:48 - image_processor - DEBUG - [abstract_image.py:129] - Converting grayscale to RGB (3 channels)
2025-12-20 00:29:48 - image_processor - DEBUG - [parallel_convolution.py:70] - Arithmetic operations worker started for image 9 (PID 21016, breed: Norwegian Forest Cat)
2025-12-20 00:29:48 - image_processor - DEBUG - [abstract_image.py:141] - Addition operation started
2025-12-20 00:29:48 - image_processor - DEBUG - [abstract_image.py:129] - Converting grayscale to RGB (3 channels)
2025-12-20 00:29:48 - image_processor - DEBUG - [abstract_image.py:166] - Addition operation completed. Result shape: (1165, 1231, 3)
2025-12-20 00:29:48 - image_processor - DEBUG - [image_processing.py:24] - ImageProcessing instance created
2025-12-20 00:29:48 - image_processor - DEBUG - [abstract_image.py:35] - CatImage created: breed=Australian Mist+processed, shape=(1165, 1231, 3), url=combined_Australian Mist...
2025-12-20 00:29:48 - image_processor - DEBUG - [abstract_image.py:173] - Subtraction operation started
2025-12-20 00:29:48 - image_processor - DEBUG - [abstract_image.py:129] - Converting grayscale to RGB (3 channels)
2025-12-20 00:29:48 - image_processor - DEBUG - [abstract_image.py:198] - Subtraction operation completed. Result shape: (959, 1280, 3)
2025-12-20 00:29:48 - image_processor - DEBUG - [image_processing.py:24] - ImageProcessing instance created
2025-12-20 00:29:48 - image_processor - DEBUG - [abstract_image.py:35] - CatImage created: breed=Exotic Shorthair-processed, shape=(959, 1280, 3), url=subtracted_Exotic Shorthair...
2025-12-20 00:29:48 - image_processor - DEBUG - [abstract_image.py:141] - Addition operation started
2025-12-20 00:29:48 - image_processor - DEBUG - [abstract_image.py:129] - Converting grayscale to RGB (3 channels)
2025-12-20 00:29:48 - image_processor - DEBUG - [abstract_image.py:198] - Subtraction operation completed. Result shape: (800, 1200, 3)
2025-12-20 00:29:48 - image_processor - DEBUG - [image_processing.py:24] - ImageProcessing instance created
2025-12-20 00:29:48 - image_processor - DEBUG - [abstract_image.py:35] - CatImage created: breed=Manx-processed, shape=(800, 1200, 3), url=subtracted_Manx...
2025-12-20 00:29:48 - image_processor - DEBUG - [abstract_image.py:141] - Addition operation started
2025-12-20 00:29:48 - image_processor - DEBUG - [abstract_image.py:129] - Converting grayscale to RGB (3 channels)
2025-12-20 00:29:48 - image_processor - DEBUG - [abstract_image.py:198] - Subtraction operation completed. Result shape: (1009, 1600, 3)
2025-12-20 00:29:48 - image_processor - DEBUG - [image_processing.py:24] - ImageProcessing instance created
2025-12-20 00:29:48 - image_processor - DEBUG - [abstract_image.py:35] - CatImage created: breed=Devon Rex-processed, shape=(1009, 1600, 3), url=subtracted_Devon Rex...
2025-12-20 00:29:48 - image_processor - DEBUG - [abstract_image.py:141] - Addition operation started
2025-12-20 00:29:48 - image_processor - DEBUG - [abstract_image.py:129] - Converting grayscale to RGB (3 channels)
2025-12-20 00:29:48 - image_processor - DEBUG - [abstract_image.py:198] - Subtraction operation completed. Result shape: (1200, 1800, 3)
2025-12-20 00:29:48 - image_processor - DEBUG - [image_processing.py:24] - ImageProcessing instance created
2025-12-20 00:29:48 - image_processor - DEBUG - [abstract_image.py:35] - CatImage created: breed=Australian Mist-processed, shape=(1200, 1800, 3), url=subtracted_Australian Mist...
2025-12-20 00:29:48 - image_processor - DEBUG - [abstract_image.py:198] - Subtraction operation completed. Result shape: (1160, 1729, 3)
2025-12-20 00:29:48 - image_processor - DEBUG - [image_processing.py:24] - ImageProcessing instance created
2025-12-20 00:29:48 - image_processor - DEBUG - [abstract_image.py:35] - CatImage created: breed=Devon Rex-processed, shape=(1160, 1729, 3), url=subtracted_Devon Rex...
2025-12-20 00:29:48 - image_processor - DEBUG - [abstract_image.py:141] - Addition operation started
2025-12-20 00:29:48 - image_processor - DEBUG - [abstract_image.py:129] - Converting grayscale to RGB (3 channels)
2025-12-20 00:29:48 - image_processor - DEBUG - [abstract_image.py:141] - Addition operation started
2025-12-20 00:29:48 - image_processor - DEBUG - [abstract_image.py:129] - Converting grayscale to RGB (3 channels)
2025-12-20 00:29:48 - image_processor - DEBUG - [abstract_image.py:129] - Converting grayscale to RGB (3 channels)
2025-12-20 00:29:48 - image_processor - DEBUG - [abstract_image.py:166] - Addition operation completed. Result shape: (890, 1000, 3)
2025-12-20 00:29:48 - image_processor - DEBUG - [image_processing.py:24] - ImageProcessing instance created
2025-12-20 00:29:48 - image_processor - DEBUG - [abstract_image.py:35] - CatImage created: breed=Norwegian Forest Cat+processed, shape=(890, 1000, 3), url=combined_Norwegian Forest Cat...
2025-12-20 00:29:48 - image_processor - DEBUG - [abstract_image.py:173] - Subtraction operation started
2025-12-20 00:29:48 - image_processor - DEBUG - [abstract_image.py:129] - Converting grayscale to RGB (3 channels)
2025-12-20 00:29:48 - image_processor - DEBUG - [abstract_image.py:166] - Addition operation completed. Result shape: (800, 1200, 3)
2025-12-20 00:29:48 - image_processor - DEBUG - [image_processing.py:24] - ImageProcessing instance created
2025-12-20 00:29:48 - image_processor - DEBUG - [abstract_image.py:35] - CatImage created: breed=Manx+processed, shape=(800, 1200, 3), url=combined_Manx...
2025-12-20 00:29:48 - image_processor - DEBUG - [abstract_image.py:173] - Subtraction operation started
2025-12-20 00:29:48 - image_processor - DEBUG - [abstract_image.py:129] - Converting grayscale to RGB (3 channels)
2025-12-20 00:29:48 - image_processor - DEBUG - [abstract_image.py:198] - Subtraction operation completed. Result shape: (1041, 1600, 3)
2025-12-20 00:29:48 - image_processor - DEBUG - [image_processing.py:24] - ImageProcessing instance created
2025-12-20 00:29:48 - image_processor - DEBUG - [abstract_image.py:35] - CatImage created: breed=Japanese Bobtail-processed, shape=(1041, 1600, 3), url=subtracted_Japanese Bobtail...
2025-12-20 00:29:48 - image_processor - DEBUG - [abstract_image.py:166] - Addition operation completed. Result shape: (959, 1280, 3)
2025-12-20 00:29:48 - image_processor - DEBUG - [image_processing.py:24] - ImageProcessing instance created
2025-12-20 00:29:48 - image_processor - DEBUG - [abstract_image.py:35] - CatImage created: breed=Exotic Shorthair+processed, shape=(959, 1280, 3), url=combined_Exotic Shorthair...
2025-12-20 00:29:48 - image_processor - DEBUG - [abstract_image.py:173] - Subtraction operation started
2025-12-20 00:29:48 - image_processor - DEBUG - [abstract_image.py:141] - Addition operation started
2025-12-20 00:29:48 - image_processor - DEBUG - [abstract_image.py:129] - Converting grayscale to RGB (3 channels)
2025-12-20 00:29:48 - image_processor - DEBUG - [abstract_image.py:129] - Converting grayscale to RGB (3 channels)
2025-12-20 00:29:48 - image_processor - DEBUG - [abstract_image.py:198] - Subtraction operation completed. Result shape: (1165, 1231, 3)
2025-12-20 00:29:48 - image_processor - DEBUG - [image_processing.py:24] - ImageProcessing instance created
2025-12-20 00:29:48 - image_processor - DEBUG - [abstract_image.py:35] - CatImage created: breed=Australian Mist-processed, shape=(1165, 1231, 3), url=subtracted_Australian Mist...
2025-12-20 00:29:48 - image_processor - DEBUG - [parallel_convolution.py:85] - Arithmetic operations worker finished for image 1 (PID 16324)
2025-12-20 00:29:48 - image_processor - DEBUG - [abstract_image.py:198] - Subtraction operation completed. Result shape: (890, 1000, 3)
2025-12-20 00:29:48 - image_processor - DEBUG - [image_processing.py:24] - ImageProcessing instance created
2025-12-20 00:29:48 - image_processor - DEBUG - [abstract_image.py:35] - CatImage created: breed=Norwegian Forest Cat-processed, shape=(890, 1000, 3), url=subtracted_Norwegian Forest Cat...
2025-12-20 00:29:48 - image_processor - DEBUG - [abstract_image.py:141] - Addition operation started
2025-12-20 00:29:48 - image_processor - DEBUG - [abstract_image.py:129] - Converting grayscale to RGB (3 channels)
2025-12-20 00:29:48 - image_processor - DEBUG - [abstract_image.py:198] - Subtraction operation completed. Result shape: (800, 1200, 3)
2025-12-20 00:29:48 - image_processor - DEBUG - [image_processing.py:24] - ImageProcessing instance created
2025-12-20 00:29:48 - image_processor - DEBUG - [abstract_image.py:35] - CatImage created: breed=Manx-processed, shape=(800, 1200, 3), url=subtracted_Manx...
2025-12-20 00:29:48 - image_processor - DEBUG - [parallel_convolution.py:85] - Arithmetic operations worker finished for image 8 (PID 4168)
2025-12-20 00:29:48 - image_processor - DEBUG - [abstract_image.py:166] - Addition operation completed. Result shape: (1009, 1600, 3)
2025-12-20 00:29:48 - image_processor - DEBUG - [image_processing.py:24] - ImageProcessing instance created
2025-12-20 00:29:48 - image_processor - DEBUG - [abstract_image.py:35] - CatImage created: breed=Devon Rex+processed, shape=(1009, 1600, 3), url=combined_Devon Rex...
2025-12-20 00:29:48 - image_processor - DEBUG - [abstract_image.py:173] - Subtraction operation started
2025-12-20 00:29:48 - image_processor - DEBUG - [abstract_image.py:129] - Converting grayscale to RGB (3 channels)
2025-12-20 00:29:48 - image_processor - DEBUG - [abstract_image.py:198] - Subtraction operation completed. Result shape: (959, 1280, 3)
2025-12-20 00:29:48 - image_processor - DEBUG - [image_processing.py:24] - ImageProcessing instance created
2025-12-20 00:29:48 - image_processor - DEBUG - [abstract_image.py:35] - CatImage created: breed=Exotic Shorthair-processed, shape=(959, 1280, 3), url=subtracted_Exotic Shorthair...
2025-12-20 00:29:48 - image_processor - DEBUG - [parallel_convolution.py:85] - Arithmetic operations worker finished for image 6 (PID 14036)
2025-12-20 00:29:48 - image_processor - DEBUG - [abstract_image.py:166] - Addition operation completed. Result shape: (890, 1000, 3)
2025-12-20 00:29:48 - image_processor - DEBUG - [image_processing.py:24] - ImageProcessing instance created
2025-12-20 00:29:48 - image_processor - DEBUG - [abstract_image.py:35] - CatImage created: breed=Norwegian Forest Cat+processed, shape=(890, 1000, 3), url=combined_Norwegian Forest Cat...
2025-12-20 00:29:48 - image_processor - DEBUG - [abstract_image.py:173] - Subtraction operation started
2025-12-20 00:29:48 - image_processor - DEBUG - [abstract_image.py:129] - Converting grayscale to RGB (3 channels)
2025-12-20 00:29:49 - image_processor - DEBUG - [abstract_image.py:166] - Addition operation completed. Result shape: (1160, 1729, 3)
2025-12-20 00:29:49 - image_processor - DEBUG - [image_processing.py:24] - ImageProcessing instance created
2025-12-20 00:29:49 - image_processor - DEBUG - [abstract_image.py:35] - CatImage created: breed=Devon Rex+processed, shape=(1160, 1729, 3), url=combined_Devon Rex...
2025-12-20 00:29:49 - image_processor - DEBUG - [abstract_image.py:173] - Subtraction operation started
2025-12-20 00:29:49 - image_processor - DEBUG - [abstract_image.py:129] - Converting grayscale to RGB (3 channels)
2025-12-20 00:29:49 - image_processor - DEBUG - [abstract_image.py:129] - Converting grayscale to RGB (3 channels)
2025-12-20 00:29:49 - image_processor - DEBUG - [abstract_image.py:166] - Addition operation completed. Result shape: (1200, 1800, 3)
2025-12-20 00:29:49 - image_processor - DEBUG - [image_processing.py:24] - ImageProcessing instance created
2025-12-20 00:29:49 - image_processor - DEBUG - [abstract_image.py:35] - CatImage created: breed=Australian Mist+processed, shape=(1200, 1800, 3), url=combined_Australian Mist...
2025-12-20 00:29:49 - image_processor - DEBUG - [abstract_image.py:173] - Subtraction operation started
2025-12-20 00:29:49 - image_processor - DEBUG - [abstract_image.py:129] - Converting grayscale to RGB (3 channels)
2025-12-20 00:29:49 - image_processor - DEBUG - [abstract_image.py:166] - Addition operation completed. Result shape: (1041, 1600, 3)
2025-12-20 00:29:49 - image_processor - DEBUG - [image_processing.py:24] - ImageProcessing instance created
2025-12-20 00:29:49 - image_processor - DEBUG - [abstract_image.py:35] - CatImage created: breed=Japanese Bobtail+processed, shape=(1041, 1600, 3), url=combined_Japanese Bobtail...
2025-12-20 00:29:49 - image_processor - DEBUG - [abstract_image.py:173] - Subtraction operation started
2025-12-20 00:29:49 - image_processor - DEBUG - [abstract_image.py:129] - Converting grayscale to RGB (3 channels)
2025-12-20 00:29:49 - image_processor - DEBUG - [abstract_image.py:198] - Subtraction operation completed. Result shape: (1009, 1600, 3)
2025-12-20 00:29:49 - image_processor - DEBUG - [image_processing.py:24] - ImageProcessing instance created
2025-12-20 00:29:49 - image_processor - DEBUG - [abstract_image.py:35] - CatImage created: breed=Devon Rex-processed, shape=(1009, 1600, 3), url=subtracted_Devon Rex...
2025-12-20 00:29:49 - image_processor - DEBUG - [parallel_convolution.py:85] - Arithmetic operations worker finished for image 5 (PID 20212)
2025-12-20 00:29:49 - image_processor - DEBUG - [abstract_image.py:198] - Subtraction operation completed. Result shape: (890, 1000, 3)
2025-12-20 00:29:49 - image_processor - DEBUG - [image_processing.py:24] - ImageProcessing instance created
2025-12-20 00:29:49 - image_processor - DEBUG - [abstract_image.py:35] - CatImage created: breed=Norwegian Forest Cat-processed, shape=(890, 1000, 3), url=subtracted_Norwegian Forest Cat...
2025-12-20 00:29:49 - image_processor - DEBUG - [parallel_convolution.py:85] - Arithmetic operations worker finished for image 9 (PID 21016)
2025-12-20 00:29:49 - image_processor - DEBUG - [parallel_convolution.py:70] - Arithmetic operations worker started for image 10 (PID 4168, breed: Ocicat)
2025-12-20 00:29:49 - image_processor - DEBUG - [abstract_image.py:141] - Addition operation started
2025-12-20 00:29:49 - image_processor - DEBUG - [abstract_image.py:129] - Converting grayscale to RGB (3 channels)
2025-12-20 00:29:49 - image_processor - DEBUG - [abstract_image.py:198] - Subtraction operation completed. Result shape: (1041, 1600, 3)
2025-12-20 00:29:49 - image_processor - DEBUG - [image_processing.py:24] - ImageProcessing instance created
2025-12-20 00:29:49 - image_processor - DEBUG - [abstract_image.py:35] - CatImage created: breed=Japanese Bobtail-processed, shape=(1041, 1600, 3), url=subtracted_Japanese Bobtail...
2025-12-20 00:29:49 - image_processor - DEBUG - [parallel_convolution.py:85] - Arithmetic operations worker finished for image 7 (PID 12052)
2025-12-20 00:29:49 - image_processor - DEBUG - [abstract_image.py:198] - Subtraction operation completed. Result shape: (1160, 1729, 3)
2025-12-20 00:29:49 - image_processor - DEBUG - [image_processing.py:24] - ImageProcessing instance created
2025-12-20 00:29:49 - image_processor - DEBUG - [abstract_image.py:35] - CatImage created: breed=Devon Rex-processed, shape=(1160, 1729, 3), url=subtracted_Devon Rex...
2025-12-20 00:29:49 - image_processor - DEBUG - [parallel_convolution.py:85] - Arithmetic operations worker finished for image 3 (PID 20188)
2025-12-20 00:29:49 - image_processor - DEBUG - [abstract_image.py:198] - Subtraction operation completed. Result shape: (1200, 1800, 3)
2025-12-20 00:29:49 - image_processor - DEBUG - [image_processing.py:24] - ImageProcessing instance created
2025-12-20 00:29:49 - image_processor - DEBUG - [abstract_image.py:35] - CatImage created: breed=Australian Mist-processed, shape=(1200, 1800, 3), url=subtracted_Australian Mist...
2025-12-20 00:29:49 - image_processor - DEBUG - [parallel_convolution.py:85] - Arithmetic operations worker finished for image 2 (PID 4004)
2025-12-20 00:29:49 - image_processor - DEBUG - [abstract_image.py:166] - Addition operation completed. Result shape: (2469, 3704, 3)
2025-12-20 00:29:49 - image_processor - DEBUG - [image_processing.py:24] - ImageProcessing instance created
2025-12-20 00:29:49 - image_processor - DEBUG - [abstract_image.py:35] - CatImage created: breed=Ocicat+processed, shape=(2469, 3704, 3), url=combined_Ocicat...
2025-12-20 00:29:49 - image_processor - DEBUG - [abstract_image.py:173] - Subtraction operation started
2025-12-20 00:29:49 - image_processor - DEBUG - [abstract_image.py:129] - Converting grayscale to RGB (3 channels)
2025-12-20 00:29:49 - image_processor - DEBUG - [abstract_image.py:198] - Subtraction operation completed. Result shape: (2469, 3704, 3)
2025-12-20 00:29:49 - image_processor - DEBUG - [image_processing.py:24] - ImageProcessing instance created
2025-12-20 00:29:49 - image_processor - DEBUG - [abstract_image.py:35] - CatImage created: breed=Ocicat-processed, shape=(2469, 3704, 3), url=subtracted_Ocicat...
2025-12-20 00:29:49 - image_processor - DEBUG - [abstract_image.py:141] - Addition operation started
2025-12-20 00:29:49 - image_processor - DEBUG - [abstract_image.py:129] - Converting grayscale to RGB (3 channels)
2025-12-20 00:29:50 - image_processor - DEBUG - [abstract_image.py:166] - Addition operation completed. Result shape: (2469, 3704, 3)
2025-12-20 00:29:50 - image_processor - DEBUG - [image_processing.py:24] - ImageProcessing instance created
2025-12-20 00:29:50 - image_processor - DEBUG - [abstract_image.py:35] - CatImage created: breed=Ocicat+processed, shape=(2469, 3704, 3), url=combined_Ocicat...
2025-12-20 00:29:50 - image_processor - DEBUG - [abstract_image.py:173] - Subtraction operation started
2025-12-20 00:29:50 - image_processor - DEBUG - [abstract_image.py:129] - Converting grayscale to RGB (3 channels)
2025-12-20 00:29:50 - image_processor - DEBUG - [abstract_image.py:198] - Subtraction operation completed. Result shape: (2469, 3704, 3)
2025-12-20 00:29:50 - image_processor - DEBUG - [image_processing.py:24] - ImageProcessing instance created
2025-12-20 00:29:50 - image_processor - DEBUG - [abstract_image.py:35] - CatImage created: breed=Ocicat-processed, shape=(2469, 3704, 3), url=subtracted_Ocicat...
2025-12-20 00:29:50 - image_processor - DEBUG - [parallel_convolution.py:85] - Arithmetic operations worker finished for image 10 (PID 4168)
2025-12-20 00:29:50 - image_processor - INFO - [parallel_convolution.py:193] - Parallel arithmetic operations completed for 10 images
2025-12-20 00:29:50 - image_processor - DEBUG - [async_pipeline.py:124] - Arithmetic operations completed
2025-12-20 00:29:50 - image_processor - DEBUG - [async_pipeline.py:152] - Chunk processed: 10 images with all operations completed
2025-12-20 00:29:50 - image_processor - DEBUG - [async_pipeline.py:187] - Saving image 1 (Australian Mist)
2025-12-20 00:29:50 - image_processor - DEBUG - [async_pipeline.py:187] - Saving image 2 (Australian Mist)
2025-12-20 00:29:50 - image_processor - DEBUG - [async_pipeline.py:187] - Saving image 3 (Devon Rex)
2025-12-20 00:29:50 - image_processor - DEBUG - [async_pipeline.py:187] - Saving image 4 (Devon Rex)
2025-12-20 00:29:50 - image_processor - DEBUG - [async_pipeline.py:187] - Saving image 5 (Devon Rex)
2025-12-20 00:29:50 - image_processor - DEBUG - [async_pipeline.py:187] - Saving image 6 (Exotic Shorthair)
2025-12-20 00:29:50 - image_processor - DEBUG - [async_pipeline.py:187] - Saving image 7 (Japanese Bobtail)
2025-12-20 00:29:50 - image_processor - DEBUG - [async_pipeline.py:187] - Saving image 8 (Manx)
2025-12-20 00:29:50 - image_processor - DEBUG - [async_pipeline.py:187] - Saving image 9 (Norwegian Forest Cat)
2025-12-20 00:29:50 - image_processor - DEBUG - [async_pipeline.py:187] - Saving image 10 (Ocicat)
2025-12-20 00:29:52 - image_processor - DEBUG - [async_pipeline.py:203] - Image 1 saved (3 files)
2025-12-20 00:29:52 - image_processor - DEBUG - [async_pipeline.py:203] - Image 3 saved (3 files)
2025-12-20 00:29:52 - image_processor - DEBUG - [async_pipeline.py:203] - Image 4 saved (3 files)
2025-12-20 00:29:52 - image_processor - DEBUG - [async_pipeline.py:203] - Image 6 saved (3 files)
2025-12-20 00:29:52 - image_processor - DEBUG - [async_pipeline.py:203] - Image 2 saved (3 files)
2025-12-20 00:29:52 - image_processor - DEBUG - [async_pipeline.py:203] - Image 5 saved (3 files)
2025-12-20 00:29:52 - image_processor - DEBUG - [async_pipeline.py:203] - Image 7 saved (3 files)
2025-12-20 00:29:52 - image_processor - DEBUG - [async_pipeline.py:203] - Image 8 saved (3 files)
2025-12-20 00:29:52 - image_processor - DEBUG - [async_pipeline.py:203] - Image 9 saved (3 files)
2025-12-20 00:29:52 - image_processor - DEBUG - [async_pipeline.py:203] - Image 10 saved (3 files)
2025-12-20 00:29:52 - image_processor - INFO - [async_pipeline.py:70] - Processing chunk 2/2: images 11 to 20
2025-12-20 00:29:52 - image_processor - INFO - [async_image_processor.py:137] - Starting parallel download of 10 images
2025-12-20 00:29:52 - image_processor - DEBUG - [async_image_processor.py:106] - Downloading image 11 (breed: Persian)
2025-12-20 00:29:52 - image_processor - DEBUG - [async_image_processor.py:106] - Downloading image 12 (breed: Ragamuffin)
2025-12-20 00:29:52 - image_processor - DEBUG - [async_image_processor.py:106] - Downloading image 13 (breed: Ragdoll)
2025-12-20 00:29:52 - image_processor - DEBUG - [async_image_processor.py:106] - Downloading image 14 (breed: Russian Blue)
2025-12-20 00:29:52 - image_processor - DEBUG - [async_image_processor.py:106] - Downloading image 15 (breed: Scottish Fold)
2025-12-20 00:29:52 - image_processor - DEBUG - [async_image_processor.py:106] - Downloading image 16 (breed: Scottish Fold)
2025-12-20 00:29:52 - image_processor - DEBUG - [async_image_processor.py:106] - Downloading image 17 (breed: Maine Coon)
2025-12-20 00:29:52 - image_processor - DEBUG - [async_image_processor.py:106] - Downloading image 18 (breed: Maine Coon)
2025-12-20 00:29:52 - image_processor - DEBUG - [async_image_processor.py:106] - Downloading image 19 (breed: Singapura)
2025-12-20 00:29:52 - image_processor - DEBUG - [async_image_processor.py:106] - Downloading image 20 (breed: Turkish Van)
2025-12-20 00:29:55 - image_processor - DEBUG - [async_image_processor.py:124] - Image 13 downloaded successfully (shape: (768, 1024, 3))
2025-12-20 00:29:55 - image_processor - DEBUG - [async_image_processor.py:124] - Image 15 downloaded successfully (shape: (1080, 1080, 3))
2025-12-20 00:29:55 - image_processor - DEBUG - [async_image_processor.py:124] - Image 17 downloaded successfully (shape: (598, 822, 3))
2025-12-20 00:29:55 - image_processor - DEBUG - [async_image_processor.py:124] - Image 19 downloaded successfully (shape: (1080, 1080, 3))
2025-12-20 00:29:55 - image_processor - DEBUG - [async_image_processor.py:124] - Image 16 downloaded successfully (shape: (996, 1500, 3))
2025-12-20 00:29:55 - image_processor - DEBUG - [async_image_processor.py:124] - Image 18 downloaded successfully (shape: (996, 1200, 3))
2025-12-20 00:29:55 - image_processor - DEBUG - [async_image_processor.py:124] - Image 11 downloaded successfully (shape: (1199, 900, 3))
2025-12-20 00:29:56 - image_processor - DEBUG - [async_image_processor.py:124] - Image 14 downloaded successfully (shape: (1333, 2000, 3))
2025-12-20 00:29:56 - image_processor - DEBUG - [async_image_processor.py:124] - Image 20 downloaded successfully (shape: (2208, 1656, 3))
2025-12-20 00:29:56 - image_processor - DEBUG - [async_image_processor.py:124] - Image 12 downloaded successfully (shape: (2380, 1485, 3))
2025-12-20 00:29:56 - image_processor - INFO - [async_image_processor.py:148] - Parallel download completed: 10/10 successful
2025-12-20 00:29:56 - image_processor - DEBUG - [async_image_processor.py:156] - Creating image objects from 10 metadata entries
2025-12-20 00:29:56 - image_processor - DEBUG - [image_processing.py:24] - ImageProcessing instance created
2025-12-20 00:29:56 - image_processor - DEBUG - [abstract_image.py:35] - CatImage created: breed=Persian, shape=(1199, 900, 3), url=https://cdn2.thecatapi.com/images/MjEa4UzfB.jpg...
2025-12-20 00:29:56 - image_processor - DEBUG - [async_image_processor.py:177] - Image object created for index 11 (breed: Persian)
2025-12-20 00:29:56 - image_processor - DEBUG - [image_processing.py:24] - ImageProcessing instance created
2025-12-20 00:29:56 - image_processor - DEBUG - [abstract_image.py:35] - CatImage created: breed=Ragamuffin, shape=(2380, 1485, 3), url=https://cdn2.thecatapi.com/images/dEWWIiCgr.jpg...
2025-12-20 00:29:56 - image_processor - DEBUG - [async_image_processor.py:177] - Image object created for index 12 (breed: Ragamuffin)
2025-12-20 00:29:56 - image_processor - DEBUG - [image_processing.py:24] - ImageProcessing instance created
2025-12-20 00:29:56 - image_processor - DEBUG - [abstract_image.py:35] - CatImage created: breed=Ragdoll, shape=(768, 1024, 3), url=https://cdn2.thecatapi.com/images/QZYN75HxN.jpg...
2025-12-20 00:29:56 - image_processor - DEBUG - [async_image_processor.py:177] - Image object created for index 13 (breed: Ragdoll)
2025-12-20 00:29:56 - image_processor - DEBUG - [image_processing.py:24] - ImageProcessing instance created
2025-12-20 00:29:56 - image_processor - DEBUG - [abstract_image.py:35] - CatImage created: breed=Russian Blue, shape=(1333, 2000, 3), url=https://cdn2.thecatapi.com/images/4B7MJpywg.jpg...
2025-12-20 00:29:56 - image_processor - DEBUG - [async_image_processor.py:177] - Image object created for index 14 (breed: Russian Blue)
2025-12-20 00:29:56 - image_processor - DEBUG - [image_processing.py:24] - ImageProcessing instance created
2025-12-20 00:29:56 - image_processor - DEBUG - [abstract_image.py:35] - CatImage created: breed=Scottish Fold, shape=(1080, 1080, 3), url=https://cdn2.thecatapi.com/images/TOozwr2OD.jpg...
2025-12-20 00:29:56 - image_processor - DEBUG - [async_image_processor.py:177] - Image object created for index 15 (breed: Scottish Fold)
2025-12-20 00:29:56 - image_processor - DEBUG - [image_processing.py:24] - ImageProcessing instance created
2025-12-20 00:29:56 - image_processor - DEBUG - [abstract_image.py:35] - CatImage created: breed=Scottish Fold, shape=(996, 1500, 3), url=https://cdn2.thecatapi.com/images/Tbc8_VStM.jpg...
2025-12-20 00:29:56 - image_processor - DEBUG - [async_image_processor.py:177] - Image object created for index 16 (breed: Scottish Fold)
2025-12-20 00:29:56 - image_processor - DEBUG - [image_processing.py:24] - ImageProcessing instance created
2025-12-20 00:29:56 - image_processor - DEBUG - [abstract_image.py:35] - CatImage created: breed=Maine Coon, shape=(598, 822, 3), url=https://cdn2.thecatapi.com/images/EwApDDFZR.jpg...
2025-12-20 00:29:56 - image_processor - DEBUG - [async_image_processor.py:177] - Image object created for index 17 (breed: Maine Coon)
2025-12-20 00:29:56 - image_processor - DEBUG - [image_processing.py:24] - ImageProcessing instance created
2025-12-20 00:29:56 - image_processor - DEBUG - [abstract_image.py:35] - CatImage created: breed=Maine Coon, shape=(996, 1200, 3), url=https://cdn2.thecatapi.com/images/agwTe5TSe.jpg...
2025-12-20 00:29:56 - image_processor - DEBUG - [async_image_processor.py:177] - Image object created for index 18 (breed: Maine Coon)
2025-12-20 00:29:56 - image_processor - DEBUG - [image_processing.py:24] - ImageProcessing instance created
2025-12-20 00:29:56 - image_processor - DEBUG - [abstract_image.py:35] - CatImage created: breed=Singapura, shape=(1080, 1080, 3), url=https://cdn2.thecatapi.com/images/OeOUzmQIk.jpg...
2025-12-20 00:29:56 - image_processor - DEBUG - [async_image_processor.py:177] - Image object created for index 19 (breed: Singapura)
2025-12-20 00:29:56 - image_processor - DEBUG - [image_processing.py:24] - ImageProcessing instance created
2025-12-20 00:29:56 - image_processor - DEBUG - [abstract_image.py:35] - CatImage created: breed=Turkish Van, shape=(2208, 1656, 3), url=https://cdn2.thecatapi.com/images/NHiuHD4Ax.jpg...
2025-12-20 00:29:56 - image_processor - DEBUG - [async_image_processor.py:177] - Image object created for index 20 (breed: Turkish Van)
2025-12-20 00:29:56 - image_processor - INFO - [async_image_processor.py:179] - Created 10 image objects
2025-12-20 00:29:56 - image_processor - DEBUG - [async_pipeline.py:76] - Chunk 2: 10 images ready for processing
2025-12-20 00:29:56 - image_processor - DEBUG - [async_pipeline.py:95] - Processing chunk of 10 images
2025-12-20 00:29:56 - image_processor - INFO - [parallel_convolution.py:127] - Starting parallel custom edge detection for 10 images
2025-12-20 00:29:56 - image_processor - INFO - [parallel_convolution.py:144] - Starting parallel library edge detection for 10 images
2025-12-20 00:29:58 - image_processor - DEBUG - [parallel_convolution.py:28] - Convolution worker started for image 11 (PID 5172, breed: Persian)
2025-12-20 00:29:58 - image_processor - DEBUG - [image_processing.py:24] - ImageProcessing instance created
2025-12-20 00:29:58 - image_processor - DEBUG - [image_processing.py:120] - Edge detection (Canny) started
2025-12-20 00:29:58 - image_processor - DEBUG - [image_processing.py:46] - RGB to grayscale conversion started. Image shape: (1199, 900, 3)
2025-12-20 00:29:58 - image_processor - DEBUG - [image_processing.py:53] - RGB to grayscale conversion completed. Result shape: (1199, 900)
2025-12-20 00:29:58 - image_processor - DEBUG - [image_processing.py:30] - Convolution started. Image shape: (1199, 900), kernel shape: (3, 3)
2025-12-20 00:29:58 - image_processor - DEBUG - [image_processing.py:36] - Convolution completed in 0.0160 seconds
2025-12-20 00:29:58 - image_processor - DEBUG - [image_processing.py:30] - Convolution started. Image shape: (1199, 900), kernel shape: (3, 3)
2025-12-20 00:29:58 - image_processor - DEBUG - [image_processing.py:36] - Convolution completed in 0.0161 seconds
2025-12-20 00:29:58 - image_processor - DEBUG - [image_processing.py:91] - Non-maximum suppression started
2025-12-20 00:29:58 - image_processor - DEBUG - [parallel_convolution.py:48] - Library edge detection worker started for image 11 (PID 13052, breed: Persian)
2025-12-20 00:29:58 - image_processor - DEBUG - [image_processing.py:24] - ImageProcessing instance created
2025-12-20 00:29:58 - image_processor - DEBUG - [image_processing.py:120] - Edge detection (Canny) started
2025-12-20 00:29:58 - image_processor - DEBUG - [image_processing.py:46] - RGB to grayscale conversion started. Image shape: (1199, 900, 3)
2025-12-20 00:29:58 - image_processor - DEBUG - [image_processing.py:53] - RGB to grayscale conversion completed. Result shape: (1199, 900)
2025-12-20 00:29:58 - image_processor - DEBUG - [image_processing.py:30] - Convolution started. Image shape: (1199, 900), kernel shape: (3, 3)
2025-12-20 00:29:58 - image_processor - DEBUG - [parallel_convolution.py:48] - Library edge detection worker started for image 12 (PID 1348, breed: Ragamuffin)
2025-12-20 00:29:58 - image_processor - DEBUG - [image_processing.py:24] - ImageProcessing instance created
2025-12-20 00:29:58 - image_processor - DEBUG - [image_processing.py:120] - Edge detection (Canny) started
2025-12-20 00:29:58 - image_processor - DEBUG - [image_processing.py:46] - RGB to grayscale conversion started. Image shape: (2380, 1485, 3)
2025-12-20 00:29:58 - image_processor - DEBUG - [image_processing.py:36] - Convolution completed in 0.0174 seconds
2025-12-20 00:29:58 - image_processor - DEBUG - [image_processing.py:30] - Convolution started. Image shape: (1199, 900), kernel shape: (3, 3)
2025-12-20 00:29:58 - image_processor - DEBUG - [image_processing.py:36] - Convolution completed in 0.0164 seconds
2025-12-20 00:29:58 - image_processor - DEBUG - [parallel_convolution.py:48] - Library edge detection worker started for image 13 (PID 5716, breed: Ragdoll)
2025-12-20 00:29:58 - image_processor - DEBUG - [image_processing.py:24] - ImageProcessing instance created
2025-12-20 00:29:58 - image_processor - DEBUG - [image_processing.py:120] - Edge detection (Canny) started
2025-12-20 00:29:58 - image_processor - DEBUG - [image_processing.py:46] - RGB to grayscale conversion started. Image shape: (768, 1024, 3)
2025-12-20 00:29:58 - image_processor - DEBUG - [image_processing.py:91] - Non-maximum suppression started
2025-12-20 00:29:58 - image_processor - DEBUG - [image_processing.py:53] - RGB to grayscale conversion completed. Result shape: (768, 1024)
2025-12-20 00:29:58 - image_processor - DEBUG - [image_processing.py:30] - Convolution started. Image shape: (768, 1024), kernel shape: (3, 3)
2025-12-20 00:29:59 - image_processor - DEBUG - [parallel_convolution.py:48] - Library edge detection worker started for image 14 (PID 14452, breed: Russian Blue)
2025-12-20 00:29:59 - image_processor - DEBUG - [image_processing.py:24] - ImageProcessing instance created
2025-12-20 00:29:59 - image_processor - DEBUG - [image_processing.py:120] - Edge detection (Canny) started
2025-12-20 00:29:59 - image_processor - DEBUG - [image_processing.py:46] - RGB to grayscale conversion started. Image shape: (1333, 2000, 3)
2025-12-20 00:29:59 - image_processor - DEBUG - [image_processing.py:36] - Convolution completed in 0.0123 seconds
2025-12-20 00:29:59 - image_processor - DEBUG - [image_processing.py:30] - Convolution started. Image shape: (768, 1024), kernel shape: (3, 3)
2025-12-20 00:29:59 - image_processor - DEBUG - [image_processing.py:36] - Convolution completed in 0.0121 seconds
2025-12-20 00:29:59 - image_processor - DEBUG - [parallel_convolution.py:28] - Convolution worker started for image 12 (PID 3080, breed: Ragamuffin)
2025-12-20 00:29:59 - image_processor - DEBUG - [image_processing.py:24] - ImageProcessing instance created
2025-12-20 00:29:59 - image_processor - DEBUG - [image_processing.py:120] - Edge detection (Canny) started
2025-12-20 00:29:59 - image_processor - DEBUG - [image_processing.py:46] - RGB to grayscale conversion started. Image shape: (2380, 1485, 3)
2025-12-20 00:29:59 - image_processor - DEBUG - [image_processing.py:91] - Non-maximum suppression started
2025-12-20 00:29:59 - image_processor - DEBUG - [image_processing.py:53] - RGB to grayscale conversion completed. Result shape: (2380, 1485)
2025-12-20 00:29:59 - image_processor - DEBUG - [image_processing.py:30] - Convolution started. Image shape: (2380, 1485), kernel shape: (3, 3)
2025-12-20 00:29:59 - image_processor - DEBUG - [parallel_convolution.py:28] - Convolution worker started for image 13 (PID 19672, breed: Ragdoll)
2025-12-20 00:29:59 - image_processor - DEBUG - [image_processing.py:24] - ImageProcessing instance created
2025-12-20 00:29:59 - image_processor - DEBUG - [image_processing.py:120] - Edge detection (Canny) started
2025-12-20 00:29:59 - image_processor - DEBUG - [image_processing.py:46] - RGB to grayscale conversion started. Image shape: (768, 1024, 3)
2025-12-20 00:29:59 - image_processor - DEBUG - [parallel_convolution.py:28] - Convolution worker started for image 14 (PID 11532, breed: Russian Blue)
2025-12-20 00:29:59 - image_processor - DEBUG - [image_processing.py:24] - ImageProcessing instance created
2025-12-20 00:29:59 - image_processor - DEBUG - [image_processing.py:120] - Edge detection (Canny) started
2025-12-20 00:29:59 - image_processor - DEBUG - [image_processing.py:46] - RGB to grayscale conversion started. Image shape: (1333, 2000, 3)
2025-12-20 00:29:59 - image_processor - DEBUG - [image_processing.py:36] - Convolution completed in 0.0647 seconds
2025-12-20 00:29:59 - image_processor - DEBUG - [image_processing.py:53] - RGB to grayscale conversion completed. Result shape: (768, 1024)
2025-12-20 00:29:59 - image_processor - DEBUG - [image_processing.py:30] - Convolution started. Image shape: (768, 1024), kernel shape: (3, 3)
2025-12-20 00:29:59 - image_processor - DEBUG - [image_processing.py:30] - Convolution started. Image shape: (2380, 1485), kernel shape: (3, 3)
2025-12-20 00:29:59 - image_processor - DEBUG - [image_processing.py:36] - Convolution completed in 0.0115 seconds
2025-12-20 00:29:59 - image_processor - DEBUG - [image_processing.py:30] - Convolution started. Image shape: (768, 1024), kernel shape: (3, 3)
2025-12-20 00:29:59 - image_processor - DEBUG - [image_processing.py:36] - Convolution completed in 0.0263 seconds
2025-12-20 00:29:59 - image_processor - DEBUG - [image_processing.py:53] - RGB to grayscale conversion completed. Result shape: (1333, 2000)
2025-12-20 00:29:59 - image_processor - DEBUG - [image_processing.py:36] - Convolution completed in 0.0518 seconds
2025-12-20 00:29:59 - image_processor - DEBUG - [image_processing.py:30] - Convolution started. Image shape: (1333, 2000), kernel shape: (3, 3)
2025-12-20 00:29:59 - image_processor - DEBUG - [image_processing.py:91] - Non-maximum suppression started
2025-12-20 00:29:59 - image_processor - DEBUG - [image_processing.py:53] - RGB to grayscale conversion completed. Result shape: (1333, 2000)
2025-12-20 00:29:59 - image_processor - DEBUG - [image_processing.py:30] - Convolution started. Image shape: (1333, 2000), kernel shape: (3, 3)
2025-12-20 00:29:59 - image_processor - DEBUG - [image_processing.py:53] - RGB to grayscale conversion completed. Result shape: (2380, 1485)
2025-12-20 00:29:59 - image_processor - DEBUG - [image_processing.py:36] - Convolution completed in 0.0941 seconds
2025-12-20 00:29:59 - image_processor - DEBUG - [image_processing.py:30] - Convolution started. Image shape: (1333, 2000), kernel shape: (3, 3)
2025-12-20 00:29:59 - image_processor - DEBUG - [image_processing.py:30] - Convolution started. Image shape: (2380, 1485), kernel shape: (3, 3)
2025-12-20 00:29:59 - image_processor - DEBUG - [image_processing.py:91] - Non-maximum suppression started
2025-12-20 00:29:59 - image_processor - DEBUG - [image_processing.py:36] - Convolution completed in 0.0730 seconds
2025-12-20 00:29:59 - image_processor - DEBUG - [image_processing.py:30] - Convolution started. Image shape: (1333, 2000), kernel shape: (3, 3)
2025-12-20 00:29:59 - image_processor - DEBUG - [image_processing.py:36] - Convolution completed in 0.0703 seconds
2025-12-20 00:29:59 - image_processor - DEBUG - [image_processing.py:36] - Convolution completed in 0.1106 seconds
2025-12-20 00:29:59 - image_processor - DEBUG - [image_processing.py:30] - Convolution started. Image shape: (2380, 1485), kernel shape: (3, 3)
2025-12-20 00:29:59 - image_processor - DEBUG - [image_processing.py:36] - Convolution completed in 0.0938 seconds
2025-12-20 00:29:59 - image_processor - DEBUG - [parallel_convolution.py:28] - Convolution worker started for image 15 (PID 7024, breed: Scottish Fold)
2025-12-20 00:29:59 - image_processor - DEBUG - [image_processing.py:24] - ImageProcessing instance created
2025-12-20 00:29:59 - image_processor - DEBUG - [image_processing.py:120] - Edge detection (Canny) started
2025-12-20 00:29:59 - image_processor - DEBUG - [image_processing.py:46] - RGB to grayscale conversion started. Image shape: (1080, 1080, 3)
2025-12-20 00:29:59 - image_processor - DEBUG - [image_processing.py:91] - Non-maximum suppression started
2025-12-20 00:29:59 - image_processor - DEBUG - [image_processing.py:36] - Convolution completed in 0.1162 seconds
2025-12-20 00:29:59 - image_processor - DEBUG - [image_processing.py:53] - RGB to grayscale conversion completed. Result shape: (1080, 1080)
2025-12-20 00:29:59 - image_processor - DEBUG - [image_processing.py:30] - Convolution started. Image shape: (1080, 1080), kernel shape: (3, 3)
2025-12-20 00:29:59 - image_processor - DEBUG - [image_processing.py:36] - Convolution completed in 0.0218 seconds
2025-12-20 00:29:59 - image_processor - DEBUG - [parallel_convolution.py:28] - Convolution worker started for image 16 (PID 12384, breed: Scottish Fold)
2025-12-20 00:29:59 - image_processor - DEBUG - [image_processing.py:24] - ImageProcessing instance created
2025-12-20 00:29:59 - image_processor - DEBUG - [image_processing.py:120] - Edge detection (Canny) started
2025-12-20 00:29:59 - image_processor - DEBUG - [image_processing.py:46] - RGB to grayscale conversion started. Image shape: (996, 1500, 3)
2025-12-20 00:29:59 - image_processor - DEBUG - [image_processing.py:91] - Non-maximum suppression started
2025-12-20 00:29:59 - image_processor - DEBUG - [image_processing.py:36] - Convolution completed in 0.0223 seconds
2025-12-20 00:29:59 - image_processor - DEBUG - [image_processing.py:91] - Non-maximum suppression started
2025-12-20 00:29:59 - image_processor - DEBUG - [image_processing.py:53] - RGB to grayscale conversion completed. Result shape: (996, 1500)
2025-12-20 00:29:59 - image_processor - DEBUG - [image_processing.py:30] - Convolution started. Image shape: (996, 1500), kernel shape: (3, 3)
2025-12-20 00:29:59 - image_processor - DEBUG - [parallel_convolution.py:48] - Library edge detection worker started for image 15 (PID 19168, breed: Scottish Fold)
2025-12-20 00:29:59 - image_processor - DEBUG - [image_processing.py:24] - ImageProcessing instance created
2025-12-20 00:29:59 - image_processor - DEBUG - [image_processing.py:120] - Edge detection (Canny) started
2025-12-20 00:29:59 - image_processor - DEBUG - [image_processing.py:46] - RGB to grayscale conversion started. Image shape: (1080, 1080, 3)
2025-12-20 00:29:59 - image_processor - DEBUG - [image_processing.py:91] - Non-maximum suppression started
2025-12-20 00:29:59 - image_processor - DEBUG - [parallel_convolution.py:48] - Library edge detection worker started for image 16 (PID 21332, breed: Scottish Fold)
2025-12-20 00:29:59 - image_processor - DEBUG - [image_processing.py:24] - ImageProcessing instance created
2025-12-20 00:29:59 - image_processor - DEBUG - [image_processing.py:120] - Edge detection (Canny) started
2025-12-20 00:29:59 - image_processor - DEBUG - [image_processing.py:46] - RGB to grayscale conversion started. Image shape: (996, 1500, 3)
2025-12-20 00:29:59 - image_processor - DEBUG - [image_processing.py:36] - Convolution completed in 0.0745 seconds
2025-12-20 00:29:59 - image_processor - DEBUG - [image_processing.py:30] - Convolution started. Image shape: (996, 1500), kernel shape: (3, 3)
2025-12-20 00:29:59 - image_processor - DEBUG - [parallel_convolution.py:28] - Convolution worker started for image 17 (PID 18560, breed: Maine Coon)
2025-12-20 00:29:59 - image_processor - DEBUG - [image_processing.py:24] - ImageProcessing instance created
2025-12-20 00:29:59 - image_processor - DEBUG - [image_processing.py:120] - Edge detection (Canny) started
2025-12-20 00:29:59 - image_processor - DEBUG - [image_processing.py:46] - RGB to grayscale conversion started. Image shape: (598, 822, 3)
2025-12-20 00:29:59 - image_processor - DEBUG - [image_processing.py:53] - RGB to grayscale conversion completed. Result shape: (598, 822)
2025-12-20 00:29:59 - image_processor - DEBUG - [image_processing.py:30] - Convolution started. Image shape: (598, 822), kernel shape: (3, 3)
2025-12-20 00:29:59 - image_processor - DEBUG - [image_processing.py:36] - Convolution completed in 0.0834 seconds
2025-12-20 00:29:59 - image_processor - DEBUG - [parallel_convolution.py:48] - Library edge detection worker started for image 17 (PID 10680, breed: Maine Coon)
2025-12-20 00:29:59 - image_processor - DEBUG - [image_processing.py:24] - ImageProcessing instance created
2025-12-20 00:29:59 - image_processor - DEBUG - [image_processing.py:120] - Edge detection (Canny) started
2025-12-20 00:29:59 - image_processor - DEBUG - [image_processing.py:46] - RGB to grayscale conversion started. Image shape: (598, 822, 3)
2025-12-20 00:29:59 - image_processor - DEBUG - [image_processing.py:53] - RGB to grayscale conversion completed. Result shape: (1080, 1080)
2025-12-20 00:29:59 - image_processor - DEBUG - [image_processing.py:30] - Convolution started. Image shape: (1080, 1080), kernel shape: (3, 3)
2025-12-20 00:29:59 - image_processor - DEBUG - [image_processing.py:36] - Convolution completed in 0.0699 seconds
2025-12-20 00:29:59 - image_processor - DEBUG - [image_processing.py:30] - Convolution started. Image shape: (598, 822), kernel shape: (3, 3)
2025-12-20 00:29:59 - image_processor - DEBUG - [image_processing.py:36] - Convolution completed in 0.0200 seconds
2025-12-20 00:29:59 - image_processor - DEBUG - [image_processing.py:30] - Convolution started. Image shape: (1080, 1080), kernel shape: (3, 3)
2025-12-20 00:29:59 - image_processor - DEBUG - [image_processing.py:36] - Convolution completed in 0.0082 seconds
2025-12-20 00:29:59 - image_processor - DEBUG - [image_processing.py:53] - RGB to grayscale conversion completed. Result shape: (996, 1500)
2025-12-20 00:29:59 - image_processor - DEBUG - [image_processing.py:30] - Convolution started. Image shape: (996, 1500), kernel shape: (3, 3)
2025-12-20 00:30:00 - image_processor - DEBUG - [image_processing.py:53] - RGB to grayscale conversion completed. Result shape: (598, 822)
2025-12-20 00:30:00 - image_processor - DEBUG - [image_processing.py:30] - Convolution started. Image shape: (598, 822), kernel shape: (3, 3)
2025-12-20 00:30:00 - image_processor - DEBUG - [image_processing.py:36] - Convolution completed in 0.0080 seconds
2025-12-20 00:30:00 - image_processor - DEBUG - [image_processing.py:30] - Convolution started. Image shape: (598, 822), kernel shape: (3, 3)
2025-12-20 00:30:00 - image_processor - DEBUG - [image_processing.py:36] - Convolution completed in 0.0080 seconds
2025-12-20 00:30:00 - image_processor - DEBUG - [image_processing.py:91] - Non-maximum suppression started
2025-12-20 00:30:00 - image_processor - DEBUG - [image_processing.py:91] - Non-maximum suppression started
2025-12-20 00:30:00 - image_processor - DEBUG - [image_processing.py:36] - Convolution completed in 0.0771 seconds
2025-12-20 00:30:00 - image_processor - DEBUG - [image_processing.py:36] - Convolution completed in 0.0884 seconds
2025-12-20 00:30:00 - image_processor - DEBUG - [image_processing.py:30] - Convolution started. Image shape: (996, 1500), kernel shape: (3, 3)
2025-12-20 00:30:00 - image_processor - DEBUG - [image_processing.py:91] - Non-maximum suppression started
2025-12-20 00:30:00 - image_processor - DEBUG - [image_processing.py:91] - Non-maximum suppression started
2025-12-20 00:30:00 - image_processor - DEBUG - [image_processing.py:36] - Convolution completed in 0.0582 seconds
2025-12-20 00:30:00 - image_processor - DEBUG - [parallel_convolution.py:28] - Convolution worker started for image 18 (PID 240, breed: Maine Coon)
2025-12-20 00:30:00 - image_processor - DEBUG - [image_processing.py:24] - ImageProcessing instance created
2025-12-20 00:30:00 - image_processor - DEBUG - [image_processing.py:120] - Edge detection (Canny) started
2025-12-20 00:30:00 - image_processor - DEBUG - [image_processing.py:46] - RGB to grayscale conversion started. Image shape: (996, 1200, 3)
2025-12-20 00:30:00 - image_processor - DEBUG - [image_processing.py:91] - Non-maximum suppression started
2025-12-20 00:30:00 - image_processor - DEBUG - [image_processing.py:53] - RGB to grayscale conversion completed. Result shape: (996, 1200)
2025-12-20 00:30:00 - image_processor - DEBUG - [image_processing.py:30] - Convolution started. Image shape: (996, 1200), kernel shape: (3, 3)
2025-12-20 00:30:00 - image_processor - DEBUG - [parallel_convolution.py:48] - Library edge detection worker started for image 18 (PID 17568, breed: Maine Coon)
2025-12-20 00:30:00 - image_processor - DEBUG - [image_processing.py:24] - ImageProcessing instance created
2025-12-20 00:30:00 - image_processor - DEBUG - [image_processing.py:120] - Edge detection (Canny) started
2025-12-20 00:30:00 - image_processor - DEBUG - [image_processing.py:46] - RGB to grayscale conversion started. Image shape: (996, 1200, 3)
2025-12-20 00:30:00 - image_processor - DEBUG - [image_processing.py:36] - Convolution completed in 0.0813 seconds
2025-12-20 00:30:00 - image_processor - DEBUG - [image_processing.py:30] - Convolution started. Image shape: (996, 1200), kernel shape: (3, 3)
2025-12-20 00:30:00 - image_processor - DEBUG - [image_processing.py:36] - Convolution completed in 0.0825 seconds
2025-12-20 00:30:00 - image_processor - DEBUG - [image_processing.py:53] - RGB to grayscale conversion completed. Result shape: (996, 1200)
2025-12-20 00:30:00 - image_processor - DEBUG - [image_processing.py:30] - Convolution started. Image shape: (996, 1200), kernel shape: (3, 3)
2025-12-20 00:30:00 - image_processor - DEBUG - [image_processing.py:91] - Non-maximum suppression started
2025-12-20 00:30:00 - image_processor - DEBUG - [image_processing.py:36] - Convolution completed in 0.0813 seconds
2025-12-20 00:30:00 - image_processor - DEBUG - [image_processing.py:30] - Convolution started. Image shape: (996, 1200), kernel shape: (3, 3)
2025-12-20 00:30:00 - image_processor - DEBUG - [image_processing.py:36] - Convolution completed in 0.0833 seconds
2025-12-20 00:30:00 - image_processor - DEBUG - [image_processing.py:91] - Non-maximum suppression started
2025-12-20 00:30:00 - image_processor - DEBUG - [image_processing.py:113] - Non-maximum suppression completed
2025-12-20 00:30:00 - image_processor - DEBUG - [image_processing.py:139] - Edge detection completed in 1.8896 seconds
2025-12-20 00:30:00 - image_processor - DEBUG - [parallel_convolution.py:53] - Library edge detection worker finished for image 13 (PID 5716)
2025-12-20 00:30:00 - image_processor - DEBUG - [parallel_convolution.py:48] - Library edge detection worker started for image 19 (PID 5716, breed: Singapura)
2025-12-20 00:30:00 - image_processor - DEBUG - [image_processing.py:24] - ImageProcessing instance created
2025-12-20 00:30:00 - image_processor - DEBUG - [image_processing.py:120] - Edge detection (Canny) started
2025-12-20 00:30:00 - image_processor - DEBUG - [image_processing.py:46] - RGB to grayscale conversion started. Image shape: (1080, 1080, 3)
2025-12-20 00:30:00 - image_processor - DEBUG - [image_processing.py:53] - RGB to grayscale conversion completed. Result shape: (1080, 1080)
2025-12-20 00:30:00 - image_processor - DEBUG - [image_processing.py:30] - Convolution started. Image shape: (1080, 1080), kernel shape: (3, 3)
2025-12-20 00:30:00 - image_processor - DEBUG - [image_processing.py:36] - Convolution completed in 0.0169 seconds
2025-12-20 00:30:00 - image_processor - DEBUG - [image_processing.py:30] - Convolution started. Image shape: (1080, 1080), kernel shape: (3, 3)
2025-12-20 00:30:01 - image_processor - DEBUG - [image_processing.py:36] - Convolution completed in 0.0840 seconds
2025-12-20 00:30:01 - image_processor - DEBUG - [image_processing.py:113] - Non-maximum suppression completed
2025-12-20 00:30:01 - image_processor - DEBUG - [image_processing.py:139] - Edge detection completed in 2.4626 seconds
2025-12-20 00:30:01 - image_processor - DEBUG - [parallel_convolution.py:33] - Convolution worker finished for image 11 (PID 5172)
2025-12-20 00:30:01 - image_processor - DEBUG - [parallel_convolution.py:28] - Convolution worker started for image 19 (PID 5172, breed: Singapura)
2025-12-20 00:30:01 - image_processor - DEBUG - [image_processing.py:24] - ImageProcessing instance created
2025-12-20 00:30:01 - image_processor - DEBUG - [image_processing.py:120] - Edge detection (Canny) started
2025-12-20 00:30:01 - image_processor - DEBUG - [image_processing.py:46] - RGB to grayscale conversion started. Image shape: (1080, 1080, 3)
2025-12-20 00:30:01 - image_processor - DEBUG - [image_processing.py:91] - Non-maximum suppression started
2025-12-20 00:30:01 - image_processor - DEBUG - [image_processing.py:53] - RGB to grayscale conversion completed. Result shape: (1080, 1080)
2025-12-20 00:30:01 - image_processor - DEBUG - [image_processing.py:30] - Convolution started. Image shape: (1080, 1080), kernel shape: (3, 3)
2025-12-20 00:30:01 - image_processor - DEBUG - [image_processing.py:113] - Non-maximum suppression completed
2025-12-20 00:30:01 - image_processor - DEBUG - [image_processing.py:139] - Edge detection completed in 2.4472 seconds
2025-12-20 00:30:01 - image_processor - DEBUG - [parallel_convolution.py:53] - Library edge detection worker finished for image 11 (PID 13052)
2025-12-20 00:30:01 - image_processor - DEBUG - [image_processing.py:36] - Convolution completed in 0.0863 seconds
2025-12-20 00:30:01 - image_processor - DEBUG - [image_processing.py:30] - Convolution started. Image shape: (1080, 1080), kernel shape: (3, 3)
2025-12-20 00:30:01 - image_processor - DEBUG - [parallel_convolution.py:48] - Library edge detection worker started for image 20 (PID 13052, breed: Turkish Van)
2025-12-20 00:30:01 - image_processor - DEBUG - [image_processing.py:24] - ImageProcessing instance created
2025-12-20 00:30:01 - image_processor - DEBUG - [image_processing.py:120] - Edge detection (Canny) started
2025-12-20 00:30:01 - image_processor - DEBUG - [image_processing.py:46] - RGB to grayscale conversion started. Image shape: (2208, 1656, 3)
2025-12-20 00:30:01 - image_processor - DEBUG - [image_processing.py:36] - Convolution completed in 0.0176 seconds
2025-12-20 00:30:01 - image_processor - DEBUG - [image_processing.py:91] - Non-maximum suppression started
2025-12-20 00:30:01 - image_processor - DEBUG - [image_processing.py:53] - RGB to grayscale conversion completed. Result shape: (2208, 1656)
2025-12-20 00:30:01 - image_processor - DEBUG - [image_processing.py:30] - Convolution started. Image shape: (2208, 1656), kernel shape: (3, 3)
2025-12-20 00:30:01 - image_processor - DEBUG - [image_processing.py:36] - Convolution completed in 0.0574 seconds
2025-12-20 00:30:01 - image_processor - DEBUG - [image_processing.py:30] - Convolution started. Image shape: (2208, 1656), kernel shape: (3, 3)
2025-12-20 00:30:01 - image_processor - DEBUG - [image_processing.py:113] - Non-maximum suppression completed
2025-12-20 00:30:01 - image_processor - DEBUG - [image_processing.py:139] - Edge detection completed in 1.8442 seconds
2025-12-20 00:30:01 - image_processor - DEBUG - [parallel_convolution.py:53] - Library edge detection worker finished for image 17 (PID 10680)
2025-12-20 00:30:01 - image_processor - DEBUG - [image_processing.py:36] - Convolution completed in 0.0648 seconds
2025-12-20 00:30:01 - image_processor - DEBUG - [image_processing.py:91] - Non-maximum suppression started
2025-12-20 00:30:01 - image_processor - DEBUG - [image_processing.py:113] - Non-maximum suppression completed
2025-12-20 00:30:01 - image_processor - DEBUG - [image_processing.py:139] - Edge detection completed in 2.0709 seconds
2025-12-20 00:30:01 - image_processor - DEBUG - [parallel_convolution.py:33] - Convolution worker finished for image 17 (PID 18560)
2025-12-20 00:30:01 - image_processor - DEBUG - [parallel_convolution.py:28] - Convolution worker started for image 20 (PID 18560, breed: Turkish Van)
2025-12-20 00:30:01 - image_processor - DEBUG - [image_processing.py:24] - ImageProcessing instance created
2025-12-20 00:30:01 - image_processor - DEBUG - [image_processing.py:120] - Edge detection (Canny) started
2025-12-20 00:30:01 - image_processor - DEBUG - [image_processing.py:46] - RGB to grayscale conversion started. Image shape: (2208, 1656, 3)
2025-12-20 00:30:02 - image_processor - DEBUG - [image_processing.py:53] - RGB to grayscale conversion completed. Result shape: (2208, 1656)
2025-12-20 00:30:02 - image_processor - DEBUG - [image_processing.py:30] - Convolution started. Image shape: (2208, 1656), kernel shape: (3, 3)
2025-12-20 00:30:02 - image_processor - DEBUG - [image_processing.py:36] - Convolution completed in 0.1719 seconds
2025-12-20 00:30:02 - image_processor - DEBUG - [image_processing.py:30] - Convolution started. Image shape: (2208, 1656), kernel shape: (3, 3)
2025-12-20 00:30:02 - image_processor - DEBUG - [image_processing.py:36] - Convolution completed in 0.1643 seconds
2025-12-20 00:30:03 - image_processor - DEBUG - [image_processing.py:91] - Non-maximum suppression started
2025-12-20 00:30:03 - image_processor - DEBUG - [image_processing.py:113] - Non-maximum suppression completed
2025-12-20 00:30:03 - image_processor - DEBUG - [image_processing.py:139] - Edge detection completed in 4.6624 seconds
2025-12-20 00:30:03 - image_processor - DEBUG - [parallel_convolution.py:33] - Convolution worker finished for image 13 (PID 19672)
2025-12-20 00:30:04 - image_processor - DEBUG - [image_processing.py:113] - Non-maximum suppression completed
2025-12-20 00:30:04 - image_processor - DEBUG - [image_processing.py:139] - Edge detection completed in 3.4353 seconds
2025-12-20 00:30:04 - image_processor - DEBUG - [parallel_convolution.py:53] - Library edge detection worker finished for image 19 (PID 5716)
2025-12-20 00:30:05 - image_processor - DEBUG - [image_processing.py:113] - Non-maximum suppression completed
2025-12-20 00:30:05 - image_processor - DEBUG - [image_processing.py:139] - Edge detection completed in 4.7691 seconds
2025-12-20 00:30:05 - image_processor - DEBUG - [parallel_convolution.py:33] - Convolution worker finished for image 19 (PID 5172)
2025-12-20 00:30:06 - image_processor - DEBUG - [image_processing.py:113] - Non-maximum suppression completed
2025-12-20 00:30:06 - image_processor - DEBUG - [image_processing.py:139] - Edge detection completed in 7.0641 seconds
2025-12-20 00:30:06 - image_processor - DEBUG - [parallel_convolution.py:33] - Convolution worker finished for image 15 (PID 7024)
2025-12-20 00:30:06 - image_processor - DEBUG - [image_processing.py:113] - Non-maximum suppression completed
2025-12-20 00:30:06 - image_processor - DEBUG - [image_processing.py:139] - Edge detection completed in 7.0784 seconds
2025-12-20 00:30:06 - image_processor - DEBUG - [parallel_convolution.py:53] - Library edge detection worker finished for image 15 (PID 19168)
2025-12-20 00:30:07 - image_processor - DEBUG - [image_processing.py:113] - Non-maximum suppression completed
2025-12-20 00:30:07 - image_processor - DEBUG - [image_processing.py:139] - Edge detection completed in 7.1033 seconds
2025-12-20 00:30:07 - image_processor - DEBUG - [parallel_convolution.py:33] - Convolution worker finished for image 18 (PID 240)
2025-12-20 00:30:07 - image_processor - DEBUG - [image_processing.py:113] - Non-maximum suppression completed
2025-12-20 00:30:07 - image_processor - DEBUG - [image_processing.py:139] - Edge detection completed in 7.0021 seconds
2025-12-20 00:30:07 - image_processor - DEBUG - [parallel_convolution.py:53] - Library edge detection worker finished for image 18 (PID 17568)
2025-12-20 00:30:07 - image_processor - DEBUG - [image_processing.py:113] - Non-maximum suppression completed
2025-12-20 00:30:07 - image_processor - DEBUG - [image_processing.py:139] - Edge detection completed in 8.6654 seconds
2025-12-20 00:30:07 - image_processor - DEBUG - [parallel_convolution.py:53] - Library edge detection worker finished for image 12 (PID 1348)
2025-12-20 00:30:07 - image_processor - DEBUG - [image_processing.py:113] - Non-maximum suppression completed
2025-12-20 00:30:07 - image_processor - DEBUG - [image_processing.py:139] - Edge detection completed in 8.0133 seconds
2025-12-20 00:30:07 - image_processor - DEBUG - [parallel_convolution.py:33] - Convolution worker finished for image 16 (PID 12384)
2025-12-20 00:30:07 - image_processor - DEBUG - [image_processing.py:113] - Non-maximum suppression completed
2025-12-20 00:30:07 - image_processor - DEBUG - [image_processing.py:139] - Edge detection completed in 7.9189 seconds
2025-12-20 00:30:07 - image_processor - DEBUG - [parallel_convolution.py:53] - Library edge detection worker finished for image 16 (PID 21332)
2025-12-20 00:30:08 - image_processor - DEBUG - [image_processing.py:113] - Non-maximum suppression completed
2025-12-20 00:30:08 - image_processor - DEBUG - [image_processing.py:139] - Edge detection completed in 9.7402 seconds
2025-12-20 00:30:08 - image_processor - DEBUG - [parallel_convolution.py:33] - Convolution worker finished for image 12 (PID 3080)
2025-12-20 00:30:09 - image_processor - DEBUG - [image_processing.py:113] - Non-maximum suppression completed
2025-12-20 00:30:09 - image_processor - DEBUG - [image_processing.py:139] - Edge detection completed in 10.0560 seconds
2025-12-20 00:30:09 - image_processor - DEBUG - [parallel_convolution.py:53] - Library edge detection worker finished for image 14 (PID 14452)
2025-12-20 00:30:09 - image_processor - DEBUG - [image_processing.py:113] - Non-maximum suppression completed
2025-12-20 00:30:09 - image_processor - DEBUG - [image_processing.py:139] - Edge detection completed in 10.3973 seconds
2025-12-20 00:30:09 - image_processor - DEBUG - [parallel_convolution.py:33] - Convolution worker finished for image 14 (PID 11532)
2025-12-20 00:30:09 - image_processor - DEBUG - [image_processing.py:113] - Non-maximum suppression completed
2025-12-20 00:30:09 - image_processor - DEBUG - [image_processing.py:139] - Edge detection completed in 8.2519 seconds
2025-12-20 00:30:09 - image_processor - DEBUG - [parallel_convolution.py:53] - Library edge detection worker finished for image 20 (PID 13052)
2025-12-20 00:30:09 - image_processor - INFO - [parallel_convolution.py:154] - Parallel library edge detection completed for 10 images
2025-12-20 00:30:11 - image_processor - DEBUG - [image_processing.py:113] - Non-maximum suppression completed
2025-12-20 00:30:11 - image_processor - DEBUG - [image_processing.py:139] - Edge detection completed in 9.2345 seconds
2025-12-20 00:30:11 - image_processor - DEBUG - [parallel_convolution.py:33] - Convolution worker finished for image 20 (PID 18560)
2025-12-20 00:30:11 - image_processor - INFO - [parallel_convolution.py:137] - Parallel custom edge detection completed for 10 images
2025-12-20 00:30:11 - image_processor - DEBUG - [async_pipeline.py:113] - Edge detection completed
2025-12-20 00:30:11 - image_processor - INFO - [parallel_convolution.py:166] - Starting parallel arithmetic operations for 10 images
2025-12-20 00:30:12 - image_processor - DEBUG - [parallel_convolution.py:70] - Arithmetic operations worker started for image 11 (PID 15704, breed: Persian)
2025-12-20 00:30:12 - image_processor - DEBUG - [abstract_image.py:141] - Addition operation started
2025-12-20 00:30:12 - image_processor - DEBUG - [abstract_image.py:129] - Converting grayscale to RGB (3 channels)
2025-12-20 00:30:12 - image_processor - DEBUG - [abstract_image.py:166] - Addition operation completed. Result shape: (1199, 900, 3)
2025-12-20 00:30:12 - image_processor - DEBUG - [image_processing.py:24] - ImageProcessing instance created
2025-12-20 00:30:12 - image_processor - DEBUG - [abstract_image.py:35] - CatImage created: breed=Persian+processed, shape=(1199, 900, 3), url=combined_Persian...
2025-12-20 00:30:12 - image_processor - DEBUG - [abstract_image.py:173] - Subtraction operation started
2025-12-20 00:30:12 - image_processor - DEBUG - [abstract_image.py:129] - Converting grayscale to RGB (3 channels)
2025-12-20 00:30:12 - image_processor - DEBUG - [parallel_convolution.py:70] - Arithmetic operations worker started for image 12 (PID 8356, breed: Ragamuffin)
2025-12-20 00:30:12 - image_processor - DEBUG - [abstract_image.py:141] - Addition operation started
2025-12-20 00:30:12 - image_processor - DEBUG - [abstract_image.py:129] - Converting grayscale to RGB (3 channels)
2025-12-20 00:30:12 - image_processor - DEBUG - [parallel_convolution.py:70] - Arithmetic operations worker started for image 13 (PID 15984, breed: Ragdoll)
2025-12-20 00:30:12 - image_processor - DEBUG - [abstract_image.py:141] - Addition operation started
2025-12-20 00:30:12 - image_processor - DEBUG - [abstract_image.py:129] - Converting grayscale to RGB (3 channels)
2025-12-20 00:30:12 - image_processor - DEBUG - [abstract_image.py:166] - Addition operation completed. Result shape: (768, 1024, 3)
2025-12-20 00:30:12 - image_processor - DEBUG - [image_processing.py:24] - ImageProcessing instance created
2025-12-20 00:30:12 - image_processor - DEBUG - [abstract_image.py:35] - CatImage created: breed=Ragdoll+processed, shape=(768, 1024, 3), url=combined_Ragdoll...
2025-12-20 00:30:12 - image_processor - DEBUG - [abstract_image.py:173] - Subtraction operation started
2025-12-20 00:30:12 - image_processor - DEBUG - [abstract_image.py:129] - Converting grayscale to RGB (3 channels)
2025-12-20 00:30:12 - image_processor - DEBUG - [parallel_convolution.py:70] - Arithmetic operations worker started for image 14 (PID 13024, breed: Russian Blue)
2025-12-20 00:30:12 - image_processor - DEBUG - [abstract_image.py:141] - Addition operation started
2025-12-20 00:30:12 - image_processor - DEBUG - [abstract_image.py:129] - Converting grayscale to RGB (3 channels)
2025-12-20 00:30:12 - image_processor - DEBUG - [abstract_image.py:198] - Subtraction operation completed. Result shape: (1199, 900, 3)
2025-12-20 00:30:12 - image_processor - DEBUG - [image_processing.py:24] - ImageProcessing instance created
2025-12-20 00:30:12 - image_processor - DEBUG - [abstract_image.py:35] - CatImage created: breed=Persian-processed, shape=(1199, 900, 3), url=subtracted_Persian...
2025-12-20 00:30:12 - image_processor - DEBUG - [abstract_image.py:141] - Addition operation started
2025-12-20 00:30:12 - image_processor - DEBUG - [abstract_image.py:129] - Converting grayscale to RGB (3 channels)
2025-12-20 00:30:12 - image_processor - DEBUG - [parallel_convolution.py:70] - Arithmetic operations worker started for image 15 (PID 12568, breed: Scottish Fold)
2025-12-20 00:30:12 - image_processor - DEBUG - [abstract_image.py:141] - Addition operation started
2025-12-20 00:30:12 - image_processor - DEBUG - [abstract_image.py:129] - Converting grayscale to RGB (3 channels)
2025-12-20 00:30:12 - image_processor - DEBUG - [abstract_image.py:198] - Subtraction operation completed. Result shape: (768, 1024, 3)
2025-12-20 00:30:12 - image_processor - DEBUG - [image_processing.py:24] - ImageProcessing instance created
2025-12-20 00:30:12 - image_processor - DEBUG - [abstract_image.py:35] - CatImage created: breed=Ragdoll-processed, shape=(768, 1024, 3), url=subtracted_Ragdoll...
2025-12-20 00:30:12 - image_processor - DEBUG - [abstract_image.py:141] - Addition operation started
2025-12-20 00:30:12 - image_processor - DEBUG - [abstract_image.py:129] - Converting grayscale to RGB (3 channels)
2025-12-20 00:30:12 - image_processor - DEBUG - [parallel_convolution.py:70] - Arithmetic operations worker started for image 16 (PID 6644, breed: Scottish Fold)
2025-12-20 00:30:12 - image_processor - DEBUG - [abstract_image.py:141] - Addition operation started
2025-12-20 00:30:12 - image_processor - DEBUG - [abstract_image.py:129] - Converting grayscale to RGB (3 channels)
2025-12-20 00:30:12 - image_processor - DEBUG - [parallel_convolution.py:70] - Arithmetic operations worker started for image 17 (PID 11756, breed: Maine Coon)
2025-12-20 00:30:12 - image_processor - DEBUG - [abstract_image.py:141] - Addition operation started
2025-12-20 00:30:12 - image_processor - DEBUG - [abstract_image.py:129] - Converting grayscale to RGB (3 channels)
2025-12-20 00:30:12 - image_processor - DEBUG - [parallel_convolution.py:70] - Arithmetic operations worker started for image 18 (PID 11060, breed: Maine Coon)
2025-12-20 00:30:12 - image_processor - DEBUG - [abstract_image.py:141] - Addition operation started
2025-12-20 00:30:12 - image_processor - DEBUG - [abstract_image.py:129] - Converting grayscale to RGB (3 channels)
2025-12-20 00:30:12 - image_processor - DEBUG - [abstract_image.py:166] - Addition operation completed. Result shape: (1199, 900, 3)
2025-12-20 00:30:12 - image_processor - DEBUG - [image_processing.py:24] - ImageProcessing instance created
2025-12-20 00:30:12 - image_processor - DEBUG - [abstract_image.py:35] - CatImage created: breed=Persian+processed, shape=(1199, 900, 3), url=combined_Persian...
2025-12-20 00:30:12 - image_processor - DEBUG - [abstract_image.py:173] - Subtraction operation started
2025-12-20 00:30:12 - image_processor - DEBUG - [abstract_image.py:129] - Converting grayscale to RGB (3 channels)
2025-12-20 00:30:12 - image_processor - DEBUG - [abstract_image.py:166] - Addition operation completed. Result shape: (768, 1024, 3)
2025-12-20 00:30:12 - image_processor - DEBUG - [image_processing.py:24] - ImageProcessing instance created
2025-12-20 00:30:12 - image_processor - DEBUG - [abstract_image.py:35] - CatImage created: breed=Ragdoll+processed, shape=(768, 1024, 3), url=combined_Ragdoll...
2025-12-20 00:30:12 - image_processor - DEBUG - [abstract_image.py:173] - Subtraction operation started
2025-12-20 00:30:12 - image_processor - DEBUG - [abstract_image.py:129] - Converting grayscale to RGB (3 channels)
2025-12-20 00:30:12 - image_processor - DEBUG - [abstract_image.py:166] - Addition operation completed. Result shape: (598, 822, 3)
2025-12-20 00:30:12 - image_processor - DEBUG - [image_processing.py:24] - ImageProcessing instance created
2025-12-20 00:30:12 - image_processor - DEBUG - [abstract_image.py:35] - CatImage created: breed=Maine Coon+processed, shape=(598, 822, 3), url=combined_Maine Coon...
2025-12-20 00:30:12 - image_processor - DEBUG - [abstract_image.py:173] - Subtraction operation started
2025-12-20 00:30:12 - image_processor - DEBUG - [abstract_image.py:129] - Converting grayscale to RGB (3 channels)
2025-12-20 00:30:12 - image_processor - DEBUG - [abstract_image.py:166] - Addition operation completed. Result shape: (1080, 1080, 3)
2025-12-20 00:30:12 - image_processor - DEBUG - [image_processing.py:24] - ImageProcessing instance created
2025-12-20 00:30:12 - image_processor - DEBUG - [abstract_image.py:35] - CatImage created: breed=Scottish Fold+processed, shape=(1080, 1080, 3), url=combined_Scottish Fold...
2025-12-20 00:30:12 - image_processor - DEBUG - [abstract_image.py:173] - Subtraction operation started
2025-12-20 00:30:12 - image_processor - DEBUG - [abstract_image.py:129] - Converting grayscale to RGB (3 channels)
2025-12-20 00:30:12 - image_processor - DEBUG - [abstract_image.py:198] - Subtraction operation completed. Result shape: (598, 822, 3)
2025-12-20 00:30:12 - image_processor - DEBUG - [image_processing.py:24] - ImageProcessing instance created
2025-12-20 00:30:12 - image_processor - DEBUG - [abstract_image.py:35] - CatImage created: breed=Maine Coon-processed, shape=(598, 822, 3), url=subtracted_Maine Coon...
2025-12-20 00:30:12 - image_processor - DEBUG - [abstract_image.py:141] - Addition operation started
2025-12-20 00:30:12 - image_processor - DEBUG - [abstract_image.py:129] - Converting grayscale to RGB (3 channels)
2025-12-20 00:30:12 - image_processor - DEBUG - [abstract_image.py:198] - Subtraction operation completed. Result shape: (768, 1024, 3)
2025-12-20 00:30:12 - image_processor - DEBUG - [image_processing.py:24] - ImageProcessing instance created
2025-12-20 00:30:12 - image_processor - DEBUG - [abstract_image.py:35] - CatImage created: breed=Ragdoll-processed, shape=(768, 1024, 3), url=subtracted_Ragdoll...
2025-12-20 00:30:12 - image_processor - DEBUG - [parallel_convolution.py:85] - Arithmetic operations worker finished for image 13 (PID 15984)
2025-12-20 00:30:12 - image_processor - DEBUG - [abstract_image.py:166] - Addition operation completed. Result shape: (996, 1200, 3)
2025-12-20 00:30:12 - image_processor - DEBUG - [image_processing.py:24] - ImageProcessing instance created
2025-12-20 00:30:12 - image_processor - DEBUG - [abstract_image.py:35] - CatImage created: breed=Maine Coon+processed, shape=(996, 1200, 3), url=combined_Maine Coon...
2025-12-20 00:30:12 - image_processor - DEBUG - [abstract_image.py:173] - Subtraction operation started
2025-12-20 00:30:12 - image_processor - DEBUG - [abstract_image.py:129] - Converting grayscale to RGB (3 channels)
2025-12-20 00:30:12 - image_processor - DEBUG - [abstract_image.py:166] - Addition operation completed. Result shape: (996, 1500, 3)
2025-12-20 00:30:12 - image_processor - DEBUG - [image_processing.py:24] - ImageProcessing instance created
2025-12-20 00:30:12 - image_processor - DEBUG - [abstract_image.py:35] - CatImage created: breed=Scottish Fold+processed, shape=(996, 1500, 3), url=combined_Scottish Fold...
2025-12-20 00:30:12 - image_processor - DEBUG - [abstract_image.py:173] - Subtraction operation started
2025-12-20 00:30:12 - image_processor - DEBUG - [abstract_image.py:129] - Converting grayscale to RGB (3 channels)
2025-12-20 00:30:12 - image_processor - DEBUG - [abstract_image.py:198] - Subtraction operation completed. Result shape: (1199, 900, 3)
2025-12-20 00:30:12 - image_processor - DEBUG - [image_processing.py:24] - ImageProcessing instance created
2025-12-20 00:30:12 - image_processor - DEBUG - [abstract_image.py:35] - CatImage created: breed=Persian-processed, shape=(1199, 900, 3), url=subtracted_Persian...
2025-12-20 00:30:12 - image_processor - DEBUG - [parallel_convolution.py:85] - Arithmetic operations worker finished for image 11 (PID 15704)
2025-12-20 00:30:12 - image_processor - DEBUG - [abstract_image.py:166] - Addition operation completed. Result shape: (598, 822, 3)
2025-12-20 00:30:12 - image_processor - DEBUG - [image_processing.py:24] - ImageProcessing instance created
2025-12-20 00:30:12 - image_processor - DEBUG - [abstract_image.py:35] - CatImage created: breed=Maine Coon+processed, shape=(598, 822, 3), url=combined_Maine Coon...
2025-12-20 00:30:12 - image_processor - DEBUG - [abstract_image.py:173] - Subtraction operation started
2025-12-20 00:30:12 - image_processor - DEBUG - [abstract_image.py:129] - Converting grayscale to RGB (3 channels)
2025-12-20 00:30:12 - image_processor - DEBUG - [abstract_image.py:166] - Addition operation completed. Result shape: (1333, 2000, 3)
2025-12-20 00:30:12 - image_processor - DEBUG - [image_processing.py:24] - ImageProcessing instance created
2025-12-20 00:30:12 - image_processor - DEBUG - [abstract_image.py:35] - CatImage created: breed=Russian Blue+processed, shape=(1333, 2000, 3), url=combined_Russian Blue...
2025-12-20 00:30:12 - image_processor - DEBUG - [abstract_image.py:166] - Addition operation completed. Result shape: (2380, 1485, 3)
2025-12-20 00:30:12 - image_processor - DEBUG - [image_processing.py:24] - ImageProcessing instance created
2025-12-20 00:30:12 - image_processor - DEBUG - [abstract_image.py:35] - CatImage created: breed=Ragamuffin+processed, shape=(2380, 1485, 3), url=combined_Ragamuffin...
2025-12-20 00:30:12 - image_processor - DEBUG - [abstract_image.py:173] - Subtraction operation started
2025-12-20 00:30:12 - image_processor - DEBUG - [abstract_image.py:129] - Converting grayscale to RGB (3 channels)
2025-12-20 00:30:12 - image_processor - DEBUG - [abstract_image.py:173] - Subtraction operation started
2025-12-20 00:30:12 - image_processor - DEBUG - [abstract_image.py:129] - Converting grayscale to RGB (3 channels)
2025-12-20 00:30:13 - image_processor - DEBUG - [abstract_image.py:198] - Subtraction operation completed. Result shape: (598, 822, 3)
2025-12-20 00:30:13 - image_processor - DEBUG - [image_processing.py:24] - ImageProcessing instance created
2025-12-20 00:30:13 - image_processor - DEBUG - [abstract_image.py:35] - CatImage created: breed=Maine Coon-processed, shape=(598, 822, 3), url=subtracted_Maine Coon...
2025-12-20 00:30:13 - image_processor - DEBUG - [parallel_convolution.py:85] - Arithmetic operations worker finished for image 17 (PID 11756)
2025-12-20 00:30:13 - image_processor - DEBUG - [parallel_convolution.py:70] - Arithmetic operations worker started for image 19 (PID 15984, breed: Singapura)
2025-12-20 00:30:13 - image_processor - DEBUG - [abstract_image.py:141] - Addition operation started
2025-12-20 00:30:13 - image_processor - DEBUG - [abstract_image.py:129] - Converting grayscale to RGB (3 channels)
2025-12-20 00:30:13 - image_processor - DEBUG - [abstract_image.py:198] - Subtraction operation completed. Result shape: (1080, 1080, 3)
2025-12-20 00:30:13 - image_processor - DEBUG - [image_processing.py:24] - ImageProcessing instance created
2025-12-20 00:30:13 - image_processor - DEBUG - [abstract_image.py:35] - CatImage created: breed=Scottish Fold-processed, shape=(1080, 1080, 3), url=subtracted_Scottish Fold...
2025-12-20 00:30:13 - image_processor - DEBUG - [abstract_image.py:141] - Addition operation started
2025-12-20 00:30:13 - image_processor - DEBUG - [abstract_image.py:129] - Converting grayscale to RGB (3 channels)
2025-12-20 00:30:13 - image_processor - DEBUG - [abstract_image.py:198] - Subtraction operation completed. Result shape: (996, 1200, 3)
2025-12-20 00:30:13 - image_processor - DEBUG - [image_processing.py:24] - ImageProcessing instance created
2025-12-20 00:30:13 - image_processor - DEBUG - [abstract_image.py:35] - CatImage created: breed=Maine Coon-processed, shape=(996, 1200, 3), url=subtracted_Maine Coon...
2025-12-20 00:30:13 - image_processor - DEBUG - [abstract_image.py:141] - Addition operation started
2025-12-20 00:30:13 - image_processor - DEBUG - [abstract_image.py:129] - Converting grayscale to RGB (3 channels)
2025-12-20 00:30:13 - image_processor - DEBUG - [abstract_image.py:198] - Subtraction operation completed. Result shape: (996, 1500, 3)
2025-12-20 00:30:13 - image_processor - DEBUG - [image_processing.py:24] - ImageProcessing instance created
2025-12-20 00:30:13 - image_processor - DEBUG - [abstract_image.py:35] - CatImage created: breed=Scottish Fold-processed, shape=(996, 1500, 3), url=subtracted_Scottish Fold...
2025-12-20 00:30:13 - image_processor - DEBUG - [abstract_image.py:141] - Addition operation started
2025-12-20 00:30:13 - image_processor - DEBUG - [abstract_image.py:129] - Converting grayscale to RGB (3 channels)
2025-12-20 00:30:13 - image_processor - DEBUG - [abstract_image.py:166] - Addition operation completed. Result shape: (1080, 1080, 3)
2025-12-20 00:30:13 - image_processor - DEBUG - [image_processing.py:24] - ImageProcessing instance created
2025-12-20 00:30:13 - image_processor - DEBUG - [abstract_image.py:35] - CatImage created: breed=Singapura+processed, shape=(1080, 1080, 3), url=combined_Singapura...
2025-12-20 00:30:13 - image_processor - DEBUG - [abstract_image.py:173] - Subtraction operation started
2025-12-20 00:30:13 - image_processor - DEBUG - [abstract_image.py:129] - Converting grayscale to RGB (3 channels)
2025-12-20 00:30:13 - image_processor - DEBUG - [abstract_image.py:166] - Addition operation completed. Result shape: (1080, 1080, 3)
2025-12-20 00:30:13 - image_processor - DEBUG - [image_processing.py:24] - ImageProcessing instance created
2025-12-20 00:30:13 - image_processor - DEBUG - [abstract_image.py:35] - CatImage created: breed=Scottish Fold+processed, shape=(1080, 1080, 3), url=combined_Scottish Fold...
2025-12-20 00:30:13 - image_processor - DEBUG - [parallel_convolution.py:70] - Arithmetic operations worker started for image 20 (PID 15704, breed: Turkish Van)
2025-12-20 00:30:13 - image_processor - DEBUG - [abstract_image.py:141] - Addition operation started
2025-12-20 00:30:13 - image_processor - DEBUG - [abstract_image.py:129] - Converting grayscale to RGB (3 channels)
2025-12-20 00:30:13 - image_processor - DEBUG - [abstract_image.py:173] - Subtraction operation started
2025-12-20 00:30:13 - image_processor - DEBUG - [abstract_image.py:129] - Converting grayscale to RGB (3 channels)
2025-12-20 00:30:13 - image_processor - DEBUG - [abstract_image.py:166] - Addition operation completed. Result shape: (996, 1200, 3)
2025-12-20 00:30:13 - image_processor - DEBUG - [image_processing.py:24] - ImageProcessing instance created
2025-12-20 00:30:13 - image_processor - DEBUG - [abstract_image.py:35] - CatImage created: breed=Maine Coon+processed, shape=(996, 1200, 3), url=combined_Maine Coon...
2025-12-20 00:30:13 - image_processor - DEBUG - [abstract_image.py:173] - Subtraction operation started
2025-12-20 00:30:13 - image_processor - DEBUG - [abstract_image.py:129] - Converting grayscale to RGB (3 channels)
2025-12-20 00:30:13 - image_processor - DEBUG - [abstract_image.py:198] - Subtraction operation completed. Result shape: (1080, 1080, 3)
2025-12-20 00:30:13 - image_processor - DEBUG - [image_processing.py:24] - ImageProcessing instance created
2025-12-20 00:30:13 - image_processor - DEBUG - [abstract_image.py:35] - CatImage created: breed=Singapura-processed, shape=(1080, 1080, 3), url=subtracted_Singapura...
2025-12-20 00:30:13 - image_processor - DEBUG - [abstract_image.py:141] - Addition operation started
2025-12-20 00:30:13 - image_processor - DEBUG - [abstract_image.py:129] - Converting grayscale to RGB (3 channels)
2025-12-20 00:30:13 - image_processor - DEBUG - [abstract_image.py:198] - Subtraction operation completed. Result shape: (1333, 2000, 3)
2025-12-20 00:30:13 - image_processor - DEBUG - [image_processing.py:24] - ImageProcessing instance created
2025-12-20 00:30:13 - image_processor - DEBUG - [abstract_image.py:35] - CatImage created: breed=Russian Blue-processed, shape=(1333, 2000, 3), url=subtracted_Russian Blue...
2025-12-20 00:30:13 - image_processor - DEBUG - [abstract_image.py:141] - Addition operation started
2025-12-20 00:30:13 - image_processor - DEBUG - [abstract_image.py:129] - Converting grayscale to RGB (3 channels)
2025-12-20 00:30:13 - image_processor - DEBUG - [abstract_image.py:198] - Subtraction operation completed. Result shape: (1080, 1080, 3)
2025-12-20 00:30:13 - image_processor - DEBUG - [image_processing.py:24] - ImageProcessing instance created
2025-12-20 00:30:13 - image_processor - DEBUG - [abstract_image.py:35] - CatImage created: breed=Scottish Fold-processed, shape=(1080, 1080, 3), url=subtracted_Scottish Fold...
2025-12-20 00:30:13 - image_processor - DEBUG - [parallel_convolution.py:85] - Arithmetic operations worker finished for image 15 (PID 12568)
2025-12-20 00:30:13 - image_processor - DEBUG - [abstract_image.py:166] - Addition operation completed. Result shape: (996, 1500, 3)
2025-12-20 00:30:13 - image_processor - DEBUG - [image_processing.py:24] - ImageProcessing instance created
2025-12-20 00:30:13 - image_processor - DEBUG - [abstract_image.py:35] - CatImage created: breed=Scottish Fold+processed, shape=(996, 1500, 3), url=combined_Scottish Fold...
2025-12-20 00:30:13 - image_processor - DEBUG - [abstract_image.py:173] - Subtraction operation started
2025-12-20 00:30:13 - image_processor - DEBUG - [abstract_image.py:129] - Converting grayscale to RGB (3 channels)
2025-12-20 00:30:13 - image_processor - DEBUG - [abstract_image.py:198] - Subtraction operation completed. Result shape: (2380, 1485, 3)
2025-12-20 00:30:13 - image_processor - DEBUG - [image_processing.py:24] - ImageProcessing instance created
2025-12-20 00:30:13 - image_processor - DEBUG - [abstract_image.py:35] - CatImage created: breed=Ragamuffin-processed, shape=(2380, 1485, 3), url=subtracted_Ragamuffin...
2025-12-20 00:30:13 - image_processor - DEBUG - [abstract_image.py:141] - Addition operation started
2025-12-20 00:30:13 - image_processor - DEBUG - [abstract_image.py:129] - Converting grayscale to RGB (3 channels)
2025-12-20 00:30:13 - image_processor - DEBUG - [abstract_image.py:198] - Subtraction operation completed. Result shape: (996, 1200, 3)
2025-12-20 00:30:13 - image_processor - DEBUG - [image_processing.py:24] - ImageProcessing instance created
2025-12-20 00:30:13 - image_processor - DEBUG - [abstract_image.py:35] - CatImage created: breed=Maine Coon-processed, shape=(996, 1200, 3), url=subtracted_Maine Coon...
2025-12-20 00:30:13 - image_processor - DEBUG - [parallel_convolution.py:85] - Arithmetic operations worker finished for image 18 (PID 11060)
2025-12-20 00:30:13 - image_processor - DEBUG - [abstract_image.py:166] - Addition operation completed. Result shape: (1080, 1080, 3)
2025-12-20 00:30:13 - image_processor - DEBUG - [image_processing.py:24] - ImageProcessing instance created
2025-12-20 00:30:13 - image_processor - DEBUG - [abstract_image.py:35] - CatImage created: breed=Singapura+processed, shape=(1080, 1080, 3), url=combined_Singapura...
2025-12-20 00:30:13 - image_processor - DEBUG - [abstract_image.py:173] - Subtraction operation started
2025-12-20 00:30:13 - image_processor - DEBUG - [abstract_image.py:129] - Converting grayscale to RGB (3 channels)
2025-12-20 00:30:13 - image_processor - DEBUG - [abstract_image.py:198] - Subtraction operation completed. Result shape: (996, 1500, 3)
2025-12-20 00:30:13 - image_processor - DEBUG - [image_processing.py:24] - ImageProcessing instance created
2025-12-20 00:30:13 - image_processor - DEBUG - [abstract_image.py:35] - CatImage created: breed=Scottish Fold-processed, shape=(996, 1500, 3), url=subtracted_Scottish Fold...
2025-12-20 00:30:13 - image_processor - DEBUG - [parallel_convolution.py:85] - Arithmetic operations worker finished for image 16 (PID 6644)
2025-12-20 00:30:13 - image_processor - DEBUG - [abstract_image.py:198] - Subtraction operation completed. Result shape: (1080, 1080, 3)
2025-12-20 00:30:13 - image_processor - DEBUG - [image_processing.py:24] - ImageProcessing instance created
2025-12-20 00:30:13 - image_processor - DEBUG - [abstract_image.py:35] - CatImage created: breed=Singapura-processed, shape=(1080, 1080, 3), url=subtracted_Singapura...
2025-12-20 00:30:13 - image_processor - DEBUG - [parallel_convolution.py:85] - Arithmetic operations worker finished for image 19 (PID 15984)
2025-12-20 00:30:13 - image_processor - DEBUG - [abstract_image.py:166] - Addition operation completed. Result shape: (2208, 1656, 3)
2025-12-20 00:30:13 - image_processor - DEBUG - [image_processing.py:24] - ImageProcessing instance created
2025-12-20 00:30:13 - image_processor - DEBUG - [abstract_image.py:35] - CatImage created: breed=Turkish Van+processed, shape=(2208, 1656, 3), url=combined_Turkish Van...
2025-12-20 00:30:13 - image_processor - DEBUG - [abstract_image.py:173] - Subtraction operation started
2025-12-20 00:30:13 - image_processor - DEBUG - [abstract_image.py:129] - Converting grayscale to RGB (3 channels)
2025-12-20 00:30:13 - image_processor - DEBUG - [abstract_image.py:166] - Addition operation completed. Result shape: (1333, 2000, 3)
2025-12-20 00:30:13 - image_processor - DEBUG - [image_processing.py:24] - ImageProcessing instance created
2025-12-20 00:30:13 - image_processor - DEBUG - [abstract_image.py:35] - CatImage created: breed=Russian Blue+processed, shape=(1333, 2000, 3), url=combined_Russian Blue...
2025-12-20 00:30:13 - image_processor - DEBUG - [abstract_image.py:173] - Subtraction operation started
2025-12-20 00:30:13 - image_processor - DEBUG - [abstract_image.py:129] - Converting grayscale to RGB (3 channels)
2025-12-20 00:30:13 - image_processor - DEBUG - [abstract_image.py:166] - Addition operation completed. Result shape: (2380, 1485, 3)
2025-12-20 00:30:13 - image_processor - DEBUG - [image_processing.py:24] - ImageProcessing instance created
2025-12-20 00:30:13 - image_processor - DEBUG - [abstract_image.py:35] - CatImage created: breed=Ragamuffin+processed, shape=(2380, 1485, 3), url=combined_Ragamuffin...
2025-12-20 00:30:13 - image_processor - DEBUG - [abstract_image.py:173] - Subtraction operation started
2025-12-20 00:30:13 - image_processor - DEBUG - [abstract_image.py:129] - Converting grayscale to RGB (3 channels)
2025-12-20 00:30:13 - image_processor - DEBUG - [abstract_image.py:198] - Subtraction operation completed. Result shape: (1333, 2000, 3)
2025-12-20 00:30:13 - image_processor - DEBUG - [image_processing.py:24] - ImageProcessing instance created
2025-12-20 00:30:13 - image_processor - DEBUG - [abstract_image.py:35] - CatImage created: breed=Russian Blue-processed, shape=(1333, 2000, 3), url=subtracted_Russian Blue...
2025-12-20 00:30:13 - image_processor - DEBUG - [parallel_convolution.py:85] - Arithmetic operations worker finished for image 14 (PID 13024)
2025-12-20 00:30:13 - image_processor - DEBUG - [abstract_image.py:198] - Subtraction operation completed. Result shape: (2208, 1656, 3)
2025-12-20 00:30:13 - image_processor - DEBUG - [image_processing.py:24] - ImageProcessing instance created
2025-12-20 00:30:13 - image_processor - DEBUG - [abstract_image.py:35] - CatImage created: breed=Turkish Van-processed, shape=(2208, 1656, 3), url=subtracted_Turkish Van...
2025-12-20 00:30:13 - image_processor - DEBUG - [abstract_image.py:141] - Addition operation started
2025-12-20 00:30:13 - image_processor - DEBUG - [abstract_image.py:129] - Converting grayscale to RGB (3 channels)
2025-12-20 00:30:13 - image_processor - DEBUG - [abstract_image.py:198] - Subtraction operation completed. Result shape: (2380, 1485, 3)
2025-12-20 00:30:13 - image_processor - DEBUG - [image_processing.py:24] - ImageProcessing instance created
2025-12-20 00:30:13 - image_processor - DEBUG - [abstract_image.py:35] - CatImage created: breed=Ragamuffin-processed, shape=(2380, 1485, 3), url=subtracted_Ragamuffin...
2025-12-20 00:30:13 - image_processor - DEBUG - [parallel_convolution.py:85] - Arithmetic operations worker finished for image 12 (PID 8356)
2025-12-20 00:30:13 - image_processor - DEBUG - [abstract_image.py:166] - Addition operation completed. Result shape: (2208, 1656, 3)
2025-12-20 00:30:13 - image_processor - DEBUG - [image_processing.py:24] - ImageProcessing instance created
2025-12-20 00:30:13 - image_processor - DEBUG - [abstract_image.py:35] - CatImage created: breed=Turkish Van+processed, shape=(2208, 1656, 3), url=combined_Turkish Van...
2025-12-20 00:30:13 - image_processor - DEBUG - [abstract_image.py:173] - Subtraction operation started
2025-12-20 00:30:13 - image_processor - DEBUG - [abstract_image.py:129] - Converting grayscale to RGB (3 channels)
2025-12-20 00:30:14 - image_processor - DEBUG - [abstract_image.py:198] - Subtraction operation completed. Result shape: (2208, 1656, 3)
2025-12-20 00:30:14 - image_processor - DEBUG - [image_processing.py:24] - ImageProcessing instance created
2025-12-20 00:30:14 - image_processor - DEBUG - [abstract_image.py:35] - CatImage created: breed=Turkish Van-processed, shape=(2208, 1656, 3), url=subtracted_Turkish Van...
2025-12-20 00:30:14 - image_processor - DEBUG - [parallel_convolution.py:85] - Arithmetic operations worker finished for image 20 (PID 15704)
2025-12-20 00:30:14 - image_processor - INFO - [parallel_convolution.py:193] - Parallel arithmetic operations completed for 10 images
2025-12-20 00:30:14 - image_processor - DEBUG - [async_pipeline.py:124] - Arithmetic operations completed
2025-12-20 00:30:14 - image_processor - DEBUG - [async_pipeline.py:152] - Chunk processed: 10 images with all operations completed
2025-12-20 00:30:14 - image_processor - DEBUG - [async_pipeline.py:187] - Saving image 11 (Persian)
2025-12-20 00:30:14 - image_processor - DEBUG - [async_pipeline.py:187] - Saving image 12 (Ragamuffin)
2025-12-20 00:30:14 - image_processor - DEBUG - [async_pipeline.py:187] - Saving image 13 (Ragdoll)
2025-12-20 00:30:14 - image_processor - DEBUG - [async_pipeline.py:187] - Saving image 14 (Russian Blue)
2025-12-20 00:30:14 - image_processor - DEBUG - [async_pipeline.py:187] - Saving image 15 (Scottish Fold)
2025-12-20 00:30:14 - image_processor - DEBUG - [async_pipeline.py:187] - Saving image 16 (Scottish Fold)
2025-12-20 00:30:14 - image_processor - DEBUG - [async_pipeline.py:187] - Saving image 17 (Maine Coon)
2025-12-20 00:30:14 - image_processor - DEBUG - [async_pipeline.py:187] - Saving image 18 (Maine Coon)
2025-12-20 00:30:14 - image_processor - DEBUG - [async_pipeline.py:187] - Saving image 19 (Singapura)
2025-12-20 00:30:14 - image_processor - DEBUG - [async_pipeline.py:187] - Saving image 20 (Turkish Van)
2025-12-20 00:30:16 - image_processor - DEBUG - [async_pipeline.py:203] - Image 13 saved (3 files)
2025-12-20 00:30:16 - image_processor - DEBUG - [async_pipeline.py:203] - Image 11 saved (3 files)
2025-12-20 00:30:16 - image_processor - DEBUG - [async_pipeline.py:203] - Image 12 saved (3 files)
2025-12-20 00:30:16 - image_processor - DEBUG - [async_pipeline.py:203] - Image 16 saved (3 files)
2025-12-20 00:30:16 - image_processor - DEBUG - [async_pipeline.py:203] - Image 14 saved (3 files)
2025-12-20 00:30:16 - image_processor - DEBUG - [async_pipeline.py:203] - Image 15 saved (3 files)
2025-12-20 00:30:16 - image_processor - DEBUG - [async_pipeline.py:203] - Image 19 saved (3 files)
2025-12-20 00:30:16 - image_processor - DEBUG - [async_pipeline.py:203] - Image 20 saved (3 files)
2025-12-20 00:30:16 - image_processor - DEBUG - [async_pipeline.py:203] - Image 17 saved (3 files)
2025-12-20 00:30:16 - image_processor - DEBUG - [async_pipeline.py:203] - Image 18 saved (3 files)
2025-12-20 00:30:16 - image_processor - INFO - [async_pipeline.py:79] - Stage 1 completed: All chunks downloaded
2025-12-20 00:30:16 - image_processor - INFO - [async_pipeline.py:155] - Stage 2 completed: All convolutions and operations done
2025-12-20 00:30:16 - image_processor - INFO - [async_pipeline.py:177] - Stage 3 completed: 20 images saved
2025-12-20 00:30:16 - image_processor - INFO - [async_pipeline.py:230] - Pipeline execution completed successfully. Results saved to: C:\Users\Bruss\OneDrive\Рабочий стол\LAB-1\LAB-1\image_processing_project\image_processor\results\cat
2025-12-20 00:30:16 - image_processor - INFO - [async_main.py:150] - ======================================================================
2025-12-20 00:30:16 - image_processor - INFO - [async_main.py:151] - CAT processing completed!
2025-12-20 00:30:16 - image_processor - INFO - [async_main.py:152] - Results saved to: C:\Users\Bruss\OneDrive\Рабочий стол\LAB-1\LAB-1\image_processing_project\image_processor\results\cat
2025-12-20 00:30:16 - image_processor - INFO - [async_main.py:153] - ======================================================================
2025-12-20 00:30:16 - image_processor - INFO - [async_main.py:165] - All results saved to: C:\Users\Bruss\OneDrive\Рабочий стол\LAB-1\LAB-1\image_processing_project\image_processor\results
2025-12-20 00:30:16 - image_processor - INFO - [async_main.py:226] - Async main module finished
2025-12-21 19:48:44 - image_processor - INFO - [main.py:258] - Application started
2025-12-21 19:48:56 - image_processor - DEBUG - [async_image_processor.py:51] - AsyncImageProcessor initialized for cat API
2025-12-21 19:48:56 - image_processor - INFO - [parallel_convolution.py:119] - ParallelConvolutionProcessor initialized with 12 processes (all CPU cores)
2025-12-21 19:48:56 - image_processor - INFO - [async_pipeline.py:53] - AsyncImagePipeline initialized for cat API with chunk_size=5
2025-12-21 19:48:56 - image_processor - INFO - [async_pipeline.py:223] - Pipeline execution started. Total images: 100, Chunk size: 5
2025-12-21 19:48:56 - image_processor - INFO - [async_pipeline.py:164] - Stage 3 started: Saving results
2025-12-21 19:48:56 - image_processor - INFO - [async_pipeline.py:88] - Stage 2 started: Convolution & Arithmetic Operations
2025-12-21 19:48:56 - image_processor - INFO - [async_pipeline.py:59] - Stage 1 started: Downloading 100 images with chunk_size=5
2025-12-21 19:48:56 - image_processor - INFO - [async_image_processor.py:67] - Fetching 100 image URLs from cat API
2025-12-21 19:49:28 - image_processor - INFO - [main.py:258] - Application started
2025-12-21 19:50:44 - image_processor - DEBUG - [async_image_processor.py:51] - AsyncImageProcessor initialized for dog API
2025-12-21 19:50:44 - image_processor - INFO - [parallel_convolution.py:119] - ParallelConvolutionProcessor initialized with 12 processes (all CPU cores)
2025-12-21 19:50:44 - image_processor - INFO - [async_pipeline.py:53] - AsyncImagePipeline initialized for dog API with chunk_size=5
2025-12-21 19:50:44 - image_processor - INFO - [async_pipeline.py:223] - Pipeline execution started. Total images: 50, Chunk size: 5
2025-12-21 19:50:44 - image_processor - INFO - [async_pipeline.py:164] - Stage 3 started: Saving results
2025-12-21 19:50:44 - image_processor - INFO - [async_pipeline.py:88] - Stage 2 started: Convolution & Arithmetic Operations
2025-12-21 19:50:44 - image_processor - INFO - [async_pipeline.py:59] - Stage 1 started: Downloading 50 images with chunk_size=5
2025-12-21 19:50:44 - image_processor - INFO - [async_image_processor.py:67] - Fetching 50 image URLs from dog API
2025-12-21 19:50:56 - image_processor - INFO - [async_image_processor.py:96] - Successfully fetched 50 image URLs
2025-12-21 19:50:56 - image_processor - INFO - [async_pipeline.py:64] - Total 50 images will be processed in 10 chunk(s)
2025-12-21 19:50:56 - image_processor - INFO - [async_pipeline.py:70] - Processing chunk 1/10: images 1 to 5
2025-12-21 19:50:56 - image_processor - INFO - [async_image_processor.py:144] - Starting parallel download of 5 images
2025-12-21 19:50:56 - image_processor - DEBUG - [async_image_processor.py:113] - Downloading image 1 (breed: American Eskimo Dog (Miniature))
2025-12-21 19:50:56 - image_processor - DEBUG - [async_image_processor.py:113] - Downloading image 2 (breed: American Pit Bull Terrier)
2025-12-21 19:50:56 - image_processor - DEBUG - [async_image_processor.py:113] - Downloading image 3 (breed: Basset Bleu de Gascogne)
2025-12-21 19:50:56 - image_processor - DEBUG - [async_image_processor.py:113] - Downloading image 4 (breed: Basset Hound)
2025-12-21 19:50:56 - image_processor - DEBUG - [async_image_processor.py:113] - Downloading image 5 (breed: Cairn Terrier)
2025-12-21 19:50:57 - image_processor - DEBUG - [async_image_processor.py:131] - Image 1 downloaded successfully (shape: (256, 390, 3))
2025-12-21 19:50:57 - image_processor - DEBUG - [async_image_processor.py:131] - Image 4 downloaded successfully (shape: (256, 390, 3))
2025-12-21 19:50:57 - image_processor - DEBUG - [async_image_processor.py:131] - Image 5 downloaded successfully (shape: (256, 390, 3))
2025-12-21 19:50:57 - image_processor - DEBUG - [async_image_processor.py:131] - Image 3 downloaded successfully (shape: (256, 390, 3))
2025-12-21 19:50:58 - image_processor - DEBUG - [async_image_processor.py:131] - Image 2 downloaded successfully (shape: (256, 390, 3))
2025-12-21 19:50:58 - image_processor - INFO - [async_image_processor.py:155] - Parallel download completed: 5/5 successful
2025-12-21 19:50:58 - image_processor - DEBUG - [async_image_processor.py:163] - Creating image objects from 5 metadata entries
2025-12-21 19:50:58 - image_processor - DEBUG - [image_processing.py:24] - ImageProcessing instance created
2025-12-21 19:50:58 - image_processor - DEBUG - [abstract_image.py:35] - CatImage created: breed=American Eskimo Dog (Miniature), shape=(256, 390, 3), url=https://cdn2.thedogapi.com/images/HJq5ke5Nm_390x25...
2025-12-21 19:50:58 - image_processor - DEBUG - [async_image_processor.py:184] - Image object created for index 1 (breed: American Eskimo Dog (Miniature))
2025-12-21 19:50:58 - image_processor - DEBUG - [image_processing.py:24] - ImageProcessing instance created
2025-12-21 19:50:58 - image_processor - DEBUG - [abstract_image.py:35] - CatImage created: breed=American Pit Bull Terrier, shape=(256, 390, 3), url=https://cdn2.thedogapi.com/images/HkC31gcNm_390x25...
2025-12-21 19:50:58 - image_processor - DEBUG - [async_image_processor.py:184] - Image object created for index 2 (breed: American Pit Bull Terrier)
2025-12-21 19:50:58 - image_processor - DEBUG - [image_processing.py:24] - ImageProcessing instance created
2025-12-21 19:50:58 - image_processor - DEBUG - [abstract_image.py:35] - CatImage created: breed=Basset Bleu de Gascogne, shape=(256, 390, 3), url=https://cdn2.thedogapi.com/images/BkMQll94X_390x25...
2025-12-21 19:50:58 - image_processor - DEBUG - [async_image_processor.py:184] - Image object created for index 3 (breed: Basset Bleu de Gascogne)
2025-12-21 19:50:58 - image_processor - DEBUG - [image_processing.py:24] - ImageProcessing instance created
2025-12-21 19:50:58 - image_processor - DEBUG - [abstract_image.py:35] - CatImage created: breed=Basset Hound, shape=(256, 390, 3), url=https://cdn2.thedogapi.com/images/Sy57xx9EX_390x25...
2025-12-21 19:50:58 - image_processor - DEBUG - [async_image_processor.py:184] - Image object created for index 4 (breed: Basset Hound)
2025-12-21 19:50:58 - image_processor - DEBUG - [image_processing.py:24] - ImageProcessing instance created
2025-12-21 19:50:58 - image_processor - DEBUG - [abstract_image.py:35] - CatImage created: breed=Cairn Terrier, shape=(256, 390, 3), url=https://cdn2.thedogapi.com/images/Sk7Qbg9E7_390x25...
2025-12-21 19:50:58 - image_processor - DEBUG - [async_image_processor.py:184] - Image object created for index 5 (breed: Cairn Terrier)
2025-12-21 19:50:58 - image_processor - INFO - [async_image_processor.py:186] - Created 5 image objects
2025-12-21 19:50:58 - image_processor - DEBUG - [async_pipeline.py:76] - Chunk 1: 5 images ready for processing
2025-12-21 19:50:58 - image_processor - DEBUG - [async_pipeline.py:95] - Processing chunk of 5 images
2025-12-21 19:50:58 - image_processor - INFO - [parallel_convolution.py:127] - Starting parallel custom edge detection for 5 images
2025-12-21 19:50:58 - image_processor - INFO - [parallel_convolution.py:144] - Starting parallel library edge detection for 5 images
2025-12-21 19:51:00 - image_processor - DEBUG - [parallel_convolution.py:28] - Convolution worker started for image 1 (PID 24436, breed: American Eskimo Dog (Miniature))
2025-12-21 19:51:00 - image_processor - DEBUG - [image_processing.py:24] - ImageProcessing instance created
2025-12-21 19:51:00 - image_processor - DEBUG - [image_processing.py:120] - Edge detection (Canny) started
2025-12-21 19:51:00 - image_processor - DEBUG - [image_processing.py:46] - RGB to grayscale conversion started. Image shape: (256, 390, 3)
2025-12-21 19:51:00 - image_processor - DEBUG - [image_processing.py:53] - RGB to grayscale conversion completed. Result shape: (256, 390)
2025-12-21 19:51:00 - image_processor - DEBUG - [image_processing.py:30] - Convolution started. Image shape: (256, 390), kernel shape: (3, 3)
2025-12-21 19:51:00 - image_processor - DEBUG - [parallel_convolution.py:28] - Convolution worker started for image 2 (PID 11672, breed: American Pit Bull Terrier)
2025-12-21 19:51:00 - image_processor - DEBUG - [image_processing.py:24] - ImageProcessing instance created
2025-12-21 19:51:00 - image_processor - DEBUG - [image_processing.py:120] - Edge detection (Canny) started
2025-12-21 19:51:00 - image_processor - DEBUG - [image_processing.py:36] - Convolution completed in 0.0016 seconds
2025-12-21 19:51:00 - image_processor - DEBUG - [image_processing.py:46] - RGB to grayscale conversion started. Image shape: (256, 390, 3)
2025-12-21 19:51:00 - image_processor - DEBUG - [image_processing.py:30] - Convolution started. Image shape: (256, 390), kernel shape: (3, 3)
2025-12-21 19:51:00 - image_processor - DEBUG - [image_processing.py:36] - Convolution completed in 0.0016 seconds
2025-12-21 19:51:00 - image_processor - DEBUG - [image_processing.py:53] - RGB to grayscale conversion completed. Result shape: (256, 390)
2025-12-21 19:51:00 - image_processor - DEBUG - [image_processing.py:30] - Convolution started. Image shape: (256, 390), kernel shape: (3, 3)
2025-12-21 19:51:00 - image_processor - DEBUG - [image_processing.py:91] - Non-maximum suppression started
2025-12-21 19:51:00 - image_processor - DEBUG - [image_processing.py:36] - Convolution completed in 0.0018 seconds
2025-12-21 19:51:00 - image_processor - DEBUG - [image_processing.py:30] - Convolution started. Image shape: (256, 390), kernel shape: (3, 3)
2025-12-21 19:51:00 - image_processor - DEBUG - [image_processing.py:36] - Convolution completed in 0.0016 seconds
2025-12-21 19:51:00 - image_processor - DEBUG - [image_processing.py:91] - Non-maximum suppression started
2025-12-21 19:51:00 - image_processor - DEBUG - [parallel_convolution.py:28] - Convolution worker started for image 3 (PID 11832, breed: Basset Bleu de Gascogne)
2025-12-21 19:51:00 - image_processor - DEBUG - [image_processing.py:24] - ImageProcessing instance created
2025-12-21 19:51:00 - image_processor - DEBUG - [image_processing.py:120] - Edge detection (Canny) started
2025-12-21 19:51:00 - image_processor - DEBUG - [image_processing.py:46] - RGB to grayscale conversion started. Image shape: (256, 390, 3)
2025-12-21 19:51:00 - image_processor - DEBUG - [image_processing.py:53] - RGB to grayscale conversion completed. Result shape: (256, 390)
2025-12-21 19:51:00 - image_processor - DEBUG - [image_processing.py:30] - Convolution started. Image shape: (256, 390), kernel shape: (3, 3)
2025-12-21 19:51:00 - image_processor - DEBUG - [image_processing.py:36] - Convolution completed in 0.0018 seconds
2025-12-21 19:51:00 - image_processor - DEBUG - [image_processing.py:30] - Convolution started. Image shape: (256, 390), kernel shape: (3, 3)
2025-12-21 19:51:00 - image_processor - DEBUG - [image_processing.py:36] - Convolution completed in 0.0016 seconds
2025-12-21 19:51:00 - image_processor - DEBUG - [image_processing.py:91] - Non-maximum suppression started
2025-12-21 19:51:00 - image_processor - DEBUG - [parallel_convolution.py:48] - Library edge detection worker started for image 1 (PID 3492, breed: American Eskimo Dog (Miniature))
2025-12-21 19:51:00 - image_processor - DEBUG - [image_processing.py:24] - ImageProcessing instance created
2025-12-21 19:51:00 - image_processor - DEBUG - [image_processing.py:120] - Edge detection (Canny) started
2025-12-21 19:51:00 - image_processor - DEBUG - [image_processing.py:46] - RGB to grayscale conversion started. Image shape: (256, 390, 3)
2025-12-21 19:51:00 - image_processor - DEBUG - [image_processing.py:53] - RGB to grayscale conversion completed. Result shape: (256, 390)
2025-12-21 19:51:00 - image_processor - DEBUG - [image_processing.py:30] - Convolution started. Image shape: (256, 390), kernel shape: (3, 3)
2025-12-21 19:51:00 - image_processor - DEBUG - [image_processing.py:36] - Convolution completed in 0.0021 seconds
2025-12-21 19:51:00 - image_processor - DEBUG - [image_processing.py:30] - Convolution started. Image shape: (256, 390), kernel shape: (3, 3)
2025-12-21 19:51:00 - image_processor - DEBUG - [image_processing.py:36] - Convolution completed in 0.0021 seconds
2025-12-21 19:51:00 - image_processor - DEBUG - [image_processing.py:91] - Non-maximum suppression started
2025-12-21 19:51:00 - image_processor - DEBUG - [parallel_convolution.py:48] - Library edge detection worker started for image 2 (PID 10848, breed: American Pit Bull Terrier)
2025-12-21 19:51:00 - image_processor - DEBUG - [image_processing.py:24] - ImageProcessing instance created
2025-12-21 19:51:00 - image_processor - DEBUG - [image_processing.py:120] - Edge detection (Canny) started
2025-12-21 19:51:00 - image_processor - DEBUG - [image_processing.py:46] - RGB to grayscale conversion started. Image shape: (256, 390, 3)
2025-12-21 19:51:00 - image_processor - DEBUG - [parallel_convolution.py:28] - Convolution worker started for image 4 (PID 9156, breed: Basset Hound)
2025-12-21 19:51:00 - image_processor - DEBUG - [image_processing.py:24] - ImageProcessing instance created
2025-12-21 19:51:00 - image_processor - DEBUG - [image_processing.py:120] - Edge detection (Canny) started
2025-12-21 19:51:00 - image_processor - DEBUG - [image_processing.py:46] - RGB to grayscale conversion started. Image shape: (256, 390, 3)
2025-12-21 19:51:00 - image_processor - DEBUG - [image_processing.py:53] - RGB to grayscale conversion completed. Result shape: (256, 390)
2025-12-21 19:51:00 - image_processor - DEBUG - [image_processing.py:30] - Convolution started. Image shape: (256, 390), kernel shape: (3, 3)
2025-12-21 19:51:00 - image_processor - DEBUG - [image_processing.py:53] - RGB to grayscale conversion completed. Result shape: (256, 390)
2025-12-21 19:51:00 - image_processor - DEBUG - [image_processing.py:30] - Convolution started. Image shape: (256, 390), kernel shape: (3, 3)
2025-12-21 19:51:00 - image_processor - DEBUG - [image_processing.py:36] - Convolution completed in 0.0016 seconds
2025-12-21 19:51:00 - image_processor - DEBUG - [image_processing.py:30] - Convolution started. Image shape: (256, 390), kernel shape: (3, 3)
2025-12-21 19:51:00 - image_processor - DEBUG - [image_processing.py:36] - Convolution completed in 0.0017 seconds
2025-12-21 19:51:00 - image_processor - DEBUG - [image_processing.py:30] - Convolution started. Image shape: (256, 390), kernel shape: (3, 3)
2025-12-21 19:51:00 - image_processor - DEBUG - [image_processing.py:36] - Convolution completed in 0.0016 seconds
2025-12-21 19:51:00 - image_processor - DEBUG - [image_processing.py:36] - Convolution completed in 0.0015 seconds
2025-12-21 19:51:00 - image_processor - DEBUG - [image_processing.py:91] - Non-maximum suppression started
2025-12-21 19:51:00 - image_processor - DEBUG - [image_processing.py:91] - Non-maximum suppression started
2025-12-21 19:51:00 - image_processor - DEBUG - [image_processing.py:113] - Non-maximum suppression completed
2025-12-21 19:51:00 - image_processor - DEBUG - [image_processing.py:139] - Edge detection completed in 0.1742 seconds
2025-12-21 19:51:00 - image_processor - DEBUG - [image_processing.py:113] - Non-maximum suppression completed
2025-12-21 19:51:00 - image_processor - DEBUG - [parallel_convolution.py:33] - Convolution worker finished for image 1 (PID 24436)
2025-12-21 19:51:00 - image_processor - DEBUG - [image_processing.py:139] - Edge detection completed in 0.1694 seconds
2025-12-21 19:51:00 - image_processor - DEBUG - [parallel_convolution.py:28] - Convolution worker started for image 5 (PID 24436, breed: Cairn Terrier)
2025-12-21 19:51:00 - image_processor - DEBUG - [image_processing.py:24] - ImageProcessing instance created
r image 2 (PID 11672)
2025-12-21 19:51:00 - image_processor - DEBUG - [image_processing.py:120] - Edge detection (Canny) started
2025-12-21 19:51:00 - image_processor - DEBUG - [image_processing.py:46] - RGB to grayscale conversion started. Image shape: (256, 390, 3)
2025-12-21 19:51:00 - image_processor - DEBUG - [image_processing.py:53] - RGB to grayscale conversion completed. Result shape: (256, 390)
2025-12-21 19:51:00 - image_processor - DEBUG - [image_processing.py:30] - Convolution started. Image shape: (256, 390), kernel shape: (3, 3)
2025-12-21 19:51:00 - image_processor - DEBUG - [image_processing.py:36] - Convolution completed in 0.0016 seconds
2025-12-21 19:51:00 - image_processor - DEBUG - [image_processing.py:30] - Convolution started. Image shape: (256, 390), kernel shape: (3, 3)
2025-12-21 19:51:00 - image_processor - DEBUG - [image_processing.py:36] - Convolution completed in 0.0016 seconds
2025-12-21 19:51:00 - image_processor - DEBUG - [image_processing.py:91] - Non-maximum suppression started
2025-12-21 19:51:00 - image_processor - DEBUG - [parallel_convolution.py:48] - Library edge detection worker started for image 3 (PID 1856, breed: Basset Bleu de Gascogne)
2025-12-21 19:51:00 - image_processor - DEBUG - [image_processing.py:24] - ImageProcessing instance created
2025-12-21 19:51:00 - image_processor - DEBUG - [image_processing.py:120] - Edge detection (Canny) started
2025-12-21 19:51:00 - image_processor - DEBUG - [image_processing.py:46] - RGB to grayscale conversion started. Image shape: (256, 390, 3)
2025-12-21 19:51:00 - image_processor - DEBUG - [image_processing.py:53] - RGB to grayscale conversion completed. Result shape: (256, 390)
2025-12-21 19:51:00 - image_processor - DEBUG - [image_processing.py:30] - Convolution started. Image shape: (256, 390), kernel shape: (3, 3)
2025-12-21 19:51:00 - image_processor - DEBUG - [image_processing.py:36] - Convolution completed in 0.0018 seconds
2025-12-21 19:51:00 - image_processor - DEBUG - [image_processing.py:30] - Convolution started. Image shape: (256, 390), kernel shape: (3, 3)
2025-12-21 19:51:00 - image_processor - DEBUG - [image_processing.py:36] - Convolution completed in 0.0016 seconds
2025-12-21 19:51:00 - image_processor - DEBUG - [parallel_convolution.py:48] - Library edge detection worker started for image 4 (PID 4544, breed: Basset Hound)
2025-12-21 19:51:00 - image_processor - DEBUG - [image_processing.py:24] - ImageProcessing instance created
2025-12-21 19:51:00 - image_processor - DEBUG - [image_processing.py:120] - Edge detection (Canny) started
2025-12-21 19:51:00 - image_processor - DEBUG - [image_processing.py:46] - RGB to grayscale conversion started. Image shape: (256, 390, 3)
2025-12-21 19:51:00 - image_processor - DEBUG - [image_processing.py:91] - Non-maximum suppression started
2025-12-21 19:51:00 - image_processor - DEBUG - [image_processing.py:113] - Non-maximum suppression completed
2025-12-21 19:51:00 - image_processor - DEBUG - [image_processing.py:139] - Edge detection completed in 0.1831 seconds
2025-12-21 19:51:00 - image_processor - DEBUG - [parallel_convolution.py:33] - Convolution worker finished for image 3 (PID 11832)
2025-12-21 19:51:00 - image_processor - DEBUG - [image_processing.py:53] - RGB to grayscale conversion completed. Result shape: (256, 390)
2025-12-21 19:51:00 - image_processor - DEBUG - [image_processing.py:30] - Convolution started. Image shape: (256, 390), kernel shape: (3, 3)
2025-12-21 19:51:00 - image_processor - DEBUG - [image_processing.py:36] - Convolution completed in 0.0021 seconds
2025-12-21 19:51:00 - image_processor - DEBUG - [image_processing.py:30] - Convolution started. Image shape: (256, 390), kernel shape: (3, 3)
2025-12-21 19:51:00 - image_processor - DEBUG - [image_processing.py:36] - Convolution completed in 0.0046 seconds
2025-12-21 19:51:00 - image_processor - DEBUG - [image_processing.py:91] - Non-maximum suppression started
2025-12-21 19:51:00 - image_processor - DEBUG - [parallel_convolution.py:48] - Library edge detection worker started for image 5 (PID 13412, breed: Cairn Terrier)
2025-12-21 19:51:00 - image_processor - DEBUG - [image_processing.py:24] - ImageProcessing instance created
2025-12-21 19:51:00 - image_processor - DEBUG - [image_processing.py:120] - Edge detection (Canny) started
2025-12-21 19:51:00 - image_processor - DEBUG - [image_processing.py:46] - RGB to grayscale conversion started. Image shape: (256, 390, 3)
2025-12-21 19:51:00 - image_processor - DEBUG - [image_processing.py:53] - RGB to grayscale conversion completed. Result shape: (256, 390)
2025-12-21 19:51:00 - image_processor - DEBUG - [image_processing.py:30] - Convolution started. Image shape: (256, 390), kernel shape: (3, 3)
2025-12-21 19:51:00 - image_processor - DEBUG - [image_processing.py:36] - Convolution completed in 0.0046 seconds
2025-12-21 19:51:00 - image_processor - DEBUG - [image_processing.py:30] - Convolution started. Image shape: (256, 390), kernel shape: (3, 3)
2025-12-21 19:51:00 - image_processor - DEBUG - [image_processing.py:36] - Convolution completed in 0.0042 seconds
2025-12-21 19:51:00 - image_processor - DEBUG - [image_processing.py:91] - Non-maximum suppression started
2025-12-21 19:51:00 - image_processor - DEBUG - [image_processing.py:113] - Non-maximum suppression completed
2025-12-21 19:51:00 - image_processor - DEBUG - [image_processing.py:139] - Edge detection completed in 0.2003 seconds
2025-12-21 19:51:00 - image_processor - DEBUG - [parallel_convolution.py:53] - Library edge detection worker finished for image 1 (PID 3492)
2025-12-21 19:51:00 - image_processor - DEBUG - [image_processing.py:113] - Non-maximum suppression completed
2025-12-21 19:51:00 - image_processor - DEBUG - [image_processing.py:139] - Edge detection completed in 0.1907 seconds
2025-12-21 19:51:00 - image_processor - DEBUG - [parallel_convolution.py:53] - Library edge detection worker finished for image 2 (PID 10848)
2025-12-21 19:51:00 - image_processor - DEBUG - [image_processing.py:113] - Non-maximum suppression completed
2025-12-21 19:51:00 - image_processor - DEBUG - [image_processing.py:139] - Edge detection completed in 0.1953 seconds
2025-12-21 19:51:00 - image_processor - DEBUG - [parallel_convolution.py:33] - Convolution worker finished for image 4 (PID 9156)
2025-12-21 19:51:00 - image_processor - DEBUG - [image_processing.py:113] - Non-maximum suppression completed
2025-12-21 19:51:00 - image_processor - DEBUG - [image_processing.py:139] - Edge detection completed in 0.1720 seconds
2025-12-21 19:51:00 - image_processor - DEBUG - [parallel_convolution.py:33] - Convolution worker finished for image 5 (PID 24436)
2025-12-21 19:51:00 - image_processor - DEBUG - [image_processing.py:113] - Non-maximum suppression completed
2025-12-21 19:51:00 - image_processor - DEBUG - [image_processing.py:139] - Edge detection completed in 0.1832 seconds
2025-12-21 19:51:00 - image_processor - DEBUG - [parallel_convolution.py:53] - Library edge detection worker finished for image 3 (PID 1856)
2025-12-21 19:51:00 - image_processor - INFO - [parallel_convolution.py:137] - Parallel custom edge detection completed for 5 images
2025-12-21 19:51:00 - image_processor - DEBUG - [image_processing.py:113] - Non-maximum suppression completed
2025-12-21 19:51:00 - image_processor - DEBUG - [image_processing.py:139] - Edge detection completed in 0.1851 seconds
2025-12-21 19:51:00 - image_processor - DEBUG - [parallel_convolution.py:53] - Library edge detection worker finished for image 4 (PID 4544)
2025-12-21 19:51:00 - image_processor - DEBUG - [image_processing.py:113] - Non-maximum suppression completed
2025-12-21 19:51:00 - image_processor - DEBUG - [image_processing.py:139] - Edge detection completed in 0.1670 seconds
2025-12-21 19:51:00 - image_processor - DEBUG - [parallel_convolution.py:53] - Library edge detection worker finished for image 5 (PID 13412)
2025-12-21 19:51:00 - image_processor - INFO - [parallel_convolution.py:154] - Parallel library edge detection completed for 5 images
2025-12-21 19:51:00 - image_processor - DEBUG - [async_pipeline.py:113] - Edge detection completed
2025-12-21 19:51:00 - image_processor - INFO - [parallel_convolution.py:166] - Starting parallel arithmetic operations for 5 images
2025-12-21 19:51:01 - image_processor - DEBUG - [parallel_convolution.py:70] - Arithmetic operations worker started for image 1 (PID 25096, breed: American Eskimo Dog (Miniature))
2025-12-21 19:51:01 - image_processor - DEBUG - [abstract_image.py:141] - Addition operation started
2025-12-21 19:51:01 - image_processor - DEBUG - [abstract_image.py:129] - Converting grayscale to RGB (3 channels)
2025-12-21 19:51:01 - image_processor - DEBUG - [parallel_convolution.py:70] - Arithmetic operations worker started for image 2 (PID 25088, breed: American Pit Bull Terrier)
2025-12-21 19:51:01 - image_processor - DEBUG - [abstract_image.py:141] - Addition operation started
2025-12-21 19:51:01 - image_processor - DEBUG - [abstract_image.py:129] - Converting grayscale to RGB (3 channels)
2025-12-21 19:51:01 - image_processor - DEBUG - [abstract_image.py:166] - Addition operation completed. Result shape: (256, 390, 3)
2025-12-21 19:51:01 - image_processor - DEBUG - [image_processing.py:24] - ImageProcessing instance created
2025-12-21 19:51:01 - image_processor - DEBUG - [abstract_image.py:35] - CatImage created: breed=American Eskimo Dog (Miniature)+processed, shape=(256, 390, 3), url=combined_American Eskimo Dog (Miniature)...
2025-12-21 19:51:01 - image_processor - DEBUG - [abstract_image.py:173] - Subtraction operation started
2025-12-21 19:51:01 - image_processor - DEBUG - [abstract_image.py:129] - Converting grayscale to RGB (3 channels)
2025-12-21 19:51:01 - image_processor - DEBUG - [abstract_image.py:166] - Addition operation completed. Result shape: (256, 390, 3)
2025-12-21 19:51:01 - image_processor - DEBUG - [image_processing.py:24] - ImageProcessing instance created
2025-12-21 19:51:01 - image_processor - DEBUG - [abstract_image.py:35] - CatImage created: breed=American Pit Bull Terrier+processed, shape=(256, 390, 3), url=combined_American Pit Bull Terrier...
2025-12-21 19:51:01 - image_processor - DEBUG - [abstract_image.py:173] - Subtraction operation started
2025-12-21 19:51:01 - image_processor - DEBUG - [abstract_image.py:129] - Converting grayscale to RGB (3 channels)
2025-12-21 19:51:01 - image_processor - DEBUG - [abstract_image.py:198] - Subtraction operation completed. Result shape: (256, 390, 3)
2025-12-21 19:51:01 - image_processor - DEBUG - [image_processing.py:24] - ImageProcessing instance created
2025-12-21 19:51:01 - image_processor - DEBUG - [abstract_image.py:35] - CatImage created: breed=American Eskimo Dog (Miniature)-processed, shape=(256, 390, 3), url=subtracted_American Eskimo Dog (Miniature)...
2025-12-21 19:51:01 - image_processor - DEBUG - [abstract_image.py:141] - Addition operation started
2025-12-21 19:51:01 - image_processor - DEBUG - [abstract_image.py:129] - Converting grayscale to RGB (3 channels)
2025-12-21 19:51:01 - image_processor - DEBUG - [abstract_image.py:198] - Subtraction operation completed. Result shape: (256, 390, 3)
2025-12-21 19:51:01 - image_processor - DEBUG - [image_processing.py:24] - ImageProcessing instance created
2025-12-21 19:51:01 - image_processor - DEBUG - [abstract_image.py:35] - CatImage created: breed=American Pit Bull Terrier-processed, shape=(256, 390, 3), url=subtracted_American Pit Bull Terrier...
2025-12-21 19:51:01 - image_processor - DEBUG - [abstract_image.py:141] - Addition operation started
2025-12-21 19:51:01 - image_processor - DEBUG - [abstract_image.py:129] - Converting grayscale to RGB (3 channels)
2025-12-21 19:51:01 - image_processor - DEBUG - [abstract_image.py:166] - Addition operation completed. Result shape: (256, 390, 3)
2025-12-21 19:51:01 - image_processor - DEBUG - [image_processing.py:24] - ImageProcessing instance created
2025-12-21 19:51:01 - image_processor - DEBUG - [abstract_image.py:35] - CatImage created: breed=American Eskimo Dog (Miniature)+processed, shape=(256, 390, 3), url=combined_American Eskimo Dog (Miniature)...
2025-12-21 19:51:01 - image_processor - DEBUG - [abstract_image.py:173] - Subtraction operation started
2025-12-21 19:51:01 - image_processor - DEBUG - [abstract_image.py:129] - Converting grayscale to RGB (3 channels)
2025-12-21 19:51:01 - image_processor - DEBUG - [abstract_image.py:198] - Subtraction operation completed. Result shape: (256, 390, 3)
2025-12-21 19:51:01 - image_processor - DEBUG - [image_processing.py:24] - ImageProcessing instance created
t shape: (256, 390, 3)
2025-12-21 19:51:01 - image_processor - DEBUG - [abstract_image.py:35] - CatImage created: breed=American Eskimo Dog (Miniature)-processed, shape=(256, 390, 3), url=subtracted_American Eskimo Dog (Miniature)...
2025-12-21 19:51:01 - image_processor - DEBUG - [image_processing.py:24] - ImageProcessing instance created
2025-12-21 19:51:01 - image_processor - DEBUG - [parallel_convolution.py:85] - Arithmetic operations worker finished for image 1 (PID 25096)
2025-12-21 19:51:01 - image_processor - DEBUG - [abstract_image.py:35] - CatImage created: breed=American Pit Bull Terrier+processed, shape=(256, 390, 3), url=combined_American Pit Bull Terrier...
2025-12-21 19:51:01 - image_processor - DEBUG - [abstract_image.py:173] - Subtraction operation started
2025-12-21 19:51:01 - image_processor - DEBUG - [abstract_image.py:129] - Converting grayscale to RGB (3 channels)
2025-12-21 19:51:01 - image_processor - DEBUG - [abstract_image.py:198] - Subtraction operation completed. Result shape: (256, 390, 3)
2025-12-21 19:51:01 - image_processor - DEBUG - [image_processing.py:24] - ImageProcessing instance created
2025-12-21 19:51:01 - image_processor - DEBUG - [abstract_image.py:35] - CatImage created: breed=American Pit Bull Terrier-processed, shape=(256, 390, 3), url=subtracted_American Pit Bull Terrier...
2025-12-21 19:51:01 - image_processor - DEBUG - [parallel_convolution.py:85] - Arithmetic operations worker finished for image 2 (PID 25088)
2025-12-21 19:51:01 - image_processor - DEBUG - [parallel_convolution.py:70] - Arithmetic operations worker started for image 3 (PID 25096, breed: Basset Bleu de Gascogne)
2025-12-21 19:51:01 - image_processor - DEBUG - [abstract_image.py:141] - Addition operation started
2025-12-21 19:51:01 - image_processor - DEBUG - [abstract_image.py:129] - Converting grayscale to RGB (3 channels)
2025-12-21 19:51:01 - image_processor - DEBUG - [abstract_image.py:166] - Addition operation completed. Result shape: (256, 390, 3)
2025-12-21 19:51:01 - image_processor - DEBUG - [image_processing.py:24] - ImageProcessing instance created
2025-12-21 19:51:01 - image_processor - DEBUG - [abstract_image.py:35] - CatImage created: breed=Basset Bleu de Gascogne+processed, shape=(256, 390, 3), url=combined_Basset Bleu de Gascogne...
2025-12-21 19:51:01 - image_processor - DEBUG - [parallel_convolution.py:70] - Arithmetic operations worker started for image 4 (PID 25088, breed: Basset Hound)
2025-12-21 19:51:01 - image_processor - DEBUG - [abstract_image.py:141] - Addition operation started
(3 channels)
2025-12-21 19:51:01 - image_processor - DEBUG - [abstract_image.py:129] - Converting grayscale to RGB (3 channels)
2025-12-21 19:51:01 - image_processor - DEBUG - [abstract_image.py:198] - Subtraction operation completed. Result shape: (256, 390, 3)
2025-12-21 19:51:01 - image_processor - DEBUG - [image_processing.py:24] - ImageProcessing instance created
2025-12-21 19:51:01 - image_processor - DEBUG - [abstract_image.py:35] - CatImage created: breed=Basset Bleu de Gascogne-processed, shape=(256, 390, 3), url=subtracted_Basset Bleu de Gascogne...
2025-12-21 19:51:01 - image_processor - DEBUG - [abstract_image.py:141] - Addition operation started
2025-12-21 19:51:01 - image_processor - DEBUG - [abstract_image.py:166] - Addition operation completed. Result shape: (256, 390, 3)
2025-12-21 19:51:01 - image_processor - DEBUG - [abstract_image.py:129] - Converting grayscale to RGB (3 channels)
2025-12-21 19:51:01 - image_processor - DEBUG - [image_processing.py:24] - ImageProcessing instance created
2025-12-21 19:51:01 - image_processor - DEBUG - [abstract_image.py:35] - CatImage created: breed=Basset Hound+processed, shape=(256, 390, 3), url=combined_Basset Hound...
2025-12-21 19:51:01 - image_processor - DEBUG - [abstract_image.py:173] - Subtraction operation started
2025-12-21 19:51:01 - image_processor - DEBUG - [abstract_image.py:129] - Converting grayscale to RGB (3 channels)
2025-12-21 19:51:01 - image_processor - DEBUG - [abstract_image.py:166] - Addition operation completed. Result shape: (256, 390, 3)
2025-12-21 19:51:01 - image_processor - DEBUG - [image_processing.py:24] - ImageProcessing instance created
2025-12-21 19:51:01 - image_processor - DEBUG - [abstract_image.py:35] - CatImage created: breed=Basset Bleu de Gascogne+processed, shape=(256, 390, 3), url=combined_Basset Bleu de Gascogne...
2025-12-21 19:51:01 - image_processor - DEBUG - [abstract_image.py:173] - Subtraction operation started
2025-12-21 19:51:01 - image_processor - DEBUG - [abstract_image.py:129] - Converting grayscale to RGB (3 channels)
2025-12-21 19:51:01 - image_processor - DEBUG - [abstract_image.py:198] - Subtraction operation completed. Result shape: (256, 390, 3)
2025-12-21 19:51:01 - image_processor - DEBUG - [image_processing.py:24] - ImageProcessing instance created
2025-12-21 19:51:01 - image_processor - DEBUG - [abstract_image.py:35] - CatImage created: breed=Basset Hound-processed, shape=(256, 390, 3), url=subtracted_Basset Hound...
2025-12-21 19:51:01 - image_processor - DEBUG - [abstract_image.py:141] - Addition operation started
2025-12-21 19:51:01 - image_processor - DEBUG - [abstract_image.py:129] - Converting grayscale to RGB (3 channels)
2025-12-21 19:51:01 - image_processor - DEBUG - [parallel_convolution.py:70] - Arithmetic operations worker started for image 5 (PID 25224, breed: Cairn Terrier)
2025-12-21 19:51:01 - image_processor - DEBUG - [abstract_image.py:141] - Addition operation started
2025-12-21 19:51:01 - image_processor - DEBUG - [abstract_image.py:129] - Converting grayscale to RGB (3 channels)
2025-12-21 19:51:01 - image_processor - DEBUG - [abstract_image.py:198] - Subtraction operation completed. Result shape: (256, 390, 3)
2025-12-21 19:51:01 - image_processor - DEBUG - [image_processing.py:24] - ImageProcessing instance created
2025-12-21 19:51:01 - image_processor - DEBUG - [abstract_image.py:35] - CatImage created: breed=Basset Bleu de Gascogne-processed, shape=(256, 390, 3), url=subtracted_Basset Bleu de Gascogne...
2025-12-21 19:51:01 - image_processor - DEBUG - [parallel_convolution.py:85] - Arithmetic operations worker finished for image 3 (PID 25096)
2025-12-21 19:51:01 - image_processor - DEBUG - [abstract_image.py:166] - Addition operation completed. Result shape: (256, 390, 3)
2025-12-21 19:51:01 - image_processor - DEBUG - [image_processing.py:24] - ImageProcessing instance created
2025-12-21 19:51:01 - image_processor - DEBUG - [abstract_image.py:35] - CatImage created: breed=Cairn Terrier+processed, shape=(256, 390, 3), url=combined_Cairn Terrier...
2025-12-21 19:51:01 - image_processor - DEBUG - [abstract_image.py:166] - Addition operation completed. Result shape: (256, 390, 3)
2025-12-21 19:51:01 - image_processor - DEBUG - [abstract_image.py:173] - Subtraction operation started
2025-12-21 19:51:01 - image_processor - DEBUG - [abstract_image.py:129] - Converting grayscale to RGB (3 channels)
2025-12-21 19:51:01 - image_processor - DEBUG - [abstract_image.py:35] - CatImage created: breed=Basset Hound+processed, shape=(256, 390, 3), url=combined_Basset Hound...
2025-12-21 19:51:01 - image_processor - DEBUG - [abstract_image.py:173] - Subtraction operation started
2025-12-21 19:51:01 - image_processor - DEBUG - [abstract_image.py:129] - Converting grayscale to RGB (3 channels)
2025-12-21 19:51:01 - image_processor - DEBUG - [abstract_image.py:198] - Subtraction operation completed. Result shape: (256, 390, 3)
2025-12-21 19:51:01 - image_processor - DEBUG - [image_processing.py:24] - ImageProcessing instance created
2025-12-21 19:51:01 - image_processor - DEBUG - [abstract_image.py:35] - CatImage created: breed=Cairn Terrier-processed, shape=(256, 390, 3), url=subtracted_Cairn Terrier...
2025-12-21 19:51:01 - image_processor - DEBUG - [abstract_image.py:141] - Addition operation started
2025-12-21 19:51:01 - image_processor - DEBUG - [abstract_image.py:129] - Converting grayscale to RGB (3 channels)
2025-12-21 19:51:01 - image_processor - DEBUG - [abstract_image.py:198] - Subtraction operation completed. Result shape: (256, 390, 3)
2025-12-21 19:51:01 - image_processor - DEBUG - [image_processing.py:24] - ImageProcessing instance created
2025-12-21 19:51:01 - image_processor - DEBUG - [abstract_image.py:35] - CatImage created: breed=Basset Hound-processed, shape=(256, 390, 3), url=subtracted_Basset Hound...
2025-12-21 19:51:01 - image_processor - DEBUG - [parallel_convolution.py:85] - Arithmetic operations worker finished for image 4 (PID 25088)
2025-12-21 19:51:01 - image_processor - DEBUG - [abstract_image.py:166] - Addition operation completed. Result shape: (256, 390, 3)
2025-12-21 19:51:01 - image_processor - DEBUG - [image_processing.py:24] - ImageProcessing instance created
2025-12-21 19:51:01 - image_processor - DEBUG - [abstract_image.py:35] - CatImage created: breed=Cairn Terrier+processed, shape=(256, 390, 3), url=combined_Cairn Terrier...
2025-12-21 19:51:01 - image_processor - DEBUG - [abstract_image.py:173] - Subtraction operation started
2025-12-21 19:51:01 - image_processor - DEBUG - [abstract_image.py:129] - Converting grayscale to RGB (3 channels)
2025-12-21 19:51:01 - image_processor - DEBUG - [abstract_image.py:198] - Subtraction operation completed. Result shape: (256, 390, 3)
2025-12-21 19:51:01 - image_processor - DEBUG - [image_processing.py:24] - ImageProcessing instance created
2025-12-21 19:51:01 - image_processor - DEBUG - [abstract_image.py:35] - CatImage created: breed=Cairn Terrier-processed, shape=(256, 390, 3), url=subtracted_Cairn Terrier...
2025-12-21 19:51:01 - image_processor - DEBUG - [parallel_convolution.py:85] - Arithmetic operations worker finished for image 5 (PID 25224)
2025-12-21 19:51:01 - image_processor - INFO - [parallel_convolution.py:193] - Parallel arithmetic operations completed for 5 images
2025-12-21 19:51:01 - image_processor - DEBUG - [async_pipeline.py:124] - Arithmetic operations completed
2025-12-21 19:51:01 - image_processor - DEBUG - [async_pipeline.py:152] - Chunk processed: 5 images with all operations completed
2025-12-21 19:51:01 - image_processor - DEBUG - [async_pipeline.py:187] - Saving image 1 (American Eskimo Dog (Miniature))
2025-12-21 19:51:01 - image_processor - DEBUG - [async_pipeline.py:187] - Saving image 2 (American Pit Bull Terrier)
2025-12-21 19:51:01 - image_processor - DEBUG - [async_pipeline.py:187] - Saving image 3 (Basset Bleu de Gascogne)
2025-12-21 19:51:01 - image_processor - DEBUG - [async_pipeline.py:187] - Saving image 4 (Basset Hound)
2025-12-21 19:51:01 - image_processor - DEBUG - [async_pipeline.py:187] - Saving image 5 (Cairn Terrier)
2025-12-21 19:51:01 - image_processor - DEBUG - [async_pipeline.py:203] - Image 1 saved (3 files)
2025-12-21 19:51:01 - image_processor - DEBUG - [async_pipeline.py:203] - Image 2 saved (3 files)
2025-12-21 19:51:01 - image_processor - DEBUG - [async_pipeline.py:203] - Image 3 saved (3 files)
2025-12-21 19:51:01 - image_processor - DEBUG - [async_pipeline.py:203] - Image 5 saved (3 files)
2025-12-21 19:51:01 - image_processor - DEBUG - [async_pipeline.py:203] - Image 4 saved (3 files)
2025-12-21 19:51:01 - image_processor - INFO - [async_pipeline.py:70] - Processing chunk 2/10: images 6 to 10
2025-12-21 19:51:01 - image_processor - INFO - [async_image_processor.py:144] - Starting parallel download of 5 images
2025-12-21 19:51:01 - image_processor - DEBUG - [async_image_processor.py:113] - Downloading image 6 (breed: Chinook)
2025-12-21 19:51:01 - image_processor - DEBUG - [async_image_processor.py:113] - Downloading image 7 (breed: German Pinscher)
2025-12-21 19:51:01 - image_processor - DEBUG - [async_image_processor.py:113] - Downloading image 8 (breed: Great Pyrenees)
2025-12-21 19:51:01 - image_processor - DEBUG - [async_image_processor.py:113] - Downloading image 9 (breed: Griffon Bruxellois)
2025-12-21 19:51:01 - image_processor - DEBUG - [async_image_processor.py:113] - Downloading image 10 (breed: Harrier)
2025-12-21 19:51:03 - image_processor - DEBUG - [async_image_processor.py:131] - Image 10 downloaded successfully (shape: (256, 390, 3))
2025-12-21 19:51:03 - image_processor - DEBUG - [async_image_processor.py:131] - Image 7 downloaded successfully (shape: (256, 390, 3))
2025-12-21 19:51:03 - image_processor - DEBUG - [async_image_processor.py:131] - Image 6 downloaded successfully (shape: (256, 390, 3))
2025-12-21 19:51:03 - image_processor - DEBUG - [async_image_processor.py:131] - Image 9 downloaded successfully (shape: (256, 390, 3))
2025-12-21 19:51:03 - image_processor - DEBUG - [async_image_processor.py:131] - Image 8 downloaded successfully (shape: (256, 390, 3))
2025-12-21 19:51:03 - image_processor - INFO - [async_image_processor.py:155] - Parallel download completed: 5/5 successful
2025-12-21 19:51:03 - image_processor - DEBUG - [async_image_processor.py:163] - Creating image objects from 5 metadata entries
2025-12-21 19:51:03 - image_processor - DEBUG - [image_processing.py:24] - ImageProcessing instance created
2025-12-21 19:51:03 - image_processor - DEBUG - [abstract_image.py:35] - CatImage created: breed=Chinook, shape=(256, 390, 3), url=https://cdn2.thedogapi.com/images/Sypubg54Q_390x25...
2025-12-21 19:51:03 - image_processor - DEBUG - [async_image_processor.py:184] - Image object created for index 6 (breed: Chinook)
2025-12-21 19:51:03 - image_processor - DEBUG - [image_processing.py:24] - ImageProcessing instance created
2025-12-21 19:51:03 - image_processor - DEBUG - [abstract_image.py:35] - CatImage created: breed=German Pinscher, shape=(256, 390, 3), url=https://cdn2.thedogapi.com/images/B1u4zgqE7_390x25...
2025-12-21 19:51:03 - image_processor - DEBUG - [async_image_processor.py:184] - Image object created for index 7 (breed: German Pinscher)
2025-12-21 19:51:03 - image_processor - DEBUG - [image_processing.py:24] - ImageProcessing instance created
2025-12-21 19:51:03 - image_processor - DEBUG - [abstract_image.py:35] - CatImage created: breed=Great Pyrenees, shape=(256, 390, 3), url=https://cdn2.thedogapi.com/images/B12uzg9V7_390x25...
2025-12-21 19:51:03 - image_processor - DEBUG - [async_image_processor.py:184] - Image object created for index 8 (breed: Great Pyrenees)
2025-12-21 19:51:03 - image_processor - DEBUG - [image_processing.py:24] - ImageProcessing instance created
2025-12-21 19:51:03 - image_processor - DEBUG - [abstract_image.py:35] - CatImage created: breed=Griffon Bruxellois, shape=(256, 390, 3), url=https://cdn2.thedogapi.com/images/ryoYGec4Q_390x25...
2025-12-21 19:51:03 - image_processor - DEBUG - [async_image_processor.py:184] - Image object created for index 9 (breed: Griffon Bruxellois)
2025-12-21 19:51:03 - image_processor - DEBUG - [image_processing.py:24] - ImageProcessing instance created
2025-12-21 19:51:03 - image_processor - DEBUG - [abstract_image.py:35] - CatImage created: breed=Harrier, shape=(256, 390, 3), url=https://cdn2.thedogapi.com/images/B1IcfgqE7_390x25...
2025-12-21 19:51:03 - image_processor - DEBUG - [async_image_processor.py:184] - Image object created for index 10 (breed: Harrier)
2025-12-21 19:51:03 - image_processor - INFO - [async_image_processor.py:186] - Created 5 image objects
2025-12-21 19:51:03 - image_processor - DEBUG - [async_pipeline.py:76] - Chunk 2: 5 images ready for processing
2025-12-21 19:51:03 - image_processor - DEBUG - [async_pipeline.py:95] - Processing chunk of 5 images
2025-12-21 19:51:03 - image_processor - INFO - [parallel_convolution.py:127] - Starting parallel custom edge detection for 5 images
2025-12-21 19:51:03 - image_processor - INFO - [parallel_convolution.py:144] - Starting parallel library edge detection for 5 images
2025-12-21 19:51:05 - image_processor - DEBUG - [parallel_convolution.py:28] - Convolution worker started for image 6 (PID 14036, breed: Chinook)
2025-12-21 19:51:05 - image_processor - DEBUG - [image_processing.py:24] - ImageProcessing instance created
2025-12-21 19:51:05 - image_processor - DEBUG - [image_processing.py:120] - Edge detection (Canny) started
2025-12-21 19:51:05 - image_processor - DEBUG - [image_processing.py:46] - RGB to grayscale conversion started. Image shape: (256, 390, 3)
2025-12-21 19:51:05 - image_processor - DEBUG - [parallel_convolution.py:48] - Library edge detection worker started for image 6 (PID 17812, breed: Chinook)
2025-12-21 19:51:05 - image_processor - DEBUG - [image_processing.py:24] - ImageProcessing instance created
2025-12-21 19:51:05 - image_processor - DEBUG - [image_processing.py:120] - Edge detection (Canny) started
2025-12-21 19:51:05 - image_processor - DEBUG - [image_processing.py:46] - RGB to grayscale conversion started. Image shape: (256, 390, 3)
2025-12-21 19:51:05 - image_processor - DEBUG - [image_processing.py:53] - RGB to grayscale conversion completed. Result shape: (256, 390)
2025-12-21 19:51:05 - image_processor - DEBUG - [image_processing.py:30] - Convolution started. Image shape: (256, 390), kernel shape: (3, 3)
2025-12-21 19:51:05 - image_processor - DEBUG - [image_processing.py:36] - Convolution completed in 0.0018 seconds
2025-12-21 19:51:05 - image_processor - DEBUG - [image_processing.py:30] - Convolution started. Image shape: (256, 390), kernel shape: (3, 3)
2025-12-21 19:51:05 - image_processor - DEBUG - [image_processing.py:53] - RGB to grayscale conversion completed. Result shape: (256, 390)
2025-12-21 19:51:05 - image_processor - DEBUG - [image_processing.py:30] - Convolution started. Image shape: (256, 390), kernel shape: (3, 3)
2025-12-21 19:51:05 - image_processor - DEBUG - [image_processing.py:36] - Convolution completed in 0.0015 seconds
2025-12-21 19:51:05 - image_processor - DEBUG - [image_processing.py:36] - Convolution completed in 0.0019 seconds
2025-12-21 19:51:05 - image_processor - DEBUG - [image_processing.py:30] - Convolution started. Image shape: (256, 390), kernel shape: (3, 3)
2025-12-21 19:51:05 - image_processor - DEBUG - [image_processing.py:91] - Non-maximum suppression started
2025-12-21 19:51:05 - image_processor - DEBUG - [image_processing.py:36] - Convolution completed in 0.0016 seconds
2025-12-21 19:51:05 - image_processor - DEBUG - [image_processing.py:91] - Non-maximum suppression started
2025-12-21 19:51:05 - image_processor - DEBUG - [parallel_convolution.py:28] - Convolution worker started for image 7 (PID 10680, breed: German Pinscher)
2025-12-21 19:51:05 - image_processor - DEBUG - [image_processing.py:24] - ImageProcessing instance created
2025-12-21 19:51:05 - image_processor - DEBUG - [image_processing.py:120] - Edge detection (Canny) started
2025-12-21 19:51:05 - image_processor - DEBUG - [image_processing.py:46] - RGB to grayscale conversion started. Image shape: (256, 390, 3)
2025-12-21 19:51:05 - image_processor - DEBUG - [parallel_convolution.py:48] - Library edge detection worker started for image 7 (PID 22680, breed: German Pinscher)
2025-12-21 19:51:05 - image_processor - DEBUG - [image_processing.py:24] - ImageProcessing instance created
2025-12-21 19:51:05 - image_processor - DEBUG - [image_processing.py:120] - Edge detection (Canny) started
2025-12-21 19:51:05 - image_processor - DEBUG - [image_processing.py:46] - RGB to grayscale conversion started. Image shape: (256, 390, 3)
2025-12-21 19:51:05 - image_processor - DEBUG - [image_processing.py:53] - RGB to grayscale conversion completed. Result shape: (256, 390)
2025-12-21 19:51:05 - image_processor - DEBUG - [image_processing.py:30] - Convolution started. Image shape: (256, 390), kernel shape: (3, 3)
2025-12-21 19:51:05 - image_processor - DEBUG - [image_processing.py:53] - RGB to grayscale conversion completed. Result shape: (256, 390)
2025-12-21 19:51:05 - image_processor - DEBUG - [image_processing.py:30] - Convolution started. Image shape: (256, 390), kernel shape: (3, 3)
2025-12-21 19:51:05 - image_processor - DEBUG - [image_processing.py:36] - Convolution completed in 0.0017 seconds
2025-12-21 19:51:05 - image_processor - DEBUG - [image_processing.py:30] - Convolution started. Image shape: (256, 390), kernel shape: (3, 3)
2025-12-21 19:51:05 - image_processor - DEBUG - [image_processing.py:36] - Convolution completed in 0.0018 seconds
2025-12-21 19:51:05 - image_processor - DEBUG - [image_processing.py:30] - Convolution started. Image shape: (256, 390), kernel shape: (3, 3)
2025-12-21 19:51:05 - image_processor - DEBUG - [image_processing.py:36] - Convolution completed in 0.0016 seconds
2025-12-21 19:51:05 - image_processor - DEBUG - [image_processing.py:36] - Convolution completed in 0.0016 seconds
2025-12-21 19:51:05 - image_processor - DEBUG - [image_processing.py:91] - Non-maximum suppression started
2025-12-21 19:51:05 - image_processor - DEBUG - [image_processing.py:91] - Non-maximum suppression started
2025-12-21 19:51:05 - image_processor - DEBUG - [image_processing.py:113] - Non-maximum suppression completed
2025-12-21 19:51:05 - image_processor - DEBUG - [image_processing.py:139] - Edge detection completed in 0.1702 seconds
2025-12-21 19:51:05 - image_processor - DEBUG - [parallel_convolution.py:33] - Convolution worker finished for image 6 (PID 14036)
2025-12-21 19:51:05 - image_processor - DEBUG - [parallel_convolution.py:28] - Convolution worker started for image 8 (PID 14036, breed: Great Pyrenees)
2025-12-21 19:51:05 - image_processor - DEBUG - [image_processing.py:24] - ImageProcessing instance created
2025-12-21 19:51:05 - image_processor - DEBUG - [image_processing.py:120] - Edge detection (Canny) started
2025-12-21 19:51:05 - image_processor - DEBUG - [image_processing.py:46] - RGB to grayscale conversion started. Image shape: (256, 390, 3)
2025-12-21 19:51:05 - image_processor - DEBUG - [image_processing.py:113] - Non-maximum suppression completed
2025-12-21 19:51:05 - image_processor - DEBUG - [image_processing.py:139] - Edge detection completed in 0.1711 seconds
2025-12-21 19:51:05 - image_processor - DEBUG - [parallel_convolution.py:53] - Library edge detection worker finished for image 6 (PID 17812)
2025-12-21 19:51:05 - image_processor - DEBUG - [parallel_convolution.py:48] - Library edge detection worker started for image 8 (PID 17812, breed: Great Pyrenees)
2025-12-21 19:51:05 - image_processor - DEBUG - [image_processing.py:24] - ImageProcessing instance created
2025-12-21 19:51:05 - image_processor - DEBUG - [image_processing.py:120] - Edge detection (Canny) started
2025-12-21 19:51:05 - image_processor - DEBUG - [image_processing.py:46] - RGB to grayscale conversion started. Image shape: (256, 390, 3)
2025-12-21 19:51:05 - image_processor - DEBUG - [image_processing.py:53] - RGB to grayscale conversion completed. Result shape: (256, 390)
2025-12-21 19:51:05 - image_processor - DEBUG - [image_processing.py:30] - Convolution started. Image shape: (256, 390), kernel shape: (3, 3)
2025-12-21 19:51:05 - image_processor - DEBUG - [image_processing.py:36] - Convolution completed in 0.0016 seconds
2025-12-21 19:51:05 - image_processor - DEBUG - [image_processing.py:30] - Convolution started. Image shape: (256, 390), kernel shape: (3, 3)
2025-12-21 19:51:05 - image_processor - DEBUG - [image_processing.py:53] - RGB to grayscale conversion completed. Result shape: (256, 390)
2025-12-21 19:51:05 - image_processor - DEBUG - [image_processing.py:36] - Convolution completed in 0.0016 seconds
2025-12-21 19:51:05 - image_processor - DEBUG - [image_processing.py:30] - Convolution started. Image shape: (256, 390), kernel shape: (3, 3)
2025-12-21 19:51:05 - image_processor - DEBUG - [image_processing.py:91] - Non-maximum suppression started
2025-12-21 19:51:05 - image_processor - DEBUG - [image_processing.py:36] - Convolution completed in 0.0018 seconds
2025-12-21 19:51:05 - image_processor - DEBUG - [image_processing.py:30] - Convolution started. Image shape: (256, 390), kernel shape: (3, 3)
2025-12-21 19:51:05 - image_processor - DEBUG - [image_processing.py:36] - Convolution completed in 0.0019 seconds
2025-12-21 19:51:05 - image_processor - DEBUG - [image_processing.py:91] - Non-maximum suppression started
2025-12-21 19:51:05 - image_processor - DEBUG - [image_processing.py:113] - Non-maximum suppression completed
2025-12-21 19:51:05 - image_processor - DEBUG - [image_processing.py:139] - Edge detection completed in 0.1629 seconds
2025-12-21 19:51:05 - image_processor - DEBUG - [parallel_convolution.py:53] - Library edge detection worker finished for image 7 (PID 22680)
2025-12-21 19:51:05 - image_processor - DEBUG - [parallel_convolution.py:48] - Library edge detection worker started for image 9 (PID 22680, breed: Griffon Bruxellois)
2025-12-21 19:51:05 - image_processor - DEBUG - [image_processing.py:24] - ImageProcessing instance created
2025-12-21 19:51:05 - image_processor - DEBUG - [image_processing.py:120] - Edge detection (Canny) started
2025-12-21 19:51:05 - image_processor - DEBUG - [image_processing.py:46] - RGB to grayscale conversion started. Image shape: (256, 390, 3)
2025-12-21 19:51:05 - image_processor - DEBUG - [image_processing.py:113] - Non-maximum suppression completed
2025-12-21 19:51:05 - image_processor - DEBUG - [image_processing.py:139] - Edge detection completed in 0.1656 seconds
2025-12-21 19:51:05 - image_processor - DEBUG - [parallel_convolution.py:33] - Convolution worker finished for image 7 (PID 10680)
2025-12-21 19:51:05 - image_processor - DEBUG - [parallel_convolution.py:28] - Convolution worker started for image 9 (PID 10680, breed: Griffon Bruxellois)
2025-12-21 19:51:05 - image_processor - DEBUG - [image_processing.py:24] - ImageProcessing instance created
2025-12-21 19:51:05 - image_processor - DEBUG - [image_processing.py:120] - Edge detection (Canny) started
2025-12-21 19:51:05 - image_processor - DEBUG - [image_processing.py:46] - RGB to grayscale conversion started. Image shape: (256, 390, 3)
2025-12-21 19:51:05 - image_processor - DEBUG - [image_processing.py:53] - RGB to grayscale conversion completed. Result shape: (256, 390)
2025-12-21 19:51:05 - image_processor - DEBUG - [image_processing.py:30] - Convolution started. Image shape: (256, 390), kernel shape: (3, 3)
2025-12-21 19:51:05 - image_processor - DEBUG - [parallel_convolution.py:48] - Library edge detection worker started for image 10 (PID 21212, breed: Harrier)
2025-12-21 19:51:05 - image_processor - DEBUG - [image_processing.py:24] - ImageProcessing instance created
2025-12-21 19:51:05 - image_processor - DEBUG - [image_processing.py:120] - Edge detection (Canny) started
2025-12-21 19:51:05 - image_processor - DEBUG - [image_processing.py:46] - RGB to grayscale conversion started. Image shape: (256, 390, 3)
2025-12-21 19:51:05 - image_processor - DEBUG - [parallel_convolution.py:28] - Convolution worker started for image 10 (PID 22612, breed: Harrier)
2025-12-21 19:51:05 - image_processor - DEBUG - [image_processing.py:24] - ImageProcessing instance created
2025-12-21 19:51:05 - image_processor - DEBUG - [image_processing.py:120] - Edge detection (Canny) started
2025-12-21 19:51:05 - image_processor - DEBUG - [image_processing.py:46] - RGB to grayscale conversion started. Image shape: (256, 390, 3)
2025-12-21 19:51:05 - image_processor - DEBUG - [image_processing.py:36] - Convolution completed in 0.0016 seconds
2025-12-21 19:51:05 - image_processor - DEBUG - [image_processing.py:30] - Convolution started. Image shape: (256, 390), kernel shape: (3, 3)
2025-12-21 19:51:05 - image_processor - DEBUG - [image_processing.py:53] - RGB to grayscale conversion completed. Result shape: (256, 390)
2025-12-21 19:51:05 - image_processor - DEBUG - [image_processing.py:30] - Convolution started. Image shape: (256, 390), kernel shape: (3, 3)
2025-12-21 19:51:05 - image_processor - DEBUG - [image_processing.py:36] - Convolution completed in 0.0016 seconds
2025-12-21 19:51:05 - image_processor - DEBUG - [image_processing.py:36] - Convolution completed in 0.0015 seconds
2025-12-21 19:51:05 - image_processor - DEBUG - [image_processing.py:30] - Convolution started. Image shape: (256, 390), kernel shape: (3, 3)
2025-12-21 19:51:05 - image_processor - DEBUG - [image_processing.py:53] - RGB to grayscale conversion completed. Result shape: (256, 390)
2025-12-21 19:51:05 - image_processor - DEBUG - [image_processing.py:30] - Convolution started. Image shape: (256, 390), kernel shape: (3, 3)
2025-12-21 19:51:05 - image_processor - DEBUG - [image_processing.py:36] - Convolution completed in 0.0015 seconds
2025-12-21 19:51:05 - image_processor - DEBUG - [image_processing.py:53] - RGB to grayscale conversion completed. Result shape: (256, 390)
2025-12-21 19:51:05 - image_processor - DEBUG - [image_processing.py:30] - Convolution started. Image shape: (256, 390), kernel shape: (3, 3)
2025-12-21 19:51:05 - image_processor - DEBUG - [image_processing.py:91] - Non-maximum suppression started
2025-12-21 19:51:05 - image_processor - DEBUG - [image_processing.py:36] - Convolution completed in 0.0019 seconds
2025-12-21 19:51:05 - image_processor - DEBUG - [image_processing.py:30] - Convolution started. Image shape: (256, 390), kernel shape: (3, 3)
2025-12-21 19:51:05 - image_processor - DEBUG - [image_processing.py:36] - Convolution completed in 0.0017 seconds
2025-12-21 19:51:05 - image_processor - DEBUG - [image_processing.py:30] - Convolution started. Image shape: (256, 390), kernel shape: (3, 3)
2025-12-21 19:51:05 - image_processor - DEBUG - [image_processing.py:91] - Non-maximum suppression started
2025-12-21 19:51:05 - image_processor - DEBUG - [image_processing.py:36] - Convolution completed in 0.0020 seconds
2025-12-21 19:51:05 - image_processor - DEBUG - [image_processing.py:36] - Convolution completed in 0.0017 seconds
2025-12-21 19:51:05 - image_processor - DEBUG - [image_processing.py:91] - Non-maximum suppression started
2025-12-21 19:51:05 - image_processor - DEBUG - [image_processing.py:91] - Non-maximum suppression started
2025-12-21 19:51:05 - image_processor - DEBUG - [image_processing.py:113] - Non-maximum suppression completed
2025-12-21 19:51:05 - image_processor - DEBUG - [image_processing.py:139] - Edge detection completed in 0.1625 seconds
2025-12-21 19:51:05 - image_processor - DEBUG - [parallel_convolution.py:33] - Convolution worker finished for image 8 (PID 14036)
2025-12-21 19:51:05 - image_processor - DEBUG - [image_processing.py:113] - Non-maximum suppression completed
2025-12-21 19:51:05 - image_processor - DEBUG - [image_processing.py:139] - Edge detection completed in 0.1749 seconds
2025-12-21 19:51:05 - image_processor - DEBUG - [parallel_convolution.py:53] - Library edge detection worker finished for image 8 (PID 17812)
2025-12-21 19:51:05 - image_processor - DEBUG - [image_processing.py:113] - Non-maximum suppression completed
2025-12-21 19:51:05 - image_processor - DEBUG - [image_processing.py:139] - Edge detection completed in 0.1605 seconds
2025-12-21 19:51:05 - image_processor - DEBUG - [parallel_convolution.py:33] - Convolution worker finished for image 9 (PID 10680)
2025-12-21 19:51:05 - image_processor - DEBUG - [image_processing.py:113] - Non-maximum suppression completed
2025-12-21 19:51:05 - image_processor - DEBUG - [image_processing.py:139] - Edge detection completed in 0.1641 seconds
2025-12-21 19:51:05 - image_processor - DEBUG - [parallel_convolution.py:33] - Convolution worker finished for image 10 (PID 22612)
2025-12-21 19:51:05 - image_processor - DEBUG - [image_processing.py:113] - Non-maximum suppression completed
2025-12-21 19:51:05 - image_processor - DEBUG - [image_processing.py:139] - Edge detection completed in 0.1661 seconds
2025-12-21 19:51:05 - image_processor - DEBUG - [parallel_convolution.py:53] - Library edge detection worker finished for image 10 (PID 21212)
2025-12-21 19:51:05 - image_processor - DEBUG - [image_processing.py:113] - Non-maximum suppression completed
2025-12-21 19:51:05 - image_processor - DEBUG - [image_processing.py:139] - Edge detection completed in 0.1792 seconds
2025-12-21 19:51:05 - image_processor - DEBUG - [parallel_convolution.py:53] - Library edge detection worker finished for image 9 (PID 22680)
2025-12-21 19:51:05 - image_processor - INFO - [parallel_convolution.py:137] - Parallel custom edge detection completed for 5 images
2025-12-21 19:51:05 - image_processor - INFO - [parallel_convolution.py:154] - Parallel library edge detection completed for 5 images
2025-12-21 19:51:05 - image_processor - DEBUG - [async_pipeline.py:113] - Edge detection completed
2025-12-21 19:51:05 - image_processor - INFO - [parallel_convolution.py:166] - Starting parallel arithmetic operations for 5 images
2025-12-21 19:51:06 - image_processor - DEBUG - [parallel_convolution.py:70] - Arithmetic operations worker started for image 6 (PID 25288, breed: Chinook)
2025-12-21 19:51:06 - image_processor - DEBUG - [abstract_image.py:141] - Addition operation started
2025-12-21 19:51:06 - image_processor - DEBUG - [abstract_image.py:129] - Converting grayscale to RGB (3 channels)
2025-12-21 19:51:06 - image_processor - DEBUG - [abstract_image.py:166] - Addition operation completed. Result shape: (256, 390, 3)
2025-12-21 19:51:06 - image_processor - DEBUG - [image_processing.py:24] - ImageProcessing instance created
2025-12-21 19:51:06 - image_processor - DEBUG - [abstract_image.py:35] - CatImage created: breed=Chinook+processed, shape=(256, 390, 3), url=combined_Chinook...
2025-12-21 19:51:06 - image_processor - DEBUG - [abstract_image.py:173] - Subtraction operation started
2025-12-21 19:51:06 - image_processor - DEBUG - [abstract_image.py:129] - Converting grayscale to RGB (3 channels)
2025-12-21 19:51:06 - image_processor - DEBUG - [parallel_convolution.py:70] - Arithmetic operations worker started for image 7 (PID 17540, breed: German Pinscher)
2025-12-21 19:51:06 - image_processor - DEBUG - [abstract_image.py:141] - Addition operation started
2025-12-21 19:51:06 - image_processor - DEBUG - [abstract_image.py:129] - Converting grayscale to RGB (3 channels)
2025-12-21 19:51:06 - image_processor - DEBUG - [abstract_image.py:198] - Subtraction operation completed. Result shape: (256, 390, 3)
2025-12-21 19:51:06 - image_processor - DEBUG - [image_processing.py:24] - ImageProcessing instance created
2025-12-21 19:51:06 - image_processor - DEBUG - [abstract_image.py:35] - CatImage created: breed=Chinook-processed, shape=(256, 390, 3), url=subtracted_Chinook...
2025-12-21 19:51:06 - image_processor - DEBUG - [abstract_image.py:141] - Addition operation started
2025-12-21 19:51:06 - image_processor - DEBUG - [abstract_image.py:129] - Converting grayscale to RGB (3 channels)
2025-12-21 19:51:06 - image_processor - DEBUG - [abstract_image.py:166] - Addition operation completed. Result shape: (256, 390, 3)
2025-12-21 19:51:06 - image_processor - DEBUG - [image_processing.py:24] - ImageProcessing instance created
2025-12-21 19:51:06 - image_processor - DEBUG - [abstract_image.py:35] - CatImage created: breed=German Pinscher+processed, shape=(256, 390, 3), url=combined_German Pinscher...
2025-12-21 19:51:06 - image_processor - DEBUG - [abstract_image.py:173] - Subtraction operation started
2025-12-21 19:51:06 - image_processor - DEBUG - [abstract_image.py:129] - Converting grayscale to RGB (3 channels)
2025-12-21 19:51:06 - image_processor - DEBUG - [abstract_image.py:166] - Addition operation completed. Result shape: (256, 390, 3)
2025-12-21 19:51:06 - image_processor - DEBUG - [image_processing.py:24] - ImageProcessing instance created
2025-12-21 19:51:06 - image_processor - DEBUG - [abstract_image.py:35] - CatImage created: breed=Chinook+processed, shape=(256, 390, 3), url=combined_Chinook...
2025-12-21 19:51:06 - image_processor - DEBUG - [abstract_image.py:173] - Subtraction operation started
2025-12-21 19:51:06 - image_processor - DEBUG - [abstract_image.py:129] - Converting grayscale to RGB (3 channels)
2025-12-21 19:51:06 - image_processor - DEBUG - [abstract_image.py:198] - Subtraction operation completed. Result shape: (256, 390, 3)
2025-12-21 19:51:06 - image_processor - DEBUG - [image_processing.py:24] - ImageProcessing instance created
2025-12-21 19:51:06 - image_processor - DEBUG - [abstract_image.py:35] - CatImage created: breed=German Pinscher-processed, shape=(256, 390, 3), url=subtracted_German Pinscher...
2025-12-21 19:51:06 - image_processor - DEBUG - [abstract_image.py:141] - Addition operation started
2025-12-21 19:51:06 - image_processor - DEBUG - [abstract_image.py:129] - Converting grayscale to RGB (3 channels)
2025-12-21 19:51:06 - image_processor - DEBUG - [abstract_image.py:198] - Subtraction operation completed. Result shape: (256, 390, 3)
2025-12-21 19:51:06 - image_processor - DEBUG - [image_processing.py:24] - ImageProcessing instance created
2025-12-21 19:51:06 - image_processor - DEBUG - [abstract_image.py:35] - CatImage created: breed=Chinook-processed, shape=(256, 390, 3), url=subtracted_Chinook...
2025-12-21 19:51:06 - image_processor - DEBUG - [parallel_convolution.py:85] - Arithmetic operations worker finished for image 6 (PID 25288)
2025-12-21 19:51:06 - image_processor - DEBUG - [abstract_image.py:166] - Addition operation completed. Result shape: (256, 390, 3)
2025-12-21 19:51:06 - image_processor - DEBUG - [image_processing.py:24] - ImageProcessing instance created
2025-12-21 19:51:06 - image_processor - DEBUG - [abstract_image.py:35] - CatImage created: breed=German Pinscher+processed, shape=(256, 390, 3), url=combined_German Pinscher...
2025-12-21 19:51:06 - image_processor - DEBUG - [abstract_image.py:173] - Subtraction operation started
2025-12-21 19:51:06 - image_processor - DEBUG - [abstract_image.py:129] - Converting grayscale to RGB (3 channels)
2025-12-21 19:51:06 - image_processor - DEBUG - [parallel_convolution.py:70] - Arithmetic operations worker started for image 8 (PID 25288, breed: Great Pyrenees)
2025-12-21 19:51:06 - image_processor - DEBUG - [abstract_image.py:141] - Addition operation started
2025-12-21 19:51:06 - image_processor - DEBUG - [abstract_image.py:198] - Subtraction operation completed. Result shape: (256, 390, 3)
2025-12-21 19:51:06 - image_processor - DEBUG - [abstract_image.py:129] - Converting grayscale to RGB (3 channels)
2025-12-21 19:51:06 - image_processor - DEBUG - [image_processing.py:24] - ImageProcessing instance created
2025-12-21 19:51:06 - image_processor - DEBUG - [abstract_image.py:35] - CatImage created: breed=German Pinscher-processed, shape=(256, 390, 3), url=subtracted_German Pinscher...
2025-12-21 19:51:06 - image_processor - DEBUG - [parallel_convolution.py:85] - Arithmetic operations worker finished for image 7 (PID 17540)
2025-12-21 19:51:06 - image_processor - DEBUG - [parallel_convolution.py:70] - Arithmetic operations worker started for image 9 (PID 14896, breed: Griffon Bruxellois)
2025-12-21 19:51:06 - image_processor - DEBUG - [abstract_image.py:141] - Addition operation started
2025-12-21 19:51:06 - image_processor - DEBUG - [abstract_image.py:129] - Converting grayscale to RGB (3 channels)
2025-12-21 19:51:06 - image_processor - DEBUG - [abstract_image.py:166] - Addition operation completed. Result shape: (256, 390, 3)
2025-12-21 19:51:06 - image_processor - DEBUG - [image_processing.py:24] - ImageProcessing instance created
2025-12-21 19:51:06 - image_processor - DEBUG - [abstract_image.py:35] - CatImage created: breed=Great Pyrenees+processed, shape=(256, 390, 3), url=combined_Great Pyrenees...
2025-12-21 19:51:06 - image_processor - DEBUG - [abstract_image.py:173] - Subtraction operation started
2025-12-21 19:51:06 - image_processor - DEBUG - [abstract_image.py:129] - Converting grayscale to RGB (3 channels)
2025-12-21 19:51:06 - image_processor - DEBUG - [parallel_convolution.py:70] - Arithmetic operations worker started for image 10 (PID 25152, breed: Harrier)
2025-12-21 19:51:06 - image_processor - DEBUG - [abstract_image.py:141] - Addition operation started
2025-12-21 19:51:06 - image_processor - DEBUG - [abstract_image.py:129] - Converting grayscale to RGB (3 channels)
2025-12-21 19:51:06 - image_processor - DEBUG - [abstract_image.py:166] - Addition operation completed. Result shape: (256, 390, 3)
2025-12-21 19:51:06 - image_processor - DEBUG - [image_processing.py:24] - ImageProcessing instance created
2025-12-21 19:51:06 - image_processor - DEBUG - [abstract_image.py:35] - CatImage created: breed=Griffon Bruxellois+processed, shape=(256, 390, 3), url=combined_Griffon Bruxellois...
2025-12-21 19:51:06 - image_processor - DEBUG - [abstract_image.py:173] - Subtraction operation started
2025-12-21 19:51:06 - image_processor - DEBUG - [abstract_image.py:129] - Converting grayscale to RGB (3 channels)
2025-12-21 19:51:06 - image_processor - DEBUG - [abstract_image.py:198] - Subtraction operation completed. Result shape: (256, 390, 3)
2025-12-21 19:51:06 - image_processor - DEBUG - [image_processing.py:24] - ImageProcessing instance created
2025-12-21 19:51:06 - image_processor - DEBUG - [abstract_image.py:35] - CatImage created: breed=Great Pyrenees-processed, shape=(256, 390, 3), url=subtracted_Great Pyrenees...
2025-12-21 19:51:06 - image_processor - DEBUG - [abstract_image.py:141] - Addition operation started
2025-12-21 19:51:06 - image_processor - DEBUG - [abstract_image.py:129] - Converting grayscale to RGB (3 channels)
2025-12-21 19:51:06 - image_processor - DEBUG - [abstract_image.py:166] - Addition operation completed. Result shape: (256, 390, 3)
2025-12-21 19:51:06 - image_processor - DEBUG - [image_processing.py:24] - ImageProcessing instance created
2025-12-21 19:51:06 - image_processor - DEBUG - [abstract_image.py:35] - CatImage created: breed=Harrier+processed, shape=(256, 390, 3), url=combined_Harrier...
2025-12-21 19:51:06 - image_processor - DEBUG - [abstract_image.py:173] - Subtraction operation started
2025-12-21 19:51:06 - image_processor - DEBUG - [abstract_image.py:129] - Converting grayscale to RGB (3 channels)
2025-12-21 19:51:06 - image_processor - DEBUG - [abstract_image.py:198] - Subtraction operation completed. Result shape: (256, 390, 3)
2025-12-21 19:51:06 - image_processor - DEBUG - [image_processing.py:24] - ImageProcessing instance created
2025-12-21 19:51:06 - image_processor - DEBUG - [abstract_image.py:35] - CatImage created: breed=Griffon Bruxellois-processed, shape=(256, 390, 3), url=subtracted_Griffon Bruxellois...
2025-12-21 19:51:06 - image_processor - DEBUG - [abstract_image.py:141] - Addition operation started
. Result shape: (256, 390, 3)
2025-12-21 19:51:06 - image_processor - DEBUG - [abstract_image.py:129] - Converting grayscale to RGB (3 channels)
2025-12-21 19:51:06 - image_processor - DEBUG - [abstract_image.py:35] - CatImage created: breed=Great Pyrenees+processed, shape=(256, 390, 3), url=combined_Great Pyrenees...
2025-12-21 19:51:06 - image_processor - DEBUG - [abstract_image.py:173] - Subtraction operation started
2025-12-21 19:51:06 - image_processor - DEBUG - [abstract_image.py:129] - Converting grayscale to RGB (3 channels)
2025-12-21 19:51:06 - image_processor - DEBUG - [abstract_image.py:198] - Subtraction operation completed. Result shape: (256, 390, 3)
2025-12-21 19:51:06 - image_processor - DEBUG - [image_processing.py:24] - ImageProcessing instance created
2025-12-21 19:51:06 - image_processor - DEBUG - [abstract_image.py:35] - CatImage created: breed=Harrier-processed, shape=(256, 390, 3), url=subtracted_Harrier...
2025-12-21 19:51:06 - image_processor - DEBUG - [abstract_image.py:141] - Addition operation started
2025-12-21 19:51:06 - image_processor - DEBUG - [abstract_image.py:129] - Converting grayscale to RGB (3 channels)
2025-12-21 19:51:06 - image_processor - DEBUG - [abstract_image.py:166] - Addition operation completed. Result shape: (256, 390, 3)
2025-12-21 19:51:06 - image_processor - DEBUG - [abstract_image.py:198] - Subtraction operation completed. Result shape: (256, 390, 3)
2025-12-21 19:51:06 - image_processor - DEBUG - [image_processing.py:24] - ImageProcessing instance created
2025-12-21 19:51:06 - image_processor - DEBUG - [image_processing.py:24] - ImageProcessing instance created
2025-12-21 19:51:06 - image_processor - DEBUG - [abstract_image.py:35] - CatImage created: breed=Great Pyrenees-processed, shape=(256, 390, 3), url=subtracted_Great Pyrenees...
2025-12-21 19:51:06 - image_processor - DEBUG - [abstract_image.py:35] - CatImage created: breed=Griffon Bruxellois+processed, shape=(256, 390, 3), url=combined_Griffon Bruxellois...
2025-12-21 19:51:06 - image_processor - DEBUG - [parallel_convolution.py:85] - Arithmetic operations worker finished for image 8 (PID 25288)
2025-12-21 19:51:06 - image_processor - DEBUG - [abstract_image.py:173] - Subtraction operation started
2025-12-21 19:51:06 - image_processor - DEBUG - [abstract_image.py:129] - Converting grayscale to RGB (3 channels)
2025-12-21 19:51:06 - image_processor - DEBUG - [abstract_image.py:166] - Addition operation completed. Result shape: (256, 390, 3)
2025-12-21 19:51:06 - image_processor - DEBUG - [image_processing.py:24] - ImageProcessing instance created
2025-12-21 19:51:06 - image_processor - DEBUG - [abstract_image.py:198] - Subtraction operation completed. Result shape: (256, 390, 3)
2025-12-21 19:51:06 - image_processor - DEBUG - [image_processing.py:24] - ImageProcessing instance created
2025-12-21 19:51:06 - image_processor - DEBUG - [abstract_image.py:35] - CatImage created: breed=Harrier+processed, shape=(256, 390, 3), url=combined_Harrier...
2025-12-21 19:51:06 - image_processor - DEBUG - [abstract_image.py:35] - CatImage created: breed=Griffon Bruxellois-processed, shape=(256, 390, 3), url=subtracted_Griffon Bruxellois...
2025-12-21 19:51:06 - image_processor - DEBUG - [parallel_convolution.py:85] - Arithmetic operations worker finished for image 9 (PID 14896)
2025-12-21 19:51:06 - image_processor - DEBUG - [abstract_image.py:173] - Subtraction operation started
2025-12-21 19:51:06 - image_processor - DEBUG - [abstract_image.py:129] - Converting grayscale to RGB (3 channels)
2025-12-21 19:51:06 - image_processor - DEBUG - [abstract_image.py:198] - Subtraction operation completed. Result shape: (256, 390, 3)
2025-12-21 19:51:06 - image_processor - DEBUG - [image_processing.py:24] - ImageProcessing instance created
2025-12-21 19:51:06 - image_processor - DEBUG - [abstract_image.py:35] - CatImage created: breed=Harrier-processed, shape=(256, 390, 3), url=subtracted_Harrier...
2025-12-21 19:51:06 - image_processor - DEBUG - [parallel_convolution.py:85] - Arithmetic operations worker finished for image 10 (PID 25152)
2025-12-21 19:51:06 - image_processor - INFO - [parallel_convolution.py:193] - Parallel arithmetic operations completed for 5 images
2025-12-21 19:51:06 - image_processor - DEBUG - [async_pipeline.py:124] - Arithmetic operations completed
2025-12-21 19:51:06 - image_processor - DEBUG - [async_pipeline.py:152] - Chunk processed: 5 images with all operations completed
2025-12-21 19:51:06 - image_processor - DEBUG - [async_pipeline.py:187] - Saving image 6 (Chinook)
2025-12-21 19:51:06 - image_processor - DEBUG - [async_pipeline.py:187] - Saving image 7 (German Pinscher)
2025-12-21 19:51:06 - image_processor - DEBUG - [async_pipeline.py:187] - Saving image 8 (Great Pyrenees)
2025-12-21 19:51:06 - image_processor - DEBUG - [async_pipeline.py:187] - Saving image 9 (Griffon Bruxellois)
2025-12-21 19:51:06 - image_processor - DEBUG - [async_pipeline.py:187] - Saving image 10 (Harrier)
2025-12-21 19:51:06 - image_processor - DEBUG - [async_pipeline.py:203] - Image 7 saved (3 files)
2025-12-21 19:51:06 - image_processor - DEBUG - [async_pipeline.py:203] - Image 6 saved (3 files)
2025-12-21 19:51:06 - image_processor - DEBUG - [async_pipeline.py:203] - Image 8 saved (3 files)
2025-12-21 19:51:06 - image_processor - DEBUG - [async_pipeline.py:203] - Image 9 saved (3 files)
2025-12-21 19:51:06 - image_processor - DEBUG - [async_pipeline.py:203] - Image 10 saved (3 files)
2025-12-21 19:51:06 - image_processor - INFO - [async_pipeline.py:70] - Processing chunk 3/10: images 11 to 15
2025-12-21 19:51:06 - image_processor - INFO - [async_image_processor.py:144] - Starting parallel download of 5 images
2025-12-21 19:51:06 - image_processor - DEBUG - [async_image_processor.py:113] - Downloading image 11 (breed: Irish Wolfhound)
2025-12-21 19:51:06 - image_processor - DEBUG - [async_image_processor.py:113] - Downloading image 12 (breed: Old English Sheepdog)
2025-12-21 19:51:06 - image_processor - DEBUG - [async_image_processor.py:113] - Downloading image 13 (breed: Pekingese)
2025-12-21 19:51:06 - image_processor - DEBUG - [async_image_processor.py:113] - Downloading image 14 (breed: Rat Terrier)
2025-12-21 19:51:06 - image_processor - DEBUG - [async_image_processor.py:113] - Downloading image 15 (breed: Redbone Coonhound)
2025-12-21 19:51:07 - image_processor - DEBUG - [async_image_processor.py:131] - Image 13 downloaded successfully (shape: (256, 390, 3))
2025-12-21 19:51:08 - image_processor - DEBUG - [async_image_processor.py:131] - Image 11 downloaded successfully (shape: (256, 390, 3))
2025-12-21 19:51:08 - image_processor - DEBUG - [async_image_processor.py:131] - Image 12 downloaded successfully (shape: (256, 390, 3))
2025-12-21 19:51:08 - image_processor - DEBUG - [async_image_processor.py:131] - Image 15 downloaded successfully (shape: (256, 390, 3))
2025-12-21 19:51:08 - image_processor - DEBUG - [async_image_processor.py:131] - Image 14 downloaded successfully (shape: (256, 390, 3))
2025-12-21 19:51:08 - image_processor - INFO - [async_image_processor.py:155] - Parallel download completed: 5/5 successful
2025-12-21 19:51:08 - image_processor - DEBUG - [async_image_processor.py:163] - Creating image objects from 5 metadata entries
2025-12-21 19:51:08 - image_processor - DEBUG - [image_processing.py:24] - ImageProcessing instance created
2025-12-21 19:51:08 - image_processor - DEBUG - [abstract_image.py:35] - CatImage created: breed=Irish Wolfhound, shape=(256, 390, 3), url=https://cdn2.thedogapi.com/images/Hyd2zgcEX_390x25...
2025-12-21 19:51:08 - image_processor - DEBUG - [async_image_processor.py:184] - Image object created for index 11 (breed: Irish Wolfhound)
2025-12-21 19:51:08 - image_processor - DEBUG - [image_processing.py:24] - ImageProcessing instance created
2025-12-21 19:51:08 - image_processor - DEBUG - [abstract_image.py:35] - CatImage created: breed=Old English Sheepdog, shape=(256, 390, 3), url=https://cdn2.thedogapi.com/images/HkZ57lq4m_390x25...
2025-12-21 19:51:08 - image_processor - DEBUG - [async_image_processor.py:184] - Image object created for index 12 (breed: Old English Sheepdog)
2025-12-21 19:51:08 - image_processor - DEBUG - [image_processing.py:24] - ImageProcessing instance created
2025-12-21 19:51:08 - image_processor - DEBUG - [abstract_image.py:35] - CatImage created: breed=Pekingese, shape=(256, 390, 3), url=https://cdn2.thedogapi.com/images/ByIiml9Nm_390x25...
2025-12-21 19:51:08 - image_processor - DEBUG - [async_image_processor.py:184] - Image object created for index 13 (breed: Pekingese)
2025-12-21 19:51:08 - image_processor - DEBUG - [image_processing.py:24] - ImageProcessing instance created
2025-12-21 19:51:08 - image_processor - DEBUG - [abstract_image.py:35] - CatImage created: breed=Rat Terrier, shape=(256, 390, 3), url=https://cdn2.thedogapi.com/images/HkXWNl9E7_390x25...
2025-12-21 19:51:08 - image_processor - DEBUG - [async_image_processor.py:184] - Image object created for index 14 (breed: Rat Terrier)
2025-12-21 19:51:08 - image_processor - DEBUG - [image_processing.py:24] - ImageProcessing instance created
2025-12-21 19:51:08 - image_processor - DEBUG - [abstract_image.py:35] - CatImage created: breed=Redbone Coonhound, shape=(256, 390, 3), url=https://cdn2.thedogapi.com/images/HJMzEl5N7_390x25...
2025-12-21 19:51:08 - image_processor - DEBUG - [async_image_processor.py:184] - Image object created for index 15 (breed: Redbone Coonhound)
2025-12-21 19:51:08 - image_processor - INFO - [async_image_processor.py:186] - Created 5 image objects
2025-12-21 19:51:08 - image_processor - DEBUG - [async_pipeline.py:76] - Chunk 3: 5 images ready for processing
2025-12-21 19:51:08 - image_processor - DEBUG - [async_pipeline.py:95] - Processing chunk of 5 images
2025-12-21 19:51:08 - image_processor - INFO - [parallel_convolution.py:127] - Starting parallel custom edge detection for 5 images
2025-12-21 19:51:08 - image_processor - INFO - [parallel_convolution.py:144] - Starting parallel library edge detection for 5 images
2025-12-21 19:51:10 - image_processor - DEBUG - [parallel_convolution.py:28] - Convolution worker started for image 11 (PID 25512, breed: Irish Wolfhound)
2025-12-21 19:51:10 - image_processor - DEBUG - [image_processing.py:24] - ImageProcessing instance created
2025-12-21 19:51:10 - image_processor - DEBUG - [image_processing.py:120] - Edge detection (Canny) started
2025-12-21 19:51:10 - image_processor - DEBUG - [image_processing.py:46] - RGB to grayscale conversion started. Image shape: (256, 390, 3)
2025-12-21 19:51:10 - image_processor - DEBUG - [image_processing.py:53] - RGB to grayscale conversion completed. Result shape: (256, 390)
2025-12-21 19:51:10 - image_processor - DEBUG - [image_processing.py:30] - Convolution started. Image shape: (256, 390), kernel shape: (3, 3)
2025-12-21 19:51:10 - image_processor - DEBUG - [image_processing.py:36] - Convolution completed in 0.0019 seconds
2025-12-21 19:51:10 - image_processor - DEBUG - [image_processing.py:30] - Convolution started. Image shape: (256, 390), kernel shape: (3, 3)
2025-12-21 19:51:10 - image_processor - DEBUG - [parallel_convolution.py:48] - Library edge detection worker started for image 11 (PID 17304, breed: Irish Wolfhound)
2025-12-21 19:51:10 - image_processor - DEBUG - [image_processing.py:24] - ImageProcessing instance created
2025-12-21 19:51:10 - image_processor - DEBUG - [image_processing.py:120] - Edge detection (Canny) started
2025-12-21 19:51:10 - image_processor - DEBUG - [image_processing.py:46] - RGB to grayscale conversion started. Image shape: (256, 390, 3)
2025-12-21 19:51:10 - image_processor - DEBUG - [image_processing.py:36] - Convolution completed in 0.0024 seconds
2025-12-21 19:51:10 - image_processor - DEBUG - [image_processing.py:53] - RGB to grayscale conversion completed. Result shape: (256, 390)
2025-12-21 19:51:10 - image_processor - DEBUG - [image_processing.py:30] - Convolution started. Image shape: (256, 390), kernel shape: (3, 3)
2025-12-21 19:51:10 - image_processor - DEBUG - [image_processing.py:91] - Non-maximum suppression started
2025-12-21 19:51:10 - image_processor - DEBUG - [image_processing.py:36] - Convolution completed in 0.0017 seconds
2025-12-21 19:51:10 - image_processor - DEBUG - [image_processing.py:30] - Convolution started. Image shape: (256, 390), kernel shape: (3, 3)
2025-12-21 19:51:10 - image_processor - DEBUG - [image_processing.py:36] - Convolution completed in 0.0015 seconds
2025-12-21 19:51:10 - image_processor - DEBUG - [image_processing.py:91] - Non-maximum suppression started
2025-12-21 19:51:10 - image_processor - DEBUG - [parallel_convolution.py:48] - Library edge detection worker started for image 12 (PID 24700, breed: Old English Sheepdog)
2025-12-21 19:51:10 - image_processor - DEBUG - [image_processing.py:24] - ImageProcessing instance created
2025-12-21 19:51:10 - image_processor - DEBUG - [image_processing.py:120] - Edge detection (Canny) started
2025-12-21 19:51:10 - image_processor - DEBUG - [image_processing.py:46] - RGB to grayscale conversion started. Image shape: (256, 390, 3)
2025-12-21 19:51:10 - image_processor - DEBUG - [image_processing.py:53] - RGB to grayscale conversion completed. Result shape: (256, 390)
2025-12-21 19:51:10 - image_processor - DEBUG - [image_processing.py:30] - Convolution started. Image shape: (256, 390), kernel shape: (3, 3)
2025-12-21 19:51:10 - image_processor - DEBUG - [image_processing.py:36] - Convolution completed in 0.0017 seconds
2025-12-21 19:51:10 - image_processor - DEBUG - [image_processing.py:30] - Convolution started. Image shape: (256, 390), kernel shape: (3, 3)
2025-12-21 19:51:10 - image_processor - DEBUG - [image_processing.py:36] - Convolution completed in 0.0016 seconds
2025-12-21 19:51:10 - image_processor - DEBUG - [image_processing.py:91] - Non-maximum suppression started
2025-12-21 19:51:10 - image_processor - DEBUG - [parallel_convolution.py:48] - Library edge detection worker started for image 13 (PID 24624, breed: Pekingese)
2025-12-21 19:51:10 - image_processor - DEBUG - [image_processing.py:24] - ImageProcessing instance created
2025-12-21 19:51:10 - image_processor - DEBUG - [image_processing.py:120] - Edge detection (Canny) started
2025-12-21 19:51:10 - image_processor - DEBUG - [image_processing.py:46] - RGB to grayscale conversion started. Image shape: (256, 390, 3)
2025-12-21 19:51:10 - image_processor - DEBUG - [image_processing.py:53] - RGB to grayscale conversion completed. Result shape: (256, 390)
2025-12-21 19:51:10 - image_processor - DEBUG - [image_processing.py:30] - Convolution started. Image shape: (256, 390), kernel shape: (3, 3)
2025-12-21 19:51:10 - image_processor - DEBUG - [image_processing.py:36] - Convolution completed in 0.0021 seconds
2025-12-21 19:51:10 - image_processor - DEBUG - [image_processing.py:30] - Convolution started. Image shape: (256, 390), kernel shape: (3, 3)
2025-12-21 19:51:10 - image_processor - DEBUG - [image_processing.py:36] - Convolution completed in 0.0016 seconds
2025-12-21 19:51:10 - image_processor - DEBUG - [image_processing.py:91] - Non-maximum suppression started
2025-12-21 19:51:10 - image_processor - DEBUG - [image_processing.py:113] - Non-maximum suppression completed
2025-12-21 19:51:10 - image_processor - DEBUG - [image_processing.py:139] - Edge detection completed in 0.1663 seconds
2025-12-21 19:51:10 - image_processor - DEBUG - [parallel_convolution.py:53] - Library edge detection worker finished for image 11 (PID 17304)
2025-12-21 19:51:10 - image_processor - DEBUG - [parallel_convolution.py:48] - Library edge detection worker started for image 14 (PID 17304, breed: Rat Terrier)
2025-12-21 19:51:10 - image_processor - DEBUG - [image_processing.py:24] - ImageProcessing instance created
2025-12-21 19:51:10 - image_processor - DEBUG - [image_processing.py:120] - Edge detection (Canny) started
2025-12-21 19:51:10 - image_processor - DEBUG - [image_processing.py:46] - RGB to grayscale conversion started. Image shape: (256, 390, 3)
2025-12-21 19:51:10 - image_processor - DEBUG - [image_processing.py:53] - RGB to grayscale conversion completed. Result shape: (256, 390)
2025-12-21 19:51:10 - image_processor - DEBUG - [image_processing.py:30] - Convolution started. Image shape: (256, 390), kernel shape: (3, 3)
2025-12-21 19:51:10 - image_processor - DEBUG - [image_processing.py:36] - Convolution completed in 0.0015 seconds
2025-12-21 19:51:10 - image_processor - DEBUG - [image_processing.py:30] - Convolution started. Image shape: (256, 390), kernel shape: (3, 3)
2025-12-21 19:51:10 - image_processor - DEBUG - [image_processing.py:113] - Non-maximum suppression completed
2025-12-21 19:51:10 - image_processor - DEBUG - [image_processing.py:139] - Edge detection completed in 0.1803 seconds
2025-12-21 19:51:10 - image_processor - DEBUG - [parallel_convolution.py:33] - Convolution worker finished for image 11 (PID 25512)
2025-12-21 19:51:10 - image_processor - DEBUG - [image_processing.py:36] - Convolution completed in 0.0016 seconds
2025-12-21 19:51:10 - image_processor - DEBUG - [parallel_convolution.py:28] - Convolution worker started for image 12 (PID 25512, breed: Old English Sheepdog)
2025-12-21 19:51:10 - image_processor - DEBUG - [image_processing.py:24] - ImageProcessing instance created
2025-12-21 19:51:10 - image_processor - DEBUG - [image_processing.py:120] - Edge detection (Canny) started
2025-12-21 19:51:10 - image_processor - DEBUG - [image_processing.py:46] - RGB to grayscale conversion started. Image shape: (256, 390, 3)
2025-12-21 19:51:10 - image_processor - DEBUG - [image_processing.py:91] - Non-maximum suppression started
2025-12-21 19:51:10 - image_processor - DEBUG - [image_processing.py:53] - RGB to grayscale conversion completed. Result shape: (256, 390)
2025-12-21 19:51:10 - image_processor - DEBUG - [image_processing.py:30] - Convolution started. Image shape: (256, 390), kernel shape: (3, 3)
2025-12-21 19:51:10 - image_processor - DEBUG - [image_processing.py:36] - Convolution completed in 0.0017 seconds
2025-12-21 19:51:10 - image_processor - DEBUG - [image_processing.py:30] - Convolution started. Image shape: (256, 390), kernel shape: (3, 3)
2025-12-21 19:51:10 - image_processor - DEBUG - [image_processing.py:36] - Convolution completed in 0.0016 seconds
2025-12-21 19:51:10 - image_processor - DEBUG - [image_processing.py:91] - Non-maximum suppression started
2025-12-21 19:51:10 - image_processor - DEBUG - [parallel_convolution.py:28] - Convolution worker started for image 13 (PID 23816, breed: Pekingese)
2025-12-21 19:51:10 - image_processor - DEBUG - [image_processing.py:24] - ImageProcessing instance created
2025-12-21 19:51:10 - image_processor - DEBUG - [parallel_convolution.py:48] - Library edge detection worker started for image 15 (PID 22376, breed: Redbone Coonhound)
2025-12-21 19:51:10 - image_processor - DEBUG - [image_processing.py:120] - Edge detection (Canny) started
2025-12-21 19:51:10 - image_processor - DEBUG - [image_processing.py:24] - ImageProcessing instance created
2025-12-21 19:51:10 - image_processor - DEBUG - [image_processing.py:46] - RGB to grayscale conversion started. Image shape: (256, 390, 3)
2025-12-21 19:51:10 - image_processor - DEBUG - [image_processing.py:120] - Edge detection (Canny) started
2025-12-21 19:51:10 - image_processor - DEBUG - [image_processing.py:46] - RGB to grayscale conversion started. Image shape: (256, 390, 3)
2025-12-21 19:51:10 - image_processor - DEBUG - [image_processing.py:53] - RGB to grayscale conversion completed. Result shape: (256, 390)
2025-12-21 19:51:10 - image_processor - DEBUG - [image_processing.py:30] - Convolution started. Image shape: (256, 390), kernel shape: (3, 3)
2025-12-21 19:51:10 - image_processor - DEBUG - [image_processing.py:53] - RGB to grayscale conversion completed. Result shape: (256, 390)
2025-12-21 19:51:10 - image_processor - DEBUG - [image_processing.py:30] - Convolution started. Image shape: (256, 390), kernel shape: (3, 3)
2025-12-21 19:51:10 - image_processor - DEBUG - [image_processing.py:36] - Convolution completed in 0.0017 seconds
2025-12-21 19:51:10 - image_processor - DEBUG - [image_processing.py:30] - Convolution started. Image shape: (256, 390), kernel shape: (3, 3)
2025-12-21 19:51:10 - image_processor - DEBUG - [image_processing.py:36] - Convolution completed in 0.0020 seconds
2025-12-21 19:51:10 - image_processor - DEBUG - [image_processing.py:30] - Convolution started. Image shape: (256, 390), kernel shape: (3, 3)
2025-12-21 19:51:10 - image_processor - DEBUG - [image_processing.py:36] - Convolution completed in 0.0016 seconds
2025-12-21 19:51:10 - image_processor - DEBUG - [image_processing.py:36] - Convolution completed in 0.0015 seconds
2025-12-21 19:51:10 - image_processor - DEBUG - [image_processing.py:91] - Non-maximum suppression started
2025-12-21 19:51:10 - image_processor - DEBUG - [image_processing.py:91] - Non-maximum suppression started
2025-12-21 19:51:10 - image_processor - DEBUG - [parallel_convolution.py:28] - Convolution worker started for image 14 (PID 20432, breed: Rat Terrier)
2025-12-21 19:51:10 - image_processor - DEBUG - [image_processing.py:24] - ImageProcessing instance created
2025-12-21 19:51:10 - image_processor - DEBUG - [image_processing.py:120] - Edge detection (Canny) started
2025-12-21 19:51:10 - image_processor - DEBUG - [image_processing.py:46] - RGB to grayscale conversion started. Image shape: (256, 390, 3)
2025-12-21 19:51:10 - image_processor - DEBUG - [parallel_convolution.py:28] - Convolution worker started for image 15 (PID 5936, breed: Redbone Coonhound)
2025-12-21 19:51:10 - image_processor - DEBUG - [image_processing.py:24] - ImageProcessing instance created
2025-12-21 19:51:10 - image_processor - DEBUG - [image_processing.py:120] - Edge detection (Canny) started
2025-12-21 19:51:10 - image_processor - DEBUG - [image_processing.py:46] - RGB to grayscale conversion started. Image shape: (256, 390, 3)
2025-12-21 19:51:10 - image_processor - DEBUG - [image_processing.py:53] - RGB to grayscale conversion completed. Result shape: (256, 390)
2025-12-21 19:51:10 - image_processor - DEBUG - [image_processing.py:30] - Convolution started. Image shape: (256, 390), kernel shape: (3, 3)
2025-12-21 19:51:10 - image_processor - DEBUG - [image_processing.py:36] - Convolution completed in 0.0017 seconds
2025-12-21 19:51:10 - image_processor - DEBUG - [image_processing.py:30] - Convolution started. Image shape: (256, 390), kernel shape: (3, 3)
2025-12-21 19:51:10 - image_processor - DEBUG - [image_processing.py:53] - RGB to grayscale conversion completed. Result shape: (256, 390)
2025-12-21 19:51:10 - image_processor - DEBUG - [image_processing.py:36] - Convolution completed in 0.0015 seconds
2025-12-21 19:51:10 - image_processor - DEBUG - [image_processing.py:30] - Convolution started. Image shape: (256, 390), kernel shape: (3, 3)
2025-12-21 19:51:10 - image_processor - DEBUG - [image_processing.py:91] - Non-maximum suppression started
2025-12-21 19:51:10 - image_processor - DEBUG - [image_processing.py:36] - Convolution completed in 0.0036 seconds
2025-12-21 19:51:10 - image_processor - DEBUG - [image_processing.py:113] - Non-maximum suppression completed
2025-12-21 19:51:10 - image_processor - DEBUG - [image_processing.py:139] - Edge detection completed in 0.1652 seconds
2025-12-21 19:51:10 - image_processor - DEBUG - [image_processing.py:30] - Convolution started. Image shape: (256, 390), kernel shape: (3, 3)
2025-12-21 19:51:10 - image_processor - DEBUG - [parallel_convolution.py:53] - Library edge detection worker finished for image 13 (PID 24624)
2025-12-21 19:51:10 - image_processor - DEBUG - [image_processing.py:36] - Convolution completed in 0.0034 seconds
2025-12-21 19:51:10 - image_processor - DEBUG - [image_processing.py:91] - Non-maximum suppression started
2025-12-21 19:51:10 - image_processor - DEBUG - [image_processing.py:113] - Non-maximum suppression completed
2025-12-21 19:51:10 - image_processor - DEBUG - [image_processing.py:139] - Edge detection completed in 0.1852 seconds
2025-12-21 19:51:10 - image_processor - DEBUG - [parallel_convolution.py:53] - Library edge detection worker finished for image 12 (PID 24700)
2025-12-21 19:51:10 - image_processor - DEBUG - [image_processing.py:113] - Non-maximum suppression completed
2025-12-21 19:51:10 - image_processor - DEBUG - [image_processing.py:139] - Edge detection completed in 0.1569 seconds
2025-12-21 19:51:10 - image_processor - DEBUG - [parallel_convolution.py:53] - Library edge detection worker finished for image 14 (PID 17304)
2025-12-21 19:51:10 - image_processor - DEBUG - [image_processing.py:113] - Non-maximum suppression completed
2025-12-21 19:51:10 - image_processor - DEBUG - [image_processing.py:139] - Edge detection completed in 0.1683 seconds
2025-12-21 19:51:10 - image_processor - DEBUG - [parallel_convolution.py:33] - Convolution worker finished for image 12 (PID 25512)
2025-12-21 19:51:10 - image_processor - DEBUG - [image_processing.py:113] - Non-maximum suppression completed
2025-12-21 19:51:10 - image_processor - DEBUG - [image_processing.py:139] - Edge detection completed in 0.1579 seconds
2025-12-21 19:51:10 - image_processor - DEBUG - [parallel_convolution.py:33] - Convolution worker finished for image 13 (PID 23816)
2025-12-21 19:51:10 - image_processor - DEBUG - [image_processing.py:113] - Non-maximum suppression completed
2025-12-21 19:51:10 - image_processor - DEBUG - [image_processing.py:139] - Edge detection completed in 0.1606 seconds
2025-12-21 19:51:10 - image_processor - DEBUG - [parallel_convolution.py:53] - Library edge detection worker finished for image 15 (PID 22376)
2025-12-21 19:51:10 - image_processor - DEBUG - [image_processing.py:113] - Non-maximum suppression completed
2025-12-21 19:51:10 - image_processor - DEBUG - [image_processing.py:139] - Edge detection completed in 0.1694 seconds
2025-12-21 19:51:10 - image_processor - DEBUG - [parallel_convolution.py:33] - Convolution worker finished for image 14 (PID 20432)
2025-12-21 19:51:10 - image_processor - DEBUG - [image_processing.py:113] - Non-maximum suppression completed
2025-12-21 19:51:10 - image_processor - DEBUG - [image_processing.py:139] - Edge detection completed in 0.1663 seconds
2025-12-21 19:51:10 - image_processor - DEBUG - [parallel_convolution.py:33] - Convolution worker finished for image 15 (PID 5936)
2025-12-21 19:51:10 - image_processor - INFO - [parallel_convolution.py:154] - Parallel library edge detection completed for 5 images
2025-12-21 19:51:10 - image_processor - INFO - [parallel_convolution.py:137] - Parallel custom edge detection completed for 5 images
2025-12-21 19:51:10 - image_processor - DEBUG - [async_pipeline.py:113] - Edge detection completed
2025-12-21 19:51:10 - image_processor - INFO - [parallel_convolution.py:166] - Starting parallel arithmetic operations for 5 images
2025-12-21 19:51:11 - image_processor - DEBUG - [parallel_convolution.py:70] - Arithmetic operations worker started for image 11 (PID 14304, breed: Irish Wolfhound)
2025-12-21 19:51:11 - image_processor - DEBUG - [abstract_image.py:141] - Addition operation started
2025-12-21 19:51:11 - image_processor - DEBUG - [abstract_image.py:129] - Converting grayscale to RGB (3 channels)
2025-12-21 19:51:11 - image_processor - DEBUG - [parallel_convolution.py:70] - Arithmetic operations worker started for image 12 (PID 22568, breed: Old English Sheepdog)
2025-12-21 19:51:11 - image_processor - DEBUG - [abstract_image.py:141] - Addition operation started
2025-12-21 19:51:11 - image_processor - DEBUG - [abstract_image.py:129] - Converting grayscale to RGB (3 channels)
2025-12-21 19:51:11 - image_processor - DEBUG - [parallel_convolution.py:70] - Arithmetic operations worker started for image 13 (PID 23820, breed: Pekingese)
2025-12-21 19:51:11 - image_processor - DEBUG - [abstract_image.py:141] - Addition operation started
2025-12-21 19:51:11 - image_processor - DEBUG - [abstract_image.py:129] - Converting grayscale to RGB (3 channels)
2025-12-21 19:51:11 - image_processor - DEBUG - [abstract_image.py:166] - Addition operation completed. Result shape: (256, 390, 3)
2025-12-21 19:51:11 - image_processor - DEBUG - [image_processing.py:24] - ImageProcessing instance created
2025-12-21 19:51:11 - image_processor - DEBUG - [abstract_image.py:35] - CatImage created: breed=Irish Wolfhound+processed, shape=(256, 390, 3), url=combined_Irish Wolfhound...
2025-12-21 19:51:11 - image_processor - DEBUG - [abstract_image.py:173] - Subtraction operation started
2025-12-21 19:51:11 - image_processor - DEBUG - [abstract_image.py:129] - Converting grayscale to RGB (3 channels)
2025-12-21 19:51:11 - image_processor - DEBUG - [abstract_image.py:166] - Addition operation completed. Result shape: (256, 390, 3)
2025-12-21 19:51:11 - image_processor - DEBUG - [image_processing.py:24] - ImageProcessing instance created
2025-12-21 19:51:11 - image_processor - DEBUG - [abstract_image.py:35] - CatImage created: breed=Old English Sheepdog+processed, shape=(256, 390, 3), url=combined_Old English Sheepdog...
2025-12-21 19:51:11 - image_processor - DEBUG - [abstract_image.py:166] - Addition operation completed. Result shape: (256, 390, 3)
2025-12-21 19:51:11 - image_processor - DEBUG - [abstract_image.py:173] - Subtraction operation started
2025-12-21 19:51:11 - image_processor - DEBUG - [image_processing.py:24] - ImageProcessing instance created
2025-12-21 19:51:11 - image_processor - DEBUG - [abstract_image.py:129] - Converting grayscale to RGB (3 channels)
2025-12-21 19:51:11 - image_processor - DEBUG - [abstract_image.py:35] - CatImage created: breed=Pekingese+processed, shape=(256, 390, 3), url=combined_Pekingese...
2025-12-21 19:51:11 - image_processor - DEBUG - [abstract_image.py:173] - Subtraction operation started
2025-12-21 19:51:11 - image_processor - DEBUG - [abstract_image.py:129] - Converting grayscale to RGB (3 channels)
2025-12-21 19:51:11 - image_processor - DEBUG - [abstract_image.py:198] - Subtraction operation completed. Result shape: (256, 390, 3)
2025-12-21 19:51:11 - image_processor - DEBUG - [image_processing.py:24] - ImageProcessing instance created
2025-12-21 19:51:11 - image_processor - DEBUG - [abstract_image.py:35] - CatImage created: breed=Irish Wolfhound-processed, shape=(256, 390, 3), url=subtracted_Irish Wolfhound...
2025-12-21 19:51:11 - image_processor - DEBUG - [abstract_image.py:141] - Addition operation started
2025-12-21 19:51:11 - image_processor - DEBUG - [abstract_image.py:129] - Converting grayscale to RGB (3 channels)
2025-12-21 19:51:11 - image_processor - DEBUG - [abstract_image.py:198] - Subtraction operation completed. Result shape: (256, 390, 3)
2025-12-21 19:51:11 - image_processor - DEBUG - [image_processing.py:24] - ImageProcessing instance created
2025-12-21 19:51:11 - image_processor - DEBUG - [abstract_image.py:35] - CatImage created: breed=Pekingese-processed, shape=(256, 390, 3), url=subtracted_Pekingese...
2025-12-21 19:51:11 - image_processor - DEBUG - [abstract_image.py:141] - Addition operation started
2025-12-21 19:51:11 - image_processor - DEBUG - [abstract_image.py:129] - Converting grayscale to RGB (3 channels)
2025-12-21 19:51:11 - image_processor - DEBUG - [abstract_image.py:198] - Subtraction operation completed. Result shape: (256, 390, 3)
2025-12-21 19:51:11 - image_processor - DEBUG - [image_processing.py:24] - ImageProcessing instance created
2025-12-21 19:51:11 - image_processor - DEBUG - [abstract_image.py:35] - CatImage created: breed=Old English Sheepdog-processed, shape=(256, 390, 3), url=subtracted_Old English Sheepdog...
2025-12-21 19:51:11 - image_processor - DEBUG - [abstract_image.py:141] - Addition operation started
2025-12-21 19:51:11 - image_processor - DEBUG - [abstract_image.py:129] - Converting grayscale to RGB (3 channels)
2025-12-21 19:51:11 - image_processor - DEBUG - [parallel_convolution.py:70] - Arithmetic operations worker started for image 14 (PID 10816, breed: Rat Terrier)
2025-12-21 19:51:11 - image_processor - DEBUG - [abstract_image.py:141] - Addition operation started
2025-12-21 19:51:11 - image_processor - DEBUG - [abstract_image.py:166] - Addition operation completed. Result shape: (256, 390, 3)
2025-12-21 19:51:11 - image_processor - DEBUG - [abstract_image.py:129] - Converting grayscale to RGB (3 channels)
2025-12-21 19:51:11 - image_processor - DEBUG - [image_processing.py:24] - ImageProcessing instance created
2025-12-21 19:51:11 - image_processor - DEBUG - [abstract_image.py:35] - CatImage created: breed=Irish Wolfhound+processed, shape=(256, 390, 3), url=combined_Irish Wolfhound...
2025-12-21 19:51:11 - image_processor - DEBUG - [abstract_image.py:166] - Addition operation completed. Result shape: (256, 390, 3)
2025-12-21 19:51:11 - image_processor - DEBUG - [abstract_image.py:173] - Subtraction operation started
2025-12-21 19:51:11 - image_processor - DEBUG - [abstract_image.py:129] - Converting grayscale to RGB (3 channels)
2025-12-21 19:51:11 - image_processor - DEBUG - [image_processing.py:24] - ImageProcessing instance created
2025-12-21 19:51:11 - image_processor - DEBUG - [abstract_image.py:35] - CatImage created: breed=Pekingese+processed, shape=(256, 390, 3), url=combined_Pekingese...
2025-12-21 19:51:11 - image_processor - DEBUG - [abstract_image.py:173] - Subtraction operation started
2025-12-21 19:51:11 - image_processor - DEBUG - [abstract_image.py:129] - Converting grayscale to RGB (3 channels)
2025-12-21 19:51:11 - image_processor - DEBUG - [abstract_image.py:166] - Addition operation completed. Result shape: (256, 390, 3)
2025-12-21 19:51:11 - image_processor - DEBUG - [image_processing.py:24] - ImageProcessing instance created
2025-12-21 19:51:11 - image_processor - DEBUG - [abstract_image.py:35] - CatImage created: breed=Old English Sheepdog+processed, shape=(256, 390, 3), url=combined_Old English Sheepdog...
2025-12-21 19:51:11 - image_processor - DEBUG - [abstract_image.py:173] - Subtraction operation started
2025-12-21 19:51:11 - image_processor - DEBUG - [abstract_image.py:129] - Converting grayscale to RGB (3 channels)
2025-12-21 19:51:11 - image_processor - DEBUG - [abstract_image.py:198] - Subtraction operation completed. Result shape: (256, 390, 3)
2025-12-21 19:51:11 - image_processor - DEBUG - [abstract_image.py:166] - Addition operation completed. Result shape: (256, 390, 3)
2025-12-21 19:51:11 - image_processor - DEBUG - [image_processing.py:24] - ImageProcessing instance created
2025-12-21 19:51:11 - image_processor - DEBUG - [abstract_image.py:35] - CatImage created: breed=Irish Wolfho2025-12-21 19:51:11 - image_processor - DEBUG - [parallel_convolution.py:70] - Arithmetic operations worker started for image 15 (PID 25264, breed: Redbone Coonhound)

2025-12-21 19:51:11 - image_processor - DEBUG - [abstract_image.py:198] - Subtraction operation completed. Result shape: (256, 390, 3)
2025-12-21 19:51:11 - image_processor - DEBUG - [parallel_convolution.py:85] - Arithmetic operations worker finished for image 11 (PID 14304)
2025-12-21 19:51:11 - image_processor - DEBUG - [image_processing.py:24] - ImageProcessing instance creat20252025-12-21 19:51:11 - image_processor - DEBUG - [abstract_image.py:141] - Addition operation started
hannels)
2025-12-21 19:51:11 - image_processor - DEBUG - [abstract_image.py:35] - CatImage created: breed=Pekingese-processed, shape=(256, 390, 3), url=subtracted_Pekingese...
2025-12-21 19:51:11 - image_processor - DEBUG - [parallel_convolution.py:85] - Arithmetic operations worker finished for image 13 (PID 23820)
2025-12-21 19:51:11 - image_processor - DEBUG - [abstract_image.py:129] - Converting grayscale to RGB (3 channels)
2025-12-21 19:51:11 - image_processor - DEBUG - [abstract_image.py:198] - Subtraction operation completed. Result shape: (256, 390, 3)
2025-12-21 19:51:11 - image_processor - DEBUG - [image_processing.py:24] - ImageProcessing instance created
2025-12-21 19:51:11 - image_processor - DEBUG - [abstract_image.py:35] - CatImage created: breed=Old English Sheepdog-processed, shape=(256, 390, 3), url=subtracted_Old English Sheepdog...
2025-12-21 19:51:11 - image_processor - DEBUG - [parallel_convolution.py:85] - Arithmetic operations worker finished for image 12 (PID 22568)
2025-12-21 19:51:11 - image_processor - DEBUG - [abstract_image.py:198] - Subtraction operation completed. Result shape: (256, 390, 3)
2025-12-21 19:51:11 - image_processor - DEBUG - [image_processing.py:24] - ImageProcessing instance created
2025-12-21 19:51:11 - image_processor - DEBUG - [abstract_image.py:35] - CatImage created: breed=Rat Terrier-processed, shape=(256, 390, 3), url=subtracted_Rat Terrier...
2025-12-21 19:51:11 - image_processor - DEBUG - [abstract_image.py:141] - Addition operation started
2025-12-21 19:51:11 - image_processor - DEBUG - [abstract_image.py:129] - Converting grayscale to RGB (3 channels)
2025-12-21 19:51:11 - image_processor - DEBUG - [abstract_image.py:166] - Addition operation completed. Result shape: (256, 390, 3)
2025-12-21 19:51:11 - image_processor - DEBUG - [image_processing.py:24] - ImageProcessing instance created
2025-12-21 19:51:11 - image_processor - DEBUG - [abstract_image.py:35] - CatImage created: breed=Redbone Coonhound+processed, shape=(256, 390, 3), url=combined_Redbone Coonhound...
2025-12-21 19:51:11 - image_processor - DEBUG - [abstract_image.py:173] - Subtraction operation started
2025-12-21 19:51:11 - image_processor - DEBUG - [abstract_image.py:129] - Converting grayscale to RGB (3 channels)
2025-12-21 19:51:11 - image_processor - DEBUG - [abstract_image.py:166] - Addition operation completed. Result shape: (256, 390, 3)
2025-12-21 19:51:11 - image_processor - DEBUG - [image_processing.py:24] - ImageProcessing instance created
2025-12-21 19:51:11 - image_processor - DEBUG - [abstract_image.py:35] - CatImage created: breed=Rat Terrier+processed, shape=(256, 390, 3), url=combined_Rat Terrier...
2025-12-21 19:51:11 - image_processor - DEBUG - [abstract_image.py:173] - Subtraction operation started
2025-12-21 19:51:11 - image_processor - DEBUG - [abstract_image.py:129] - Converting grayscale to RGB (3 channels)
2025-12-21 19:51:11 - image_processor - DEBUG - [abstract_image.py:198] - Subtraction operation completed. Result shape: (256, 390, 3)
2025-12-21 19:51:11 - image_processor - DEBUG - [image_processing.py:24] - ImageProcessing instance created
2025-12-21 19:51:11 - image_processor - DEBUG - [abstract_image.py:35] - CatImage created: breed=Redbone Coonhound-processed, shape=(256, 390, 3), url=subtracted_Redbone Coonhound...
2025-12-21 19:51:11 - image_processor - DEBUG - [abstract_image.py:141] - Addition operation started
2025-12-21 19:51:11 - image_processor - DEBUG - [abstract_image.py:129] - Converting grayscale to RGB (3 channels)
2025-12-21 19:51:11 - image_processor - DEBUG - [abstract_image.py:198] - Subtraction operation completed. Result shape: (256, 390, 3)
2025-12-21 19:51:11 - image_processor - DEBUG - [image_processing.py:24] - ImageProcessing instance created
2025-12-21 19:51:11 - image_processor - DEBUG - [abstract_image.py:35] - CatImage created: breed=Rat Terrier-processed, shape=(256, 390, 3), url=subtracted_Rat Terrier...
2025-12-21 19:51:11 - image_processor - DEBUG - [parallel_convolution.py:85] - Arithmetic operations worker finished for image 14 (PID 10816)
2025-12-21 19:51:11 - image_processor - DEBUG - [abstract_image.py:166] - Addition operation completed. Result shape: (256, 390, 3)
2025-12-21 19:51:11 - image_processor - DEBUG - [image_processing.py:24] - ImageProcessing instance created
2025-12-21 19:51:11 - image_processor - DEBUG - [abstract_image.py:35] - CatImage created: breed=Redbone Coonhound+processed, shape=(256, 390, 3), url=combined_Redbone Coonhound...
2025-12-21 19:51:11 - image_processor - DEBUG - [abstract_image.py:173] - Subtraction operation started
2025-12-21 19:51:11 - image_processor - DEBUG - [abstract_image.py:129] - Converting grayscale to RGB (3 channels)
2025-12-21 19:51:11 - image_processor - DEBUG - [abstract_image.py:198] - Subtraction operation completed. Result shape: (256, 390, 3)
2025-12-21 19:51:11 - image_processor - DEBUG - [image_processing.py:24] - ImageProcessing instance created
2025-12-21 19:51:11 - image_processor - DEBUG - [abstract_image.py:35] - CatImage created: breed=Redbone Coonhound-processed, shape=(256, 390, 3), url=subtracted_Redbone Coonhound...
2025-12-21 19:51:11 - image_processor - DEBUG - [parallel_convolution.py:85] - Arithmetic operations worker finished for image 15 (PID 25264)
2025-12-21 19:51:11 - image_processor - INFO - [parallel_convolution.py:193] - Parallel arithmetic operations completed for 5 images
2025-12-21 19:51:11 - image_processor - DEBUG - [async_pipeline.py:124] - Arithmetic operations completed
2025-12-21 19:51:11 - image_processor - DEBUG - [async_pipeline.py:152] - Chunk processed: 5 images with all operations completed
2025-12-21 19:51:11 - image_processor - DEBUG - [async_pipeline.py:187] - Saving image 11 (Irish Wolfhound)
2025-12-21 19:51:11 - image_processor - DEBUG - [async_pipeline.py:187] - Saving image 12 (Old English Sheepdog)
2025-12-21 19:51:11 - image_processor - DEBUG - [async_pipeline.py:187] - Saving image 13 (Pekingese)
2025-12-21 19:51:11 - image_processor - DEBUG - [async_pipeline.py:187] - Saving image 14 (Rat Terrier)
2025-12-21 19:51:11 - image_processor - DEBUG - [async_pipeline.py:187] - Saving image 15 (Redbone Coonhound)
2025-12-21 19:51:11 - image_processor - DEBUG - [async_pipeline.py:203] - Image 11 saved (3 files)
2025-12-21 19:51:11 - image_processor - DEBUG - [async_pipeline.py:203] - Image 15 saved (3 files)
2025-12-21 19:51:11 - image_processor - DEBUG - [async_pipeline.py:203] - Image 14 saved (3 files)
2025-12-21 19:51:11 - image_processor - DEBUG - [async_pipeline.py:203] - Image 12 saved (3 files)
2025-12-21 19:51:11 - image_processor - DEBUG - [async_pipeline.py:203] - Image 13 saved (3 files)
2025-12-21 19:51:11 - image_processor - INFO - [async_pipeline.py:70] - Processing chunk 4/10: images 16 to 20
2025-12-21 19:51:11 - image_processor - INFO - [async_image_processor.py:144] - Starting parallel download of 5 images
2025-12-21 19:51:11 - image_processor - DEBUG - [async_image_processor.py:113] - Downloading image 16 (breed: Samoyed)
2025-12-21 19:51:11 - image_processor - DEBUG - [async_image_processor.py:113] - Downloading image 17 (breed: Alaskan Malamute)
2025-12-21 19:51:11 - image_processor - DEBUG - [async_image_processor.py:113] - Downloading image 18 (breed: Alaskan Malamute)
2025-12-21 19:51:11 - image_processor - DEBUG - [async_image_processor.py:113] - Downloading image 19 (breed: American Bulldog)
2025-12-21 19:51:11 - image_processor - DEBUG - [async_image_processor.py:113] - Downloading image 20 (breed: American Bulldog)
2025-12-21 19:51:12 - image_processor - DEBUG - [async_image_processor.py:131] - Image 18 downloaded successfully (shape: (522, 780, 3))
2025-12-21 19:51:12 - image_processor - DEBUG - [async_image_processor.py:131] - Image 16 downloaded successfully (shape: (256, 390, 3))
2025-12-21 19:51:12 - image_processor - DEBUG - [async_image_processor.py:131] - Image 20 downloaded successfully (shape: (1024, 953, 3))
2025-12-21 19:51:12 - image_processor - DEBUG - [async_image_processor.py:131] - Image 17 downloaded successfully (shape: (853, 1280, 3))
2025-12-21 19:51:12 - image_processor - DEBUG - [async_image_processor.py:131] - Image 19 downloaded successfully (shape: (1200, 1200, 3))
2025-12-21 19:51:12 - image_processor - INFO - [async_image_processor.py:155] - Parallel download completed: 5/5 successful
2025-12-21 19:51:12 - image_processor - DEBUG - [async_image_processor.py:163] - Creating image objects from 5 metadata entries
2025-12-21 19:51:12 - image_processor - DEBUG - [image_processing.py:24] - ImageProcessing instance created
2025-12-21 19:51:12 - image_processor - DEBUG - [abstract_image.py:35] - CatImage created: breed=Samoyed, shape=(256, 390, 3), url=https://cdn2.thedogapi.com/images/S1T8Ee9Nm_390x25...
2025-12-21 19:51:12 - image_processor - DEBUG - [async_image_processor.py:184] - Image object created for index 16 (breed: Samoyed)
2025-12-21 19:51:12 - image_processor - DEBUG - [image_processing.py:24] - ImageProcessing instance created
2025-12-21 19:51:12 - image_processor - DEBUG - [abstract_image.py:35] - CatImage created: breed=Alaskan Malamute, shape=(853, 1280, 3), url=https://cdn2.thedogapi.com/images/BbMFS3bU-.jpg...
2025-12-21 19:51:12 - image_processor - DEBUG - [async_image_processor.py:184] - Image object created for index 17 (breed: Alaskan Malamute)
2025-12-21 19:51:12 - image_processor - DEBUG - [image_processing.py:24] - ImageProcessing instance created
2025-12-21 19:51:12 - image_processor - DEBUG - [abstract_image.py:35] - CatImage created: breed=Alaskan Malamute, shape=(522, 780, 3), url=https://cdn2.thedogapi.com/images/A3mLu3WQ2.jpg...
2025-12-21 19:51:12 - image_processor - DEBUG - [async_image_processor.py:184] - Image object created for index 18 (breed: Alaskan Malamute)
2025-12-21 19:51:12 - image_processor - DEBUG - [image_processing.py:24] - ImageProcessing instance created
2025-12-21 19:51:12 - image_processor - DEBUG - [abstract_image.py:35] - CatImage created: breed=American Bulldog, shape=(1200, 1200, 3), url=https://cdn2.thedogapi.com/images/NXPv27lGs.jpg...
2025-12-21 19:51:12 - image_processor - DEBUG - [async_image_processor.py:184] - Image object created for index 19 (breed: American Bulldog)
2025-12-21 19:51:12 - image_processor - DEBUG - [image_processing.py:24] - ImageProcessing instance created
2025-12-21 19:51:12 - image_processor - DEBUG - [abstract_image.py:35] - CatImage created: breed=American Bulldog, shape=(1024, 953, 3), url=https://cdn2.thedogapi.com/images/xQRazPrRB.jpg...
2025-12-21 19:51:12 - image_processor - DEBUG - [async_image_processor.py:184] - Image object created for index 20 (breed: American Bulldog)
2025-12-21 19:51:12 - image_processor - INFO - [async_image_processor.py:186] - Created 5 image objects
2025-12-21 19:51:12 - image_processor - DEBUG - [async_pipeline.py:76] - Chunk 4: 5 images ready for processing
2025-12-21 19:51:12 - image_processor - DEBUG - [async_pipeline.py:95] - Processing chunk of 5 images
2025-12-21 19:51:12 - image_processor - INFO - [parallel_convolution.py:127] - Starting parallel custom edge detection for 5 images
2025-12-21 19:51:12 - image_processor - INFO - [parallel_convolution.py:144] - Starting parallel library edge detection for 5 images
2025-12-21 19:51:14 - image_processor - DEBUG - [parallel_convolution.py:28] - Convolution worker started for image 16 (PID 10780, breed: Samoyed)
2025-12-21 19:51:14 - image_processor - DEBUG - [image_processing.py:24] - ImageProcessing instance created
2025-12-21 19:51:14 - image_processor - DEBUG - [image_processing.py:120] - Edge detection (Canny) started
2025-12-21 19:51:14 - image_processor - DEBUG - [image_processing.py:46] - RGB to grayscale conversion started. Image shape: (256, 390, 3)
2025-12-21 19:51:14 - image_processor - DEBUG - [image_processing.py:53] - RGB to grayscale conversion completed. Result shape: (256, 390)
2025-12-21 19:51:14 - image_processor - DEBUG - [image_processing.py:30] - Convolution started. Image shape: (256, 390), kernel shape: (3, 3)
2025-12-21 19:51:14 - image_processor - DEBUG - [parallel_convolution.py:28] - Convolution worker started for image 17 (PID 18232, breed: Alaskan Malamute)
2025-12-21 19:51:14 - image_processor - DEBUG - [image_processing.py:24] - ImageProcessing instance created
2025-12-21 19:51:14 - image_processor - DEBUG - [image_processing.py:120] - Edge detection (Canny) started
2025-12-21 19:51:14 - image_processor - DEBUG - [image_processing.py:46] - RGB to grayscale conversion started. Image shape: (853, 1280, 3)
2025-12-21 19:51:14 - image_processor - DEBUG - [image_processing.py:36] - Convolution completed in 0.0024 seconds
2025-12-21 19:51:14 - image_processor - DEBUG - [image_processing.py:30] - Convolution started. Image shape: (256, 390), kernel shape: (3, 3)
2025-12-21 19:51:14 - image_processor - DEBUG - [image_processing.py:36] - Convolution completed in 0.0017 seconds
2025-12-21 19:51:14 - image_processor - DEBUG - [image_processing.py:91] - Non-maximum suppression started
2025-12-21 19:51:14 - image_processor - DEBUG - [image_processing.py:53] - RGB to grayscale conversion completed. Result shape: (853, 1280)
2025-12-21 19:51:14 - image_processor - DEBUG - [image_processing.py:30] - Convolution started. Image shape: (853, 1280), kernel shape: (3, 3)
2025-12-21 19:51:14 - image_processor - DEBUG - [image_processing.py:36] - Convolution completed in 0.0167 seconds
2025-12-21 19:51:14 - image_processor - DEBUG - [image_processing.py:30] - Convolution started. Image shape: (853, 1280), kernel shape: (3, 3)
2025-12-21 19:51:14 - image_processor - DEBUG - [parallel_convolution.py:28] - Convolution worker started for image 18 (PID 25092, breed: Alaskan Malamute)
2025-12-21 19:51:14 - image_processor - DEBUG - [image_processing.py:24] - ImageProcessing instance created
2025-12-21 19:51:14 - image_processor - DEBUG - [image_processing.py:120] - Edge detection (Canny) started
2025-12-21 19:51:14 - image_processor - DEBUG - [image_processing.py:46] - RGB to grayscale conversion started. Image shape: (522, 780, 3)
2025-12-21 19:51:14 - image_processor - DEBUG - [image_processing.py:36] - Convolution completed in 0.0198 seconds
2025-12-21 19:51:14 - image_processor - DEBUG - [image_processing.py:53] - RGB to grayscale conversion completed. Result shape: (522, 780)
2025-12-21 19:51:14 - image_processor - DEBUG - [image_processing.py:30] - Convolution started. Image shape: (522, 780), kernel shape: (3, 3)
2025-12-21 19:51:14 - image_processor - DEBUG - [image_processing.py:36] - Convolution completed in 0.0059 seconds
2025-12-21 19:51:14 - image_processor - DEBUG - [parallel_convolution.py:28] - Convolution worker started for image 19 (PID 1040, breed: American Bulldog)
2025-12-21 19:51:14 - image_processor - DEBUG - [image_processing.py:24] - ImageProcessing instance created
2025-12-21 19:51:14 - image_processor - DEBUG - [image_processing.py:30] - Convolution started. Image shape: (522, 780), kernel shape: (3, 3)
2025-12-21 19:51:14 - image_processor - DEBUG - [image_processing.py:120] - Edge detection (Canny) started
2025-12-21 19:51:14 - image_processor - DEBUG - [image_processing.py:46] - RGB to grayscale conversion started. Image shape: (1200, 1200, 3)
2025-12-21 19:51:14 - image_processor - DEBUG - [image_processing.py:36] - Convolution completed in 0.0063 seconds
2025-12-21 19:51:14 - image_processor - DEBUG - [image_processing.py:91] - Non-maximum suppression started
2025-12-21 19:51:14 - image_processor - DEBUG - [image_processing.py:91] - Non-maximum suppression started
2025-12-21 19:51:14 - image_processor - DEBUG - [parallel_convolution.py:28] - Convolution worker started for image 20 (PID 7200, breed: American Bulldog)
2025-12-21 19:51:14 - image_processor - DEBUG - [image_processing.py:24] - ImageProcessing instance created
2025-12-21 19:51:14 - image_processor - DEBUG - [image_processing.py:120] - Edge detection (Canny) started
2025-12-21 19:51:14 - image_processor - DEBUG - [image_processing.py:46] - RGB to grayscale conversion started. Image shape: (1024, 953, 3)
2025-12-21 19:51:14 - image_processor - DEBUG - [image_processing.py:53] - RGB to grayscale conversion completed. Result shape: (1200, 1200)
2025-12-21 19:51:14 - image_processor - DEBUG - [image_processing.py:30] - Convolution started. Image shape: (1200, 1200), kernel shape: (3, 3)
2025-12-21 19:51:14 - image_processor - DEBUG - [image_processing.py:53] - RGB to grayscale conversion completed. Result shape: (1024, 953)
2025-12-21 19:51:14 - image_processor - DEBUG - [image_processing.py:30] - Convolution started. Image shape: (1024, 953), kernel shape: (3, 3)
2025-12-21 19:51:14 - image_processor - DEBUG - [image_processing.py:113] - Non-maximum suppression completed
2025-12-21 19:51:14 - image_processor - DEBUG - [image_processing.py:139] - Edge detection completed in 0.1595 seconds
2025-12-21 19:51:14 - image_processor - DEBUG - [parallel_convolution.py:33] - Convolution worker finished for image 16 (PID 10780)
2025-12-21 19:51:14 - image_processor - DEBUG - [parallel_convolution.py:48] - Library edge detection worker started for image 16 (PID 18128, breed: Samoyed)
2025-12-21 19:51:14 - image_processor - DEBUG - [image_processing.py:24] - ImageProcessing instance created
2025-12-21 19:51:14 - image_processor - DEBUG - [image_processing.py:120] - Edge detection (Canny) started
2025-12-21 19:51:14 - image_processor - DEBUG - [image_processing.py:46] - RGB to grayscale conversion started. Image shape: (256, 390, 3)
2025-12-21 19:51:14 - image_processor - DEBUG - [image_processing.py:53] - RGB to grayscale conversion completed. Result shape: (256, 390)
2025-12-21 19:51:14 - image_processor - DEBUG - [image_processing.py:30] - Convolution started. Image shape: (256, 390), kernel shape: (3, 3)
2025-12-21 19:51:14 - image_processor - DEBUG - [image_processing.py:36] - Convolution completed in 0.0018 seconds
2025-12-21 19:51:14 - image_processor - DEBUG - [image_processing.py:30] - Convolution started. Image shape: (256, 390), kernel shape: (3, 3)
2025-12-21 19:51:14 - image_processor - DEBUG - [image_processing.py:36] - Convolution completed in 0.0013 seconds
2025-12-21 19:51:14 - image_processor - DEBUG - [image_processing.py:91] - Non-maximum suppression started
2025-12-21 19:51:14 - image_processor - DEBUG - [image_processing.py:36] - Convolution completed in 0.0280 seconds
2025-12-21 19:51:14 - image_processor - DEBUG - [image_processing.py:36] - Convolution completed in 0.0145 seconds
2025-12-21 19:51:14 - image_processor - DEBUG - [image_processing.py:30] - Convolution started. Image shape: (1024, 953), kernel shape: (3, 3)
2025-12-21 19:51:14 - image_processor - DEBUG - [image_processing.py:30] - Convolution started. Image shape: (1200, 1200), kernel shape: (3, 3)
2025-12-21 19:51:14 - image_processor - DEBUG - [parallel_convolution.py:48] - Library edge detection worker started for image 17 (PID 20344, breed: Alaskan Malamute)
2025-12-21 19:51:14 - image_processor - DEBUG - [image_processing.py:24] - ImageProcessing instance created
2025-12-21 19:51:14 - image_processor - DEBUG - [image_processing.py:120] - Edge detection (Canny) started
2025-12-21 19:51:14 - image_processor - DEBUG - [image_processing.py:46] - RGB to grayscale conversion started. Image shape: (853, 1280, 3)
2025-12-21 19:51:14 - image_processor - DEBUG - [image_processing.py:36] - Convolution completed in 0.0194 seconds
2025-12-21 19:51:14 - image_processor - DEBUG - [image_processing.py:36] - Convolution completed in 0.0252 seconds
2025-12-21 19:51:14 - image_processor - DEBUG - [parallel_convolution.py:48] - Library edge detection worker started for image 18 (PID 24524, breed: Alaskan Malamute)
2025-12-21 19:51:14 - image_processor - DEBUG - [image_processing.py:24] - ImageProcessing instance created
2025-12-21 19:51:14 - image_processor - DEBUG - [image_processing.py:120] - Edge detection (Canny) started
2025-12-21 19:51:14 - image_processor - DEBUG - [image_processing.py:46] - RGB to grayscale conversion started. Image shape: (522, 780, 3)
2025-12-21 19:51:15 - image_processor - DEBUG - [image_processing.py:53] - RGB to grayscale conversion completed. Result shape: (522, 780)
2025-12-21 19:51:15 - image_processor - DEBUG - [image_processing.py:30] - Convolution started. Image shape: (522, 780), kernel shape: (3, 3)
2025-12-21 19:51:15 - image_processor - DEBUG - [image_processing.py:53] - RGB to grayscale conversion completed. Result shape: (853, 1280)
2025-12-21 19:51:15 - image_processor - DEBUG - [image_processing.py:91] - Non-maximum suppression started
2025-12-21 19:51:15 - image_processor - DEBUG - [image_processing.py:30] - Convolution started. Image shape: (853, 1280), kernel shape: (3, 3)
2025-12-21 19:51:15 - image_processor - DEBUG - [image_processing.py:36] - Convolution completed in 0.0061 seconds
2025-12-21 19:51:15 - image_processor - DEBUG - [image_processing.py:30] - Convolution started. Image shape: (522, 780), kernel shape: (3, 3)
2025-12-21 19:51:15 - image_processor - DEBUG - [image_processing.py:36] - Convolution completed in 0.0063 seconds
2025-12-21 19:51:15 - image_processor - DEBUG - [image_processing.py:91] - Non-maximum suppression started
2025-12-21 19:51:15 - image_processor - DEBUG - [image_processing.py:36] - Convolution completed in 0.0172 seconds
2025-12-21 19:51:15 - image_processor - DEBUG - [image_processing.py:91] - Non-maximum suppression started
2025-12-21 19:51:15 - image_processor - DEBUG - [image_processing.py:30] - Convolution started. Image shape: (853, 1280), kernel shape: (3, 3)
2025-12-21 19:51:15 - image_processor - DEBUG - [image_processing.py:36] - Convolution completed in 0.0188 seconds
2025-12-21 19:51:15 - image_processor - DEBUG - [parallel_convolution.py:48] - Library edge detection worker started for image 19 (PID 22304, breed: American Bulldog)
2025-12-21 19:51:15 - image_processor - DEBUG - [image_processing.py:24] - ImageProcessing instance created
2025-12-21 19:51:15 - image_processor - DEBUG - [image_processing.py:120] - Edge detection (Canny) started
2025-12-21 19:51:15 - image_processor - DEBUG - [image_processing.py:46] - RGB to grayscale conversion started. Image shape: (1200, 1200, 3)
2025-12-21 19:51:15 - image_processor - DEBUG - [image_processing.py:91] - Non-maximum suppression started
2025-12-21 19:51:15 - image_processor - DEBUG - [parallel_convolution.py:48] - Library edge detection worker started for image 20 (PID 24744, breed: American Bulldog)
2025-12-21 19:51:15 - image_processor - DEBUG - [image_processing.py:24] - ImageProcessing instance created
2025-12-21 19:51:15 - image_processor - DEBUG - [image_processing.py:120] - Edge detection (Canny) started
2025-12-21 19:51:15 - image_processor - DEBUG - [image_processing.py:46] - RGB to grayscale conversion started. Image shape: (1024, 953, 3)
2025-12-21 19:51:15 - image_processor - DEBUG - [image_processing.py:113] - Non-maximum suppression completed
2025-12-21 19:51:15 - image_processor - DEBUG - [image_processing.py:139] - Edge detection completed in 0.1722 seconds
2025-12-21 19:51:15 - image_processor - DEBUG - [parallel_convolution.py:53] - Library edge detection worker finished for image 16 (PID 18128)
2025-12-21 19:51:15 - image_processor - DEBUG - [image_processing.py:53] - RGB to grayscale conversion completed. Result shape: (1200, 1200)
2025-12-21 19:51:15 - image_processor - DEBUG - [image_processing.py:30] - Convolution started. Image shape: (1200, 1200), kernel shape: (3, 3)
2025-12-21 19:51:15 - image_processor - DEBUG - [image_processing.py:53] - RGB to grayscale conversion completed. Result shape: (1024, 953)
2025-12-21 19:51:15 - image_processor - DEBUG - [image_processing.py:30] - Convolution started. Image shape: (1024, 953), kernel shape: (3, 3)
2025-12-21 19:51:15 - image_processor - DEBUG - [image_processing.py:36] - Convolution completed in 0.0214 seconds
2025-12-21 19:51:15 - image_processor - DEBUG - [image_processing.py:30] - Convolution started. Image shape: (1200, 1200), kernel shape: (3, 3)
2025-12-21 19:51:15 - image_processor - DEBUG - [image_processing.py:36] - Convolution completed in 0.0150 seconds
2025-12-21 19:51:15 - image_processor - DEBUG - [image_processing.py:30] - Convolution started. Image shape: (1024, 953), kernel shape: (3, 3)
2025-12-21 19:51:15 - image_processor - DEBUG - [image_processing.py:36] - Convolution completed in 0.0232 seconds
2025-12-21 19:51:15 - image_processor - DEBUG - [image_processing.py:36] - Convolution completed in 0.0222 seconds
2025-12-21 19:51:15 - image_processor - DEBUG - [image_processing.py:91] - Non-maximum suppression started
2025-12-21 19:51:15 - image_processor - DEBUG - [image_processing.py:91] - Non-maximum suppression started
2025-12-21 19:51:15 - image_processor - DEBUG - [image_processing.py:113] - Non-maximum suppression completed
2025-12-21 19:51:15 - image_processor - DEBUG - [image_processing.py:139] - Edge detection completed in 0.6578 seconds
2025-12-21 19:51:15 - image_processor - DEBUG - [parallel_convolution.py:33] - Convolution worker finished for image 18 (PID 25092)
2025-12-21 19:51:15 - image_processor - DEBUG - [image_processing.py:113] - Non-maximum suppression completed
2025-12-21 19:51:15 - image_processor - DEBUG - [image_processing.py:139] - Edge detection completed in 0.6247 seconds
2025-12-21 19:51:15 - image_processor - DEBUG - [parallel_convolution.py:53] - Library edge detection worker finished for image 18 (PID 24524)
2025-12-21 19:51:16 - image_processor - DEBUG - [image_processing.py:113] - Non-maximum suppression completed
2025-12-21 19:51:16 - image_processor - DEBUG - [image_processing.py:139] - Edge detection completed in 1.2565 seconds
2025-12-21 19:51:16 - image_processor - DEBUG - [parallel_convolution.py:33] - Convolution worker finished for image 20 (PID 7200)
2025-12-21 19:51:16 - image_processor - DEBUG - [image_processing.py:113] - Non-maximum suppression completed
2025-12-21 19:51:16 - image_processor - DEBUG - [image_processing.py:139] - Edge detection completed in 1.2115 seconds
2025-12-21 19:51:16 - image_processor - DEBUG - [parallel_convolution.py:53] - Library edge detection worker finished for image 20 (PID 24744)
2025-12-21 19:51:16 - image_processor - DEBUG - [image_processing.py:113] - Non-maximum suppression completed
2025-12-21 19:51:16 - image_processor - DEBUG - [image_processing.py:139] - Edge detection completed in 1.5247 seconds
2025-12-21 19:51:16 - image_processor - DEBUG - [parallel_convolution.py:33] - Convolution worker finished for image 17 (PID 18232)
2025-12-21 19:51:16 - image_processor - DEBUG - [image_processing.py:113] - Non-maximum suppression completed
2025-12-21 19:51:16 - image_processor - DEBUG - [image_processing.py:139] - Edge detection completed in 1.3851 seconds
2025-12-21 19:51:16 - image_processor - DEBUG - [parallel_convolution.py:53] - Library edge detection worker finished for image 17 (PID 20344)
2025-12-21 19:51:16 - image_processor - DEBUG - [image_processing.py:113] - Non-maximum suppression completed
2025-12-21 19:51:16 - image_processor - DEBUG - [image_processing.py:139] - Edge detection completed in 1.7248 seconds
2025-12-21 19:51:16 - image_processor - DEBUG - [parallel_convolution.py:33] - Convolution worker finished for image 19 (PID 1040)
2025-12-21 19:51:16 - image_processor - INFO - [parallel_convolution.py:137] - Parallel custom edge detection completed for 5 images
2025-12-21 19:51:16 - image_processor - DEBUG - [image_processing.py:113] - Non-maximum suppression completed
2025-12-21 19:51:16 - image_processor - DEBUG - [image_processing.py:139] - Edge detection completed in 1.6616 seconds
2025-12-21 19:51:16 - image_processor - DEBUG - [parallel_convolution.py:53] - Library edge detection worker finished for image 19 (PID 22304)
2025-12-21 19:51:16 - image_processor - INFO - [parallel_convolution.py:154] - Parallel library edge detection completed for 5 images
2025-12-21 19:51:16 - image_processor - DEBUG - [async_pipeline.py:113] - Edge detection completed
2025-12-21 19:51:16 - image_processor - INFO - [parallel_convolution.py:166] - Starting parallel arithmetic operations for 5 images
2025-12-21 19:51:17 - image_processor - DEBUG - [parallel_convolution.py:70] - Arithmetic operations worker started for image 16 (PID 2120, breed: Samoyed)
2025-12-21 19:51:17 - image_processor - DEBUG - [abstract_image.py:141] - Addition operation started
2025-12-21 19:51:17 - image_processor - DEBUG - [abstract_image.py:129] - Converting grayscale to RGB (3 channels)
2025-12-21 19:51:17 - image_processor - DEBUG - [abstract_image.py:166] - Addition operation completed. Result shape: (256, 390, 3)
2025-12-21 19:51:17 - image_processor - DEBUG - [image_processing.py:24] - ImageProcessing instance created
2025-12-21 19:51:17 - image_processor - DEBUG - [abstract_image.py:35] - CatImage created: breed=Samoyed+processed, shape=(256, 390, 3), url=combined_Samoyed...
2025-12-21 19:51:17 - image_processor - DEBUG - [abstract_image.py:173] - Subtraction operation started
2025-12-21 19:51:17 - image_processor - DEBUG - [abstract_image.py:129] - Converting grayscale to RGB (3 channels)
2025-12-21 19:51:17 - image_processor - DEBUG - [abstract_image.py:198] - Subtraction operation completed. Result shape: (256, 390, 3)
2025-12-21 19:51:17 - image_processor - DEBUG - [image_processing.py:24] - ImageProcessing instance created
2025-12-21 19:51:17 - image_processor - DEBUG - [abstract_image.py:35] - CatImage created: breed=Samoyed-processed, shape=(256, 390, 3), url=subtracted_Samoyed...
2025-12-21 19:51:17 - image_processor - DEBUG - [abstract_image.py:141] - Addition operation started
2025-12-21 19:51:17 - image_processor - DEBUG - [abstract_image.py:129] - Converting grayscale to RGB (3 channels)
2025-12-21 19:51:17 - image_processor - DEBUG - [parallel_convolution.py:70] - Arithmetic operations worker started for image 17 (PID 25140, breed: Alaskan Malamute)
2025-12-21 19:51:17 - image_processor - DEBUG - [abstract_image.py:141] - Addition operation started
2025-12-21 19:51:17 - image_processor - DEBUG - [abstract_image.py:129] - Converting grayscale to RGB (3 channels)
2025-12-21 19:51:17 - image_processor - DEBUG - [parallel_convolution.py:70] - Arithmetic operations worker started for image 18 (PID 5672, breed: Alaskan Malamute)
2025-12-21 19:51:17 - image_processor - DEBUG - [abstract_image.py:141] - Addition operation started
2025-12-21 19:51:17 - image_processor - DEBUG - [abstract_image.py:129] - Converting grayscale to RGB (3 channels)
2025-12-21 19:51:17 - image_processor - DEBUG - [abstract_image.py:166] - Addition operation completed. Result shape: (256, 390, 3)
2025-12-21 19:51:17 - image_processor - DEBUG - [image_processing.py:24] - ImageProcessing instance created
2025-12-21 19:51:17 - image_processor - DEBUG - [abstract_image.py:35] - CatImage created: breed=Samoyed+processed, shape=(256, 390, 3), url=combined_Samoyed...
2025-12-21 19:51:17 - image_processor - DEBUG - [abstract_image.py:173] - Subtraction operation started
2025-12-21 19:51:17 - image_processor - DEBUG - [abstract_image.py:129] - Converting grayscale to RGB (3 channels)
2025-12-21 19:51:17 - image_processor - DEBUG - [abstract_image.py:198] - Subtraction operation completed. Result shape: (256, 390, 3)
2025-12-21 19:51:17 - image_processor - DEBUG - [image_processing.py:24] - ImageProcessing instance created
2025-12-21 19:51:17 - image_processor - DEBUG - [abstract_image.py:35] - CatImage created: breed=Samoyed-processed, shape=(256, 390, 3), url=subtracted_Samoyed...
2025-12-21 19:51:17 - image_processor - DEBUG - [parallel_convolution.py:85] - Arithmetic operations worker finished for image 16 (PID 2120)
2025-12-21 19:51:17 - image_processor - DEBUG - [parallel_convolution.py:70] - Arithmetic operations worker started for image 19 (PID 24732, breed: American Bulldog)
2025-12-21 19:51:17 - image_processor - DEBUG - [abstract_image.py:141] - Addition operation started
2025-12-21 19:51:17 - image_processor - DEBUG - [abstract_image.py:129] - Converting grayscale to RGB (3 channels)
2025-12-21 19:51:17 - image_processor - DEBUG - [abstract_image.py:166] - Addition operation completed. Result shape: (522, 780, 3)
2025-12-21 19:51:17 - image_processor - DEBUG - [image_processing.py:24] - ImageProcessing instance created
2025-12-21 19:51:17 - image_processor - DEBUG - [abstract_image.py:35] - CatImage created: breed=Alaskan Malamute+processed, shape=(522, 780, 3), url=combined_Alaskan Malamute...
2025-12-21 19:51:17 - image_processor - DEBUG - [abstract_image.py:173] - Subtraction operation started
2025-12-21 19:51:17 - image_processor - DEBUG - [abstract_image.py:129] - Converting grayscale to RGB (3 channels)
2025-12-21 19:51:17 - image_processor - DEBUG - [parallel_convolution.py:70] - Arithmetic operations worker started for image 20 (PID 1904, breed: American Bulldog)
2025-12-21 19:51:17 - image_processor - DEBUG - [abstract_image.py:141] - Addition operation started
2025-12-21 19:51:17 - image_processor - DEBUG - [abstract_image.py:129] - Converting grayscale to RGB (3 channels)
2025-12-21 19:51:17 - image_processor - DEBUG - [abstract_image.py:198] - Subtraction operation completed. Result shape: (522, 780, 3)
2025-12-21 19:51:17 - image_processor - DEBUG - [image_processing.py:24] - ImageProcessing instance created
2025-12-21 19:51:17 - image_processor - DEBUG - [abstract_image.py:35] - CatImage created: breed=Alaskan Malamute-processed, shape=(522, 780, 3), url=subtracted_Alaskan Malamute...
2025-12-21 19:51:17 - image_processor - DEBUG - [abstract_image.py:141] - Addition operation started
2025-12-21 19:51:17 - image_processor - DEBUG - [abstract_image.py:129] - Converting grayscale to RGB (3 channels)
2025-12-21 19:51:17 - image_processor - DEBUG - [abstract_image.py:166] - Addition operation completed. Result shape: (853, 1280, 3)
2025-12-21 19:51:17 - image_processor - DEBUG - [image_processing.py:24] - ImageProcessing instance created
2025-12-21 19:51:17 - image_processor - DEBUG - [abstract_image.py:35] - CatImage created: breed=Alaskan Malamute+processed, shape=(853, 1280, 3), url=combined_Alaskan Malamute...
2025-12-21 19:51:17 - image_processor - DEBUG - [abstract_image.py:173] - Subtraction operation started
2025-12-21 19:51:17 - image_processor - DEBUG - [abstract_image.py:129] - Converting grayscale to RGB (3 channels)
2025-12-21 19:51:17 - image_processor - DEBUG - [abstract_image.py:166] - Addition operation completed. Result shape: (522, 780, 3)
2025-12-21 19:51:17 - image_processor - DEBUG - [image_processing.py:24] - ImageProcessing instance created
2025-12-21 19:51:17 - image_processor - DEBUG - [abstract_image.py:35] - CatImage created: breed=Alaskan Malamute+processed, shape=(522, 780, 3), url=combined_Alaskan Malamute...
2025-12-21 19:51:17 - image_processor - DEBUG - [abstract_image.py:173] - Subtraction operation started
2025-12-21 19:51:17 - image_processor - DEBUG - [abstract_image.py:129] - Converting grayscale to RGB (3 channels)
2025-12-21 19:51:17 - image_processor - DEBUG - [abstract_image.py:166] - Addition operation completed. Result shape: (1024, 953, 3)
2025-12-21 19:51:17 - image_processor - DEBUG - [image_processing.py:24] - ImageProcessing instance created
2025-12-21 19:51:17 - image_processor - DEBUG - [abstract_image.py:35] - CatImage created: breed=American Bulldog+processed, shape=(1024, 953, 3), url=combined_American Bulldog...
2025-12-21 19:51:17 - image_processor - DEBUG - [abstract_image.py:173] - Subtraction operation started
2025-12-21 19:51:17 - image_processor - DEBUG - [abstract_image.py:129] - Converting grayscale to RGB (3 channels)
2025-12-21 19:51:17 - image_processor - DEBUG - [abstract_image.py:198] - Subtraction operation completed. Result shape: (522, 780, 3)
2025-12-21 19:51:17 - image_processor - DEBUG - [image_processing.py:24] - ImageProcessing instance created
2025-12-21 19:51:17 - image_processor - DEBUG - [abstract_image.py:35] - CatImage created: breed=Alaskan Malamute-processed, shape=(522, 780, 3), url=subtracted_Alaskan Malamute...
2025-12-21 19:51:17 - image_processor - DEBUG - [parallel_convolution.py:85] - Arithmetic operations worker finished for image 18 (PID 5672)
2025-12-21 19:51:17 - image_processor - DEBUG - [abstract_image.py:166] - Addition operation completed. Result shape: (1200, 1200, 3)
2025-12-21 19:51:17 - image_processor - DEBUG - [image_processing.py:24] - ImageProcessing instance created
2025-12-21 19:51:17 - image_processor - DEBUG - [abstract_image.py:35] - CatImage created: breed=American Bulldog+processed, shape=(1200, 1200, 3), url=combined_American Bulldog...
2025-12-21 19:51:17 - image_processor - DEBUG - [abstract_image.py:173] - Subtraction operation started
2025-12-21 19:51:17 - image_processor - DEBUG - [abstract_image.py:129] - Converting grayscale to RGB (3 channels)
2025-12-21 19:51:17 - image_processor - DEBUG - [abstract_image.py:198] - Subtraction operation completed. Result shape: (853, 1280, 3)
2025-12-21 19:51:17 - image_processor - DEBUG - [image_processing.py:24] - ImageProcessing instance created
2025-12-21 19:51:17 - image_processor - DEBUG - [abstract_image.py:35] - CatImage created: breed=Alaskan Malamute-processed, shape=(853, 1280, 3), url=subtracted_Alaskan Malamute...
2025-12-21 19:51:17 - image_processor - DEBUG - [abstract_image.py:141] - Addition operation started
2025-12-21 19:51:17 - image_processor - DEBUG - [abstract_image.py:129] - Converting grayscale to RGB (3 channels)
2025-12-21 19:51:17 - image_processor - DEBUG - [abstract_image.py:198] - Subtraction operation completed. Result shape: (1024, 953, 3)
2025-12-21 19:51:17 - image_processor - DEBUG - [image_processing.py:24] - ImageProcessing instance created
2025-12-21 19:51:17 - image_processor - DEBUG - [abstract_image.py:35] - CatImage created: breed=American Bulldog-processed, shape=(1024, 953, 3), url=subtracted_American Bulldog...
2025-12-21 19:51:17 - image_processor - DEBUG - [abstract_image.py:141] - Addition operation started
2025-12-21 19:51:17 - image_processor - DEBUG - [abstract_image.py:129] - Converting grayscale to RGB (3 channels)
2025-12-21 19:51:17 - image_processor - DEBUG - [abstract_image.py:166] - Addition operation completed. Result shape: (853, 1280, 3)
2025-12-21 19:51:17 - image_processor - DEBUG - [image_processing.py:24] - ImageProcessing instance created
2025-12-21 19:51:17 - image_processor - DEBUG - [abstract_image.py:35] - CatImage created: breed=Alaskan Malamute+processed, shape=(853, 1280, 3), url=combined_Alaskan Malamute...
2025-12-21 19:51:17 - image_processor - DEBUG - [abstract_image.py:173] - Subtraction operation started
2025-12-21 19:51:17 - image_processor - DEBUG - [abstract_image.py:129] - Converting grayscale to RGB (3 channels)
2025-12-21 19:51:17 - image_processor - DEBUG - [abstract_image.py:198] - Subtraction operation completed. Result shape: (1200, 1200, 3)
2025-12-21 19:51:17 - image_processor - DEBUG - [image_processing.py:24] - ImageProcessing instance created
2025-12-21 19:51:17 - image_processor - DEBUG - [abstract_image.py:35] - CatImage created: breed=American Bulldog-processed, shape=(1200, 1200, 3), url=subtracted_American Bulldog...
2025-12-21 19:51:17 - image_processor - DEBUG - [abstract_image.py:141] - Addition operation started
2025-12-21 19:51:17 - image_processor - DEBUG - [abstract_image.py:129] - Converting grayscale to RGB (3 channels)
2025-12-21 19:51:17 - image_processor - DEBUG - [abstract_image.py:166] - Addition operation completed. Result shape: (1024, 953, 3)
2025-12-21 19:51:17 - image_processor - DEBUG - [image_processing.py:24] - ImageProcessing instance created
2025-12-21 19:51:17 - image_processor - DEBUG - [abstract_image.py:35] - CatImage created: breed=American Bulldog+processed, shape=(1024, 953, 3), url=combined_American Bulldog...
2025-12-21 19:51:17 - image_processor - DEBUG - [abstract_image.py:173] - Subtraction operation started
2025-12-21 19:51:17 - image_processor - DEBUG - [abstract_image.py:129] - Converting grayscale to RGB (3 channels)
2025-12-21 19:51:18 - image_processor - DEBUG - [abstract_image.py:198] - Subtraction operation completed. Result shape: (853, 1280, 3)
2025-12-21 19:51:18 - image_processor - DEBUG - [image_processing.py:24] - ImageProcessing instance created
2025-12-21 19:51:18 - image_processor - DEBUG - [abstract_image.py:35] - CatImage created: breed=Alaskan Malamute-processed, shape=(853, 1280, 3), url=subtracted_Alaskan Malamute...
2025-12-21 19:51:18 - image_processor - DEBUG - [parallel_convolution.py:85] - Arithmetic operations worker finished for image 17 (PID 25140)
2025-12-21 19:51:18 - image_processor - DEBUG - [abstract_image.py:198] - Subtraction operation completed. Result shape: (1024, 953, 3)
2025-12-21 19:51:18 - image_processor - DEBUG - [image_processing.py:24] - ImageProcessing instance created
2025-12-21 19:51:18 - image_processor - DEBUG - [abstract_image.py:35] - CatImage created: breed=American Bulldog-processed, shape=(1024, 953, 3), url=subtracted_American Bulldog...
2025-12-21 19:51:18 - image_processor - DEBUG - [parallel_convolution.py:85] - Arithmetic operations worker finished for image 20 (PID 1904)
2025-12-21 19:51:18 - image_processor - DEBUG - [abstract_image.py:166] - Addition operation completed. Result shape: (1200, 1200, 3)
2025-12-21 19:51:18 - image_processor - DEBUG - [image_processing.py:24] - ImageProcessing instance created
2025-12-21 19:51:18 - image_processor - DEBUG - [abstract_image.py:35] - CatImage created: breed=American Bulldog+processed, shape=(1200, 1200, 3), url=combined_American Bulldog...
2025-12-21 19:51:18 - image_processor - DEBUG - [abstract_image.py:173] - Subtraction operation started
2025-12-21 19:51:18 - image_processor - DEBUG - [abstract_image.py:129] - Converting grayscale to RGB (3 channels)
2025-12-21 19:51:18 - image_processor - DEBUG - [abstract_image.py:198] - Subtraction operation completed. Result shape: (1200, 1200, 3)
2025-12-21 19:51:18 - image_processor - DEBUG - [image_processing.py:24] - ImageProcessing instance created
2025-12-21 19:51:18 - image_processor - DEBUG - [abstract_image.py:35] - CatImage created: breed=American Bulldog-processed, shape=(1200, 1200, 3), url=subtracted_American Bulldog...
2025-12-21 19:51:18 - image_processor - DEBUG - [parallel_convolution.py:85] - Arithmetic operations worker finished for image 19 (PID 24732)
2025-12-21 19:51:18 - image_processor - INFO - [parallel_convolution.py:193] - Parallel arithmetic operations completed for 5 images
2025-12-21 19:51:18 - image_processor - DEBUG - [async_pipeline.py:124] - Arithmetic operations completed
2025-12-21 19:51:18 - image_processor - DEBUG - [async_pipeline.py:152] - Chunk processed: 5 images with all operations completed
2025-12-21 19:51:18 - image_processor - DEBUG - [async_pipeline.py:187] - Saving image 16 (Samoyed)
2025-12-21 19:51:18 - image_processor - DEBUG - [async_pipeline.py:187] - Saving image 17 (Alaskan Malamute)
2025-12-21 19:51:18 - image_processor - DEBUG - [async_pipeline.py:187] - Saving image 18 (Alaskan Malamute)
2025-12-21 19:51:18 - image_processor - DEBUG - [async_pipeline.py:187] - Saving image 19 (American Bulldog)
2025-12-21 19:51:18 - image_processor - DEBUG - [async_pipeline.py:187] - Saving image 20 (American Bulldog)
2025-12-21 19:51:18 - image_processor - DEBUG - [async_pipeline.py:203] - Image 18 saved (3 files)
2025-12-21 19:51:18 - image_processor - DEBUG - [async_pipeline.py:203] - Image 17 saved (3 files)
2025-12-21 19:51:18 - image_processor - DEBUG - [async_pipeline.py:203] - Image 16 saved (3 files)
2025-12-21 19:51:18 - image_processor - DEBUG - [async_pipeline.py:203] - Image 19 saved (3 files)
2025-12-21 19:51:18 - image_processor - DEBUG - [async_pipeline.py:203] - Image 20 saved (3 files)
2025-12-21 19:51:18 - image_processor - INFO - [async_pipeline.py:70] - Processing chunk 5/10: images 21 to 25
2025-12-21 19:51:18 - image_processor - INFO - [async_image_processor.py:144] - Starting parallel download of 5 images
2025-12-21 19:51:18 - image_processor - DEBUG - [async_image_processor.py:113] - Downloading image 21 (breed: American Bulldog)
2025-12-21 19:51:18 - image_processor - DEBUG - [async_image_processor.py:113] - Downloading image 22 (breed: American Bully)
2025-12-21 19:51:18 - image_processor - DEBUG - [async_image_processor.py:113] - Downloading image 23 (breed: American Foxhound)
2025-12-21 19:51:18 - image_processor - DEBUG - [async_image_processor.py:113] - Downloading image 24 (breed: Afghan Hound)
2025-12-21 19:51:18 - image_processor - DEBUG - [async_image_processor.py:113] - Downloading image 25 (breed: Bearded Collie)
2025-12-21 19:51:19 - image_processor - DEBUG - [async_image_processor.py:131] - Image 22 downloaded successfully (shape: (672, 960, 3))
2025-12-21 19:51:19 - image_processor - DEBUG - [async_image_processor.py:131] - Image 25 downloaded successfully (shape: (1080, 1080, 3))
2025-12-21 19:51:19 - image_processor - DEBUG - [async_image_processor.py:131] - Image 23 downloaded successfully (shape: (453, 680, 3))
2025-12-21 19:51:20 - image_processor - DEBUG - [async_image_processor.py:131] - Image 24 downloaded successfully (shape: (1200, 1920, 3))
2025-12-21 19:51:20 - image_processor - DEBUG - [async_image_processor.py:131] - Image 21 downloaded successfully (shape: (1280, 1014, 3))
2025-12-21 19:51:20 - image_processor - INFO - [async_image_processor.py:155] - Parallel download completed: 5/5 successful
2025-12-21 19:51:20 - image_processor - DEBUG - [async_image_processor.py:163] - Creating image objects from 5 metadata entries
2025-12-21 19:51:20 - image_processor - DEBUG - [image_processing.py:24] - ImageProcessing instance created
2025-12-21 19:51:20 - image_processor - DEBUG - [abstract_image.py:35] - CatImage created: breed=American Bulldog, shape=(1280, 1014, 3), url=https://cdn2.thedogapi.com/images/AcXu5OATT.jpg...
2025-12-21 19:51:20 - image_processor - DEBUG - [async_image_processor.py:184] - Image object created for index 21 (breed: American Bulldog)
2025-12-21 19:51:20 - image_processor - DEBUG - [image_processing.py:24] - ImageProcessing instance created
2025-12-21 19:51:20 - image_processor - DEBUG - [abstract_image.py:35] - CatImage created: breed=American Bully, shape=(672, 960, 3), url=https://cdn2.thedogapi.com/images/aENh7kMis.jpg...
2025-12-21 19:51:20 - image_processor - DEBUG - [async_image_processor.py:184] - Image object created for index 22 (breed: American Bully)
2025-12-21 19:51:20 - image_processor - DEBUG - [image_processing.py:24] - ImageProcessing instance created
2025-12-21 19:51:20 - image_processor - DEBUG - [abstract_image.py:35] - CatImage created: breed=American Foxhound, shape=(453, 680, 3), url=https://cdn2.thedogapi.com/images/p4xvDeEpW.jpg...
2025-12-21 19:51:20 - image_processor - DEBUG - [async_image_processor.py:184] - Image object created for index 23 (breed: American Foxhound)
2025-12-21 19:51:20 - image_processor - DEBUG - [image_processing.py:24] - ImageProcessing instance created
2025-12-21 19:51:20 - image_processor - DEBUG - [abstract_image.py:35] - CatImage created: breed=Afghan Hound, shape=(1200, 1920, 3), url=https://cdn2.thedogapi.com/images/cLWrIOUqE.jpg...
2025-12-21 19:51:20 - image_processor - DEBUG - [async_image_processor.py:184] - Image object created for index 24 (breed: Afghan Hound)
2025-12-21 19:51:20 - image_processor - DEBUG - [image_processing.py:24] - ImageProcessing instance created
2025-12-21 19:51:20 - image_processor - DEBUG - [abstract_image.py:35] - CatImage created: breed=Bearded Collie, shape=(1080, 1080, 3), url=https://cdn2.thedogapi.com/images/h_7oXAarE.jpg...
2025-12-21 19:51:20 - image_processor - DEBUG - [async_image_processor.py:184] - Image object created for index 25 (breed: Bearded Collie)
2025-12-21 19:51:20 - image_processor - INFO - [async_image_processor.py:186] - Created 5 image objects
2025-12-21 19:51:20 - image_processor - DEBUG - [async_pipeline.py:76] - Chunk 5: 5 images ready for processing
2025-12-21 19:51:20 - image_processor - DEBUG - [async_pipeline.py:95] - Processing chunk of 5 images
2025-12-21 19:51:20 - image_processor - INFO - [parallel_convolution.py:127] - Starting parallel custom edge detection for 5 images
2025-12-21 19:51:20 - image_processor - INFO - [parallel_convolution.py:144] - Starting parallel library edge detection for 5 images
2025-12-21 19:51:22 - image_processor - DEBUG - [parallel_convolution.py:28] - Convolution worker started for image 21 (PID 2400, breed: American Bulldog)
2025-12-21 19:51:22 - image_processor - DEBUG - [image_processing.py:24] - ImageProcessing instance created
2025-12-21 19:51:22 - image_processor - DEBUG - [image_processing.py:120] - Edge detection (Canny) started
2025-12-21 19:51:22 - image_processor - DEBUG - [image_processing.py:46] - RGB to grayscale conversion started. Image shape: (1280, 1014, 3)
2025-12-21 19:51:22 - image_processor - DEBUG - [parallel_convolution.py:28] - Convolution worker started for image 22 (PID 7680, breed: American Bully)
2025-12-21 19:51:22 - image_processor - DEBUG - [image_processing.py:24] - ImageProcessing instance created
2025-12-21 19:51:22 - image_processor - DEBUG - [image_processing.py:120] - Edge detection (Canny) started
2025-12-21 19:51:22 - image_processor - DEBUG - [image_processing.py:46] - RGB to grayscale conversion started. Image shape: (672, 960, 3)
2025-12-21 19:51:22 - image_processor - DEBUG - [image_processing.py:53] - RGB to grayscale conversion completed. Result shape: (1280, 1014)
2025-12-21 19:51:22 - image_processor - DEBUG - [image_processing.py:30] - Convolution started. Image shape: (1280, 1014), kernel shape: (3, 3)
2025-12-21 19:51:22 - image_processor - DEBUG - [parallel_convolution.py:48] - Library edge detection worker started for image 21 (PID 25368, breed: American Bulldog)
2025-12-21 19:51:22 - image_processor - DEBUG - [image_processing.py:24] - ImageProcessing instance created
2025-12-21 19:51:22 - image_processor - DEBUG - [image_processing.py:120] - Edge detection (Canny) started
2025-12-21 19:51:22 - image_processor - DEBUG - [image_processing.py:46] - RGB to grayscale conversion started. Image shape: (1280, 1014, 3)
2025-12-21 19:51:22 - image_processor - DEBUG - [image_processing.py:53] - RGB to grayscale conversion completed. Result shape: (672, 960)
2025-12-21 19:51:22 - image_processor - DEBUG - [image_processing.py:30] - Convolution started. Image shape: (672, 960), kernel shape: (3, 3)
2025-12-21 19:51:22 - image_processor - DEBUG - [parallel_convolution.py:28] - Convolution worker started for image 23 (PID 20152, breed: American Foxhound)
2025-12-21 19:51:22 - image_processor - DEBUG - [image_processing.py:24] - ImageProcessing instance created
2025-12-21 19:51:22 - image_processor - DEBUG - [image_processing.py:120] - Edge detection (Canny) started
2025-12-21 19:51:22 - image_processor - DEBUG - [image_processing.py:46] - RGB to grayscale conversion started. Image shape: (453, 680, 3)
2025-12-21 19:51:22 - image_processor - DEBUG - [image_processing.py:36] - Convolution completed in 0.0230 seconds
2025-12-21 19:51:22 - image_processor - DEBUG - [image_processing.py:30] - Convolution started. Image shape: (1280, 1014), kernel shape: (3, 3)
2025-12-21 19:51:22 - image_processor - DEBUG - [image_processing.py:36] - Convolution completed in 0.0193 seconds
2025-12-21 19:51:22 - image_processor - DEBUG - [image_processing.py:30] - Convolution started. Image shape: (672, 960), kernel shape: (3, 3)
2025-12-21 19:51:22 - image_processor - DEBUG - [image_processing.py:53] - RGB to grayscale conversion completed. Result shape: (453, 680)
2025-12-21 19:51:22 - image_processor - DEBUG - [image_processing.py:30] - Convolution started. Image shape: (453, 680), kernel shape: (3, 3)
2025-12-21 19:51:22 - image_processor - DEBUG - [parallel_convolution.py:28] - Convolution worker started for image 24 (PID 21724, breed: Afghan Hound)
2025-12-21 19:51:22 - image_processor - DEBUG - [image_processing.py:24] - ImageProcessing instance created
2025-12-21 19:51:22 - image_processor - DEBUG - [image_processing.py:120] - Edge detection (Canny) started
2025-12-21 19:51:22 - image_processor - DEBUG - [image_processing.py:46] - RGB to grayscale conversion started. Image shape: (1200, 1920, 3)
2025-12-21 19:51:22 - image_processor - DEBUG - [image_processing.py:36] - Convolution completed in 0.0051 seconds
2025-12-21 19:51:22 - image_processor - DEBUG - [image_processing.py:30] - Convolution started. Image shape: (453, 680), kernel shape: (3, 3)
2025-12-21 19:51:22 - image_processor - DEBUG - [parallel_convolution.py:48] - Library edge detection worker started for image 22 (PID 22020, breed: American Bully)
2025-12-21 19:51:22 - image_processor - DEBUG - [image_processing.py:24] - ImageProcessing instance created
2025-12-21 19:51:22 - image_processor - DEBUG - [image_processing.py:120] - Edge detection (Canny) started
2025-12-21 19:51:22 - image_processor - DEBUG - [image_processing.py:46] - RGB to grayscale conversion started. Image shape: (672, 960, 3)
2025-12-21 19:51:22 - image_processor - DEBUG - [image_processing.py:36] - Convolution completed in 0.0049 seconds
2025-12-21 19:51:22 - image_processor - DEBUG - [image_processing.py:36] - Convolution completed in 0.0244 seconds
2025-12-21 19:51:22 - image_processor - DEBUG - [image_processing.py:36] - Convolution completed in 0.0151 seconds
2025-12-21 19:51:22 - image_processor - DEBUG - [parallel_convolution.py:28] - Convolution worker started for image 25 (PID 7228, breed: Bearded Collie)
2025-12-21 19:51:22 - image_processor - DEBUG - [image_processing.py:24] - ImageProcessing instance created
2025-12-21 19:51:22 - image_processor - DEBUG - [image_processing.py:120] - Edge detection (Canny) started
2025-12-21 19:51:22 - image_processor - DEBUG - [image_processing.py:46] - RGB to grayscale conversion started. Image shape: (1080, 1080, 3)
2025-12-21 19:51:22 - image_processor - DEBUG - [image_processing.py:91] - Non-maximum suppression started
2025-12-21 19:51:22 - image_processor - DEBUG - [image_processing.py:53] - RGB to grayscale conversion completed. Result shape: (1280, 1014)
2025-12-21 19:51:22 - image_processor - DEBUG - [image_processing.py:30] - Convolution started. Image shape: (1280, 1014), kernel shape: (3, 3)
2025-12-21 19:51:22 - image_processor - DEBUG - [image_processing.py:91] - Non-maximum suppression started
2025-12-21 19:51:22 - image_processor - DEBUG - [image_processing.py:53] - RGB to grayscale conversion completed. Result shape: (672, 960)
2025-12-21 19:51:22 - image_processor - DEBUG - [image_processing.py:30] - Convolution started. Image shape: (672, 960), kernel shape: (3, 3)
2025-12-21 19:51:22 - image_processor - DEBUG - [image_processing.py:36] - Convolution completed in 0.0105 seconds
2025-12-21 19:51:22 - image_processor - DEBUG - [image_processing.py:30] - Convolution started. Image shape: (672, 960), kernel shape: (3, 3)
2025-12-21 19:51:22 - image_processor - DEBUG - [image_processing.py:36] - Convolution completed in 0.0221 seconds
2025-12-21 19:51:22 - image_processor - DEBUG - [image_processing.py:30] - Convolution started. Image shape: (1280, 1014), kernel shape: (3, 3)
2025-12-21 19:51:22 - image_processor - DEBUG - [image_processing.py:91] - Non-maximum suppression started
2025-12-21 19:51:22 - image_processor - DEBUG - [image_processing.py:36] - Convolution completed in 0.0108 seconds
2025-12-21 19:51:22 - image_processor - DEBUG - [image_processing.py:53] - RGB to grayscale conversion completed. Result shape: (1080, 1080)
2025-12-21 19:51:22 - image_processor - DEBUG - [image_processing.py:30] - Convolution started. Image shape: (1080, 1080), kernel shape: (3, 3)
2025-12-21 19:51:22 - image_processor - DEBUG - [image_processing.py:91] - Non-maximum suppression started
2025-12-21 19:51:22 - image_processor - DEBUG - [image_processing.py:36] - Convolution completed in 0.0243 seconds
2025-12-21 19:51:22 - image_processor - DEBUG - [image_processing.py:36] - Convolution completed in 0.0204 seconds
2025-12-21 19:51:22 - image_processor - DEBUG - [image_processing.py:30] - Convolution started. Image shape: (1080, 1080), kernel shape: (3, 3)
2025-12-21 19:51:22 - image_processor - DEBUG - [image_processing.py:53] - RGB to grayscale conversion completed. Result shape: (1200, 1920)
2025-12-21 19:51:22 - image_processor - DEBUG - [image_processing.py:30] - Convolution started. Image shape: (1200, 1920), kernel shape: (3, 3)
2025-12-21 19:51:22 - image_processor - DEBUG - [image_processing.py:36] - Convolution completed in 0.0176 seconds
2025-12-21 19:51:22 - image_processor - DEBUG - [image_processing.py:91] - Non-maximum suppression started
2025-12-21 19:51:22 - image_processor - DEBUG - [parallel_convolution.py:48] - Library edge detection worker started for image 23 (PID 16968, breed: American Foxhound)
2025-12-21 19:51:22 - image_processor - DEBUG - [image_processing.py:24] - ImageProcessing instance created
2025-12-21 19:51:22 - image_processor - DEBUG - [image_processing.py:120] - Edge detection (Canny) started
2025-12-21 19:51:22 - image_processor - DEBUG - [image_processing.py:46] - RGB to grayscale conversion started. Image shape: (453, 680, 3)
2025-12-21 19:51:22 - image_processor - DEBUG - [image_processing.py:91] - Non-maximum suppression started
2025-12-21 19:51:22 - image_processor - DEBUG - [image_processing.py:36] - Convolution completed in 0.0490 seconds
2025-12-21 19:51:22 - image_processor - DEBUG - [image_processing.py:30] - Convolution started. Image shape: (1200, 1920), kernel shape: (3, 3)
2025-12-21 19:51:22 - image_processor - DEBUG - [image_processing.py:53] - RGB to grayscale conversion completed. Result shape: (453, 680)
2025-12-21 19:51:22 - image_processor - DEBUG - [image_processing.py:30] - Convolution started. Image shape: (453, 680), kernel shape: (3, 3)
2025-12-21 19:51:22 - image_processor - DEBUG - [image_processing.py:36] - Convolution completed in 0.0054 seconds
2025-12-21 19:51:22 - image_processor - DEBUG - [image_processing.py:30] - Convolution started. Image shape: (453, 680), kernel shape: (3, 3)
2025-12-21 19:51:22 - image_processor - DEBUG - [image_processing.py:36] - Convolution completed in 0.0061 seconds
2025-12-21 19:51:22 - image_processor - DEBUG - [image_processing.py:91] - Non-maximum suppression started
2025-12-21 19:51:22 - image_processor - DEBUG - [image_processing.py:36] - Convolution completed in 0.0375 seconds
2025-12-21 19:51:22 - image_processor - DEBUG - [parallel_convolution.py:48] - Library edge detection worker started for image 24 (PID 800, breed: Afghan Hound)
2025-12-21 19:51:22 - image_processor - DEBUG - [image_processing.py:24] - ImageProcessing instance created
2025-12-21 19:51:22 - image_processor - DEBUG - [image_processing.py:120] - Edge detection (Canny) started
2025-12-21 19:51:22 - image_processor - DEBUG - [image_processing.py:46] - RGB to grayscale conversion started. Image shape: (1200, 1920, 3)
2025-12-21 19:51:22 - image_processor - DEBUG - [image_processing.py:91] - Non-maximum suppression started
2025-12-21 19:51:22 - image_processor - DEBUG - [parallel_convolution.py:48] - Library edge detection worker started for image 25 (PID 23836, breed: Bearded Collie)
2025-12-21 19:51:22 - image_processor - DEBUG - [image_processing.py:24] - ImageProcessing instance created
2025-12-21 19:51:22 - image_processor - DEBUG - [image_processing.py:120] - Edge detection (Canny) started
2025-12-21 19:51:22 - image_processor - DEBUG - [image_processing.py:46] - RGB to grayscale conversion started. Image shape: (1080, 1080, 3)
2025-12-21 19:51:22 - image_processor - DEBUG - [image_processing.py:53] - RGB to grayscale conversion completed. Result shape: (1080, 1080)
2025-12-21 19:51:22 - image_processor - DEBUG - [image_processing.py:30] - Convolution started. Image shape: (1080, 1080), kernel shape: (3, 3)
2025-12-21 19:51:22 - image_processor - DEBUG - [image_processing.py:53] - RGB to grayscale conversion completed. Result shape: (1200, 1920)
2025-12-21 19:51:22 - image_processor - DEBUG - [image_processing.py:30] - Convolution started. Image shape: (1200, 1920), kernel shape: (3, 3)
2025-12-21 19:51:22 - image_processor - DEBUG - [image_processing.py:36] - Convolution completed in 0.0248 seconds
2025-12-21 19:51:22 - image_processor - DEBUG - [image_processing.py:30] - Convolution started. Image shape: (1080, 1080), kernel shape: (3, 3)
2025-12-21 19:51:22 - image_processor - DEBUG - [image_processing.py:36] - Convolution completed in 0.0194 seconds
2025-12-21 19:51:22 - image_processor - DEBUG - [image_processing.py:36] - Convolution completed in 0.0400 seconds
2025-12-21 19:51:22 - image_processor - DEBUG - [image_processing.py:30] - Convolution started. Image shape: (1200, 1920), kernel shape: (3, 3)
2025-12-21 19:51:22 - image_processor - DEBUG - [image_processing.py:91] - Non-maximum suppression started
2025-12-21 19:51:22 - image_processor - DEBUG - [image_processing.py:36] - Convolution completed in 0.0441 seconds
2025-12-21 19:51:22 - image_processor - DEBUG - [image_processing.py:113] - Non-maximum suppression completed
2025-12-21 19:51:22 - image_processor - DEBUG - [image_processing.py:139] - Edge detection completed in 0.5391 seconds
2025-12-21 19:51:22 - image_processor - DEBUG - [parallel_convolution.py:33] - Convolution worker finished for image 23 (PID 20152)
2025-12-21 19:51:22 - image_processor - DEBUG - [image_processing.py:91] - Non-maximum suppression started
2025-12-21 19:51:22 - image_processor - DEBUG - [image_processing.py:113] - Non-maximum suppression completed
2025-12-21 19:51:22 - image_processor - DEBUG - [image_processing.py:139] - Edge detection completed in 0.5335 seconds
2025-12-21 19:51:22 - image_processor - DEBUG - [parallel_convolution.py:53] - Library edge detection worker finished for image 23 (PID 16968)
2025-12-21 19:51:23 - image_processor - DEBUG - [image_processing.py:113] - Non-maximum suppression completed
2025-12-21 19:51:23 - image_processor - DEBUG - [image_processing.py:139] - Edge detection completed in 0.9877 seconds
2025-12-21 19:51:23 - image_processor - DEBUG - [parallel_convolution.py:53] - Library edge detection worker finished for image 22 (PID 22020)
2025-12-21 19:51:23 - image_processor - DEBUG - [image_processing.py:113] - Non-maximum suppression completed
2025-12-21 19:51:23 - image_processor - DEBUG - [image_processing.py:139] - Edge detection completed in 1.0537 seconds
2025-12-21 19:51:23 - image_processor - DEBUG - [parallel_convolution.py:33] - Convolution worker finished for image 22 (PID 7680)
2025-12-21 19:51:23 - image_processor - DEBUG - [image_processing.py:113] - Non-maximum suppression completed
2025-12-21 19:51:23 - image_processor - DEBUG - [image_processing.py:139] - Edge detection completed in 1.5821 seconds
2025-12-21 19:51:23 - image_processor - DEBUG - [parallel_convolution.py:33] - Convolution worker finished for image 25 (PID 7228)
2025-12-21 19:51:23 - image_processor - DEBUG - [image_processing.py:113] - Non-maximum suppression completed
2025-12-21 19:51:23 - image_processor - DEBUG - [image_processing.py:139] - Edge detection completed in 1.7655 seconds
2025-12-21 19:51:23 - image_processor - DEBUG - [parallel_convolution.py:33] - Convolution worker finished for image 21 (PID 2400)
2025-12-21 19:51:23 - image_processor - DEBUG - [image_processing.py:113] - Non-maximum suppression completed
2025-12-21 19:51:23 - image_processor - DEBUG - [image_processing.py:139] - Edge detection completed in 1.7660 seconds
2025-12-21 19:51:23 - image_processor - DEBUG - [parallel_convolution.py:53] - Library edge detection worker finished for image 21 (PID 25368)
2025-12-21 19:51:23 - image_processor - DEBUG - [image_processing.py:113] - Non-maximum suppression completed
2025-12-21 19:51:23 - image_processor - DEBUG - [image_processing.py:139] - Edge detection completed in 1.5043 seconds
2025-12-21 19:51:23 - image_processor - DEBUG - [parallel_convolution.py:53] - Library edge detection worker finished for image 25 (PID 23836)
2025-12-21 19:51:24 - image_processor - DEBUG - [image_processing.py:113] - Non-maximum suppression completed
2025-12-21 19:51:24 - image_processor - DEBUG - [image_processing.py:139] - Edge detection completed in 2.6666 seconds
2025-12-21 19:51:24 - image_processor - DEBUG - [parallel_convolution.py:33] - Convolution worker finished for image 24 (PID 21724)
2025-12-21 19:51:24 - image_processor - INFO - [parallel_convolution.py:137] - Parallel custom edge detection completed for 5 images
2025-12-21 19:51:24 - image_processor - DEBUG - [image_processing.py:113] - Non-maximum suppression completed
2025-12-21 19:51:24 - image_processor - DEBUG - [image_processing.py:139] - Edge detection completed in 2.6100 seconds
2025-12-21 19:51:24 - image_processor - DEBUG - [parallel_convolution.py:53] - Library edge detection worker finished for image 24 (PID 800)
2025-12-21 19:51:24 - image_processor - INFO - [parallel_convolution.py:154] - Parallel library edge detection completed for 5 images
2025-12-21 19:51:24 - image_processor - DEBUG - [async_pipeline.py:113] - Edge detection completed
2025-12-21 19:51:24 - image_processor - INFO - [parallel_convolution.py:166] - Starting parallel arithmetic operations for 5 images
2025-12-21 19:51:26 - image_processor - DEBUG - [parallel_convolution.py:70] - Arithmetic operations worker started for image 21 (PID 26544, breed: American Bulldog)
2025-12-21 19:51:26 - image_processor - DEBUG - [abstract_image.py:141] - Addition operation started
2025-12-21 19:51:26 - image_processor - DEBUG - [abstract_image.py:129] - Converting grayscale to RGB (3 channels)
2025-12-21 19:51:26 - image_processor - DEBUG - [parallel_convolution.py:70] - Arithmetic operations worker started for image 22 (PID 26276, breed: American Bully)
2025-12-21 19:51:26 - image_processor - DEBUG - [abstract_image.py:141] - Addition operation started
2025-12-21 19:51:26 - image_processor - DEBUG - [abstract_image.py:129] - Converting grayscale to RGB (3 channels)
2025-12-21 19:51:26 - image_processor - DEBUG - [parallel_convolution.py:70] - Arithmetic operations worker started for image 23 (PID 26292, breed: American Foxhound)
2025-12-21 19:51:26 - image_processor - DEBUG - [abstract_image.py:141] - Addition operation started
2025-12-21 19:51:26 - image_processor - DEBUG - [abstract_image.py:129] - Converting grayscale to RGB (3 channels)
2025-12-21 19:51:26 - image_processor - DEBUG - [abstract_image.py:166] - Addition operation completed. Result shape: (672, 960, 3)
2025-12-21 19:51:26 - image_processor - DEBUG - [image_processing.py:24] - ImageProcessing instance created
2025-12-21 19:51:26 - image_processor - DEBUG - [abstract_image.py:35] - CatImage created: breed=American Bully+processed, shape=(672, 960, 3), url=combined_American Bully...
2025-12-21 19:51:26 - image_processor - DEBUG - [abstract_image.py:173] - Subtraction operation started
2025-12-21 19:51:26 - image_processor - DEBUG - [abstract_image.py:129] - Converting grayscale to RGB (3 channels)
2025-12-21 19:51:26 - image_processor - DEBUG - [abstract_image.py:166] - Addition operation completed. Result shape: (453, 680, 3)
2025-12-21 19:51:26 - image_processor - DEBUG - [image_processing.py:24] - ImageProcessing instance created
2025-12-21 19:51:26 - image_processor - DEBUG - [abstract_image.py:35] - CatImage created: breed=American Foxhound+processed, shape=(453, 680, 3), url=combined_American Foxhound...
2025-12-21 19:51:26 - image_processor - DEBUG - [abstract_image.py:173] - Subtraction operation started
2025-12-21 19:51:26 - image_processor - DEBUG - [abstract_image.py:129] - Converting grayscale to RGB (3 channels)
2025-12-21 19:51:26 - image_processor - DEBUG - [parallel_convolution.py:70] - Arithmetic operations worker started for image 24 (PID 26460, breed: Afghan Hound)
2025-12-21 19:51:26 - image_processor - DEBUG - [abstract_image.py:141] - Addition operation started
2025-12-21 19:51:26 - image_processor - DEBUG - [abstract_image.py:129] - Converting grayscale to RGB (3 channels)
2025-12-21 19:51:26 - image_processor - DEBUG - [abstract_image.py:198] - Subtraction operation completed. Result shape: (453, 680, 3)
2025-12-21 19:51:26 - image_processor - DEBUG - [image_processing.py:24] - ImageProcessing instance created
2025-12-21 19:51:26 - image_processor - DEBUG - [abstract_image.py:35] - CatImage created: breed=American Foxhound-processed, shape=(453, 680, 3), url=subtracted_American Foxhound...
2025-12-21 19:51:26 - image_processor - DEBUG - [abstract_image.py:141] - Addition operation started
2025-12-21 19:51:26 - image_processor - DEBUG - [abstract_image.py:129] - Converting grayscale to RGB (3 channels)
2025-12-21 19:51:26 - image_processor - DEBUG - [abstract_image.py:166] - Addition operation completed. Result shape: (1280, 1014, 3)
2025-12-21 19:51:26 - image_processor - DEBUG - [image_processing.py:24] - ImageProcessing instance created
2025-12-21 19:51:26 - image_processor - DEBUG - [abstract_image.py:35] - CatImage created: breed=American Bulldog+processed, shape=(1280, 1014, 3), url=combined_American Bulldog...
2025-12-21 19:51:26 - image_processor - DEBUG - [abstract_image.py:173] - Subtraction operation started
2025-12-21 19:51:26 - image_processor - DEBUG - [abstract_image.py:198] - Subtraction operation completed. Result shape: (672, 960, 3)
2025-12-21 19:51:26 - image_processor - DEBUG - [abstract_image.py:129] - Converting grayscale to RGB (3 channels)
2025-12-21 19:51:26 - image_processor - DEBUG - [image_processing.py:24] - ImageProcessing instance created
2025-12-21 19:51:26 - image_processor - DEBUG - [abstract_image.py:35] - CatImage created: breed=American Bully-processed, shape=(672, 960, 3), url=subtracted_American Bully...
2025-12-21 19:51:26 - image_processor - DEBUG - [abstract_image.py:141] - Addition operation started
2025-12-21 19:51:26 - image_processor - DEBUG - [abstract_image.py:129] - Converting grayscale to RGB (3 channels)
2025-12-21 19:51:26 - image_processor - DEBUG - [parallel_convolution.py:70] - Arithmetic operations worker started for image 25 (PID 26300, breed: Bearded Collie)
2025-12-21 19:51:26 - image_processor - DEBUG - [abstract_image.py:141] - Addition operation started
2025-12-21 19:51:26 - image_processor - DEBUG - [abstract_image.py:129] - Converting grayscale to RGB (3 channels)
2025-12-21 19:51:26 - image_processor - DEBUG - [abstract_image.py:166] - Addition operation completed. Result shape: (453, 680, 3)
2025-12-21 19:51:26 - image_processor - DEBUG - [image_processing.py:24] - ImageProcessing instance created
2025-12-21 19:51:26 - image_processor - DEBUG - [abstract_image.py:35] - CatImage created: breed=American Foxhound+processed, shape=(453, 680, 3), url=combined_American Foxhound...
2025-12-21 19:51:26 - image_processor - DEBUG - [abstract_image.py:173] - Subtraction operation started
2025-12-21 19:51:26 - image_processor - DEBUG - [abstract_image.py:129] - Converting grayscale to RGB (3 channels)
2025-12-21 19:51:26 - image_processor - DEBUG - [abstract_image.py:198] - Subtraction operation completed. Result shape: (453, 680, 3)
2025-12-21 19:51:26 - image_processor - DEBUG - [image_processing.py:24] - ImageProcessing instance created
2025-12-21 19:51:26 - image_processor - DEBUG - [abstract_image.py:35] - CatImage created: breed=American Foxhound-processed, shape=(453, 680, 3), url=subtracted_American Foxhound...
2025-12-21 19:51:26 - image_processor - DEBUG - [parallel_convolution.py:85] - Arithmetic operations worker finished for image 23 (PID 26292)
2025-12-21 19:51:26 - image_processor - DEBUG - [abstract_image.py:166] - Addition operation completed. Result shape: (672, 960, 3)
2025-12-21 19:51:26 - image_processor - DEBUG - [image_processing.py:24] - ImageProcessing instance created
2025-12-21 19:51:26 - image_processor - DEBUG - [abstract_image.py:35] - CatImage created: breed=American Bully+processed, shape=(672, 960, 3), url=combined_American Bully...
2025-12-21 19:51:26 - image_processor - DEBUG - [abstract_image.py:173] - Subtraction operation started
2025-12-21 19:51:26 - image_processor - DEBUG - [abstract_image.py:129] - Converting grayscale to RGB (3 channels)
2025-12-21 19:51:26 - image_processor - DEBUG - [abstract_image.py:166] - Addition operation completed. Result shape: (1080, 1080, 3)
2025-12-21 19:51:26 - image_processor - DEBUG - [image_processing.py:24] - ImageProcessing instance created
2025-12-21 19:51:26 - image_processor - DEBUG - [abstract_image.py:35] - CatImage created: breed=Bearded Collie+processed, shape=(1080, 1080, 3), url=combined_Bearded Collie...
2025-12-21 19:51:26 - image_processor - DEBUG - [abstract_image.py:173] - Subtraction operation started
2025-12-21 19:51:26 - image_processor - DEBUG - [abstract_image.py:129] - Converting grayscale to RGB (3 channels)
2025-12-21 19:51:26 - image_processor - DEBUG - [abstract_image.py:198] - Subtraction operation completed. Result shape: (1280, 1014, 3)
2025-12-21 19:51:26 - image_processor - DEBUG - [image_processing.py:24] - ImageProcessing instance created
2025-12-21 19:51:26 - image_processor - DEBUG - [abstract_image.py:35] - CatImage created: breed=American Bulldog-processed, shape=(1280, 1014, 3), url=subtracted_American Bulldog...
2025-12-21 19:51:26 - image_processor - DEBUG - [abstract_image.py:198] - Subtraction operation completed. Result shape: (672, 960, 3)
2025-12-21 19:51:26 - image_processor - DEBUG - [image_processing.py:24] - ImageProcessing instance created
2025-12-21 19:51:26 - image_processor - DEBUG - [abstract_image.py:35] - CatImage created: breed=American Bully-processed, shape=(672, 960, 3), url=subtracted_American Bully...
2025-12-21 19:51:26 - image_processor - DEBUG - [abstract_image.py:141] - Addition operation started
2025-12-21 19:51:26 - image_processor - DEBUG - [abstract_image.py:129] - Converting grayscale to RGB (3 channels)
2025-12-21 19:51:26 - image_processor - DEBUG - [parallel_convolution.py:85] - Arithmetic operations worker finished for image 22 (PID 26276)
2025-12-21 19:51:26 - image_processor - DEBUG - [abstract_image.py:166] - Addition operation completed. Result shape: (1200, 1920, 3)
2025-12-21 19:51:26 - image_processor - DEBUG - [image_processing.py:24] - ImageProcessing instance created
2025-12-21 19:51:26 - image_processor - DEBUG - [abstract_image.py:35] - CatImage created: breed=Afghan Hound+processed, shape=(1200, 1920, 3), url=combined_Afghan Hound...
2025-12-21 19:51:26 - image_processor - DEBUG - [abstract_image.py:173] - Subtraction operation started
2025-12-21 19:51:26 - image_processor - DEBUG - [abstract_image.py:129] - Converting grayscale to RGB (3 channels)
2025-12-21 19:51:26 - image_processor - DEBUG - [abstract_image.py:198] - Subtraction operation completed. Result shape: (1080, 1080, 3)
2025-12-21 19:51:26 - image_processor - DEBUG - [image_processing.py:24] - ImageProcessing instance created
2025-12-21 19:51:26 - image_processor - DEBUG - [abstract_image.py:35] - CatImage created: breed=Bearded Collie-processed, shape=(1080, 1080, 3), url=subtracted_Bearded Collie...
2025-12-21 19:51:26 - image_processor - DEBUG - [abstract_image.py:141] - Addition operation started
2025-12-21 19:51:26 - image_processor - DEBUG - [abstract_image.py:129] - Converting grayscale to RGB (3 channels)
2025-12-21 19:51:26 - image_processor - DEBUG - [abstract_image.py:166] - Addition operation completed. Result shape: (1280, 1014, 3)
2025-12-21 19:51:26 - image_processor - DEBUG - [image_processing.py:24] - ImageProcessing instance created
2025-12-21 19:51:26 - image_processor - DEBUG - [abstract_image.py:35] - CatImage created: breed=American Bulldog+processed, shape=(1280, 1014, 3), url=combined_American Bulldog...
2025-12-21 19:51:26 - image_processor - DEBUG - [abstract_image.py:173] - Subtraction operation started
2025-12-21 19:51:26 - image_processor - DEBUG - [abstract_image.py:129] - Converting grayscale to RGB (3 channels)
2025-12-21 19:51:26 - image_processor - DEBUG - [abstract_image.py:166] - Addition operation completed. Result shape: (1080, 1080, 3)
2025-12-21 19:51:26 - image_processor - DEBUG - [image_processing.py:24] - ImageProcessing instance created
2025-12-21 19:51:26 - image_processor - DEBUG - [abstract_image.py:35] - CatImage created: breed=Bearded Collie+processed, shape=(1080, 1080, 3), url=combined_Bearded Collie...
2025-12-21 19:51:26 - image_processor - DEBUG - [abstract_image.py:173] - Subtraction operation started
2025-12-21 19:51:26 - image_processor - DEBUG - [abstract_image.py:129] - Converting grayscale to RGB (3 channels)
2025-12-21 19:51:26 - image_processor - DEBUG - [abstract_image.py:198] - Subtraction operation completed. Result shape: (1280, 1014, 3)
2025-12-21 19:51:26 - image_processor - DEBUG - [image_processing.py:24] - ImageProcessing instance created
2025-12-21 19:51:26 - image_processor - DEBUG - [abstract_image.py:35] - CatImage created: breed=American Bulldog-processed, shape=(1280, 1014, 3), url=subtracted_American Bulldog...
2025-12-21 19:51:26 - image_processor - DEBUG - [parallel_convolution.py:85] - Arithmetic operations worker finished for image 21 (PID 26544)
2025-12-21 19:51:26 - image_processor - DEBUG - [abstract_image.py:198] - Subtraction operation completed. Result shape: (1200, 1920, 3)
2025-12-21 19:51:26 - image_processor - DEBUG - [image_processing.py:24] - ImageProcessing instance created
2025-12-21 19:51:26 - image_processor - DEBUG - [abstract_image.py:35] - CatImage created: breed=Afghan Hound-processed, shape=(1200, 1920, 3), url=subtracted_Afghan Hound...
2025-12-21 19:51:26 - image_processor - DEBUG - [abstract_image.py:141] - Addition operation started
2025-12-21 19:51:26 - image_processor - DEBUG - [abstract_image.py:129] - Converting grayscale to RGB (3 channels)
2025-12-21 19:51:26 - image_processor - DEBUG - [abstract_image.py:198] - Subtraction operation completed. Result shape: (1080, 1080, 3)
2025-12-21 19:51:26 - image_processor - DEBUG - [image_processing.py:24] - ImageProcessing instance created
2025-12-21 19:51:26 - image_processor - DEBUG - [abstract_image.py:35] - CatImage created: breed=Bearded Collie-processed, shape=(1080, 1080, 3), url=subtracted_Bearded Collie...
2025-12-21 19:51:26 - image_processor - DEBUG - [parallel_convolution.py:85] - Arithmetic operations worker finished for image 25 (PID 26300)
2025-12-21 19:51:26 - image_processor - DEBUG - [abstract_image.py:166] - Addition operation completed. Result shape: (1200, 1920, 3)
2025-12-21 19:51:26 - image_processor - DEBUG - [image_processing.py:24] - ImageProcessing instance created
2025-12-21 19:51:26 - image_processor - DEBUG - [abstract_image.py:35] - CatImage created: breed=Afghan Hound+processed, shape=(1200, 1920, 3), url=combined_Afghan Hound...
2025-12-21 19:51:26 - image_processor - DEBUG - [abstract_image.py:173] - Subtraction operation started
2025-12-21 19:51:26 - image_processor - DEBUG - [abstract_image.py:129] - Converting grayscale to RGB (3 channels)
2025-12-21 19:51:26 - image_processor - DEBUG - [abstract_image.py:198] - Subtraction operation completed. Result shape: (1200, 1920, 3)
2025-12-21 19:51:26 - image_processor - DEBUG - [image_processing.py:24] - ImageProcessing instance created
2025-12-21 19:51:26 - image_processor - DEBUG - [abstract_image.py:35] - CatImage created: breed=Afghan Hound-processed, shape=(1200, 1920, 3), url=subtracted_Afghan Hound...
2025-12-21 19:51:26 - image_processor - DEBUG - [parallel_convolution.py:85] - Arithmetic operations worker finished for image 24 (PID 26460)
2025-12-21 19:51:26 - image_processor - INFO - [parallel_convolution.py:193] - Parallel arithmetic operations completed for 5 images
2025-12-21 19:51:26 - image_processor - DEBUG - [async_pipeline.py:124] - Arithmetic operations completed
2025-12-21 19:51:26 - image_processor - DEBUG - [async_pipeline.py:152] - Chunk processed: 5 images with all operations completed
2025-12-21 19:51:26 - image_processor - DEBUG - [async_pipeline.py:187] - Saving image 21 (American Bulldog)
2025-12-21 19:51:26 - image_processor - DEBUG - [async_pipeline.py:187] - Saving image 22 (American Bully)
2025-12-21 19:51:26 - image_processor - DEBUG - [async_pipeline.py:187] - Saving image 23 (American Foxhound)
2025-12-21 19:51:26 - image_processor - DEBUG - [async_pipeline.py:187] - Saving image 24 (Afghan Hound)
2025-12-21 19:51:26 - image_processor - DEBUG - [async_pipeline.py:187] - Saving image 25 (Bearded Collie)
2025-12-21 19:51:27 - image_processor - DEBUG - [async_pipeline.py:203] - Image 23 saved (3 files)
2025-12-21 19:51:27 - image_processor - DEBUG - [async_pipeline.py:203] - Image 21 saved (3 files)
2025-12-21 19:51:27 - image_processor - DEBUG - [async_pipeline.py:203] - Image 22 saved (3 files)
2025-12-21 19:51:27 - image_processor - DEBUG - [async_pipeline.py:203] - Image 24 saved (3 files)
2025-12-21 19:51:27 - image_processor - DEBUG - [async_pipeline.py:203] - Image 25 saved (3 files)
2025-12-21 19:51:27 - image_processor - INFO - [async_pipeline.py:70] - Processing chunk 6/10: images 26 to 30
2025-12-21 19:51:27 - image_processor - INFO - [async_image_processor.py:144] - Starting parallel download of 5 images
2025-12-21 19:51:27 - image_processor - DEBUG - [async_image_processor.py:113] - Downloading image 26 (breed: Bearded Collie)
2025-12-21 19:51:27 - image_processor - DEBUG - [async_image_processor.py:113] - Downloading image 27 (breed: Bearded Collie)
2025-12-21 19:51:27 - image_processor - DEBUG - [async_image_processor.py:113] - Downloading image 28 (breed: Border Collie)
2025-12-21 19:51:27 - image_processor - DEBUG - [async_image_processor.py:113] - Downloading image 29 (breed: Bull Terrier)
2025-12-21 19:51:27 - image_processor - DEBUG - [async_image_processor.py:113] - Downloading image 30 (breed: Chesapeake Bay Retriever)
2025-12-21 19:51:28 - image_processor - DEBUG - [async_image_processor.py:131] - Image 27 downloaded successfully (shape: (1080, 1080, 3))
2025-12-21 19:51:28 - image_processor - DEBUG - [async_image_processor.py:131] - Image 30 downloaded successfully (shape: (1350, 1080, 3))
2025-12-21 19:51:28 - image_processor - DEBUG - [async_image_processor.py:131] - Image 29 downloaded successfully (shape: (810, 1080, 3))
2025-12-21 19:51:28 - image_processor - DEBUG - [async_image_processor.py:131] - Image 26 downloaded successfully (shape: (1162, 1080, 3))
2025-12-21 19:51:28 - image_processor - DEBUG - [async_image_processor.py:131] - Image 28 downloaded successfully (shape: (1080, 1080, 3))
2025-12-21 19:51:28 - image_processor - INFO - [async_image_processor.py:155] - Parallel download completed: 5/5 successful
2025-12-21 19:51:28 - image_processor - DEBUG - [async_image_processor.py:163] - Creating image objects from 5 metadata entries
2025-12-21 19:51:28 - image_processor - DEBUG - [image_processing.py:24] - ImageProcessing instance created
2025-12-21 19:51:28 - image_processor - DEBUG - [abstract_image.py:35] - CatImage created: breed=Bearded Collie, shape=(1162, 1080, 3), url=https://cdn2.thedogapi.com/images/UZtLVvNhE.jpg...
2025-12-21 19:51:28 - image_processor - DEBUG - [async_image_processor.py:184] - Image object created for index 26 (breed: Bearded Collie)
2025-12-21 19:51:28 - image_processor - DEBUG - [image_processing.py:24] - ImageProcessing instance created
2025-12-21 19:51:28 - image_processor - DEBUG - [abstract_image.py:35] - CatImage created: breed=Bearded Collie, shape=(1080, 1080, 3), url=https://cdn2.thedogapi.com/images/-dncpykkP.jpg...
2025-12-21 19:51:28 - image_processor - DEBUG - [async_image_processor.py:184] - Image object created for index 27 (breed: Bearded Collie)
2025-12-21 19:51:28 - image_processor - DEBUG - [image_processing.py:24] - ImageProcessing instance created
2025-12-21 19:51:28 - image_processor - DEBUG - [abstract_image.py:35] - CatImage created: breed=Border Collie, shape=(1080, 1080, 3), url=https://cdn2.thedogapi.com/images/NyW9yv8vj.jpg...
2025-12-21 19:51:28 - image_processor - DEBUG - [async_image_processor.py:184] - Image object created for index 28 (breed: Border Collie)
2025-12-21 19:51:28 - image_processor - DEBUG - [image_processing.py:24] - ImageProcessing instance created
2025-12-21 19:51:28 - image_processor - DEBUG - [abstract_image.py:35] - CatImage created: breed=Bull Terrier, shape=(810, 1080, 3), url=https://cdn2.thedogapi.com/images/xbI13teuJ.jpg...
2025-12-21 19:51:28 - image_processor - DEBUG - [async_image_processor.py:184] - Image object created for index 29 (breed: Bull Terrier)
2025-12-21 19:51:28 - image_processor - DEBUG - [image_processing.py:24] - ImageProcessing instance created
2025-12-21 19:51:28 - image_processor - DEBUG - [abstract_image.py:35] - CatImage created: breed=Chesapeake Bay Retriever, shape=(1350, 1080, 3), url=https://cdn2.thedogapi.com/images/5uFASRPPI.jpg...
2025-12-21 19:51:28 - image_processor - DEBUG - [async_image_processor.py:184] - Image object created for index 30 (breed: Chesapeake Bay Retriever)
2025-12-21 19:51:28 - image_processor - INFO - [async_image_processor.py:186] - Created 5 image objects
2025-12-21 19:51:28 - image_processor - DEBUG - [async_pipeline.py:76] - Chunk 6: 5 images ready for processing
2025-12-21 19:51:28 - image_processor - DEBUG - [async_pipeline.py:95] - Processing chunk of 5 images
2025-12-21 19:51:28 - image_processor - INFO - [parallel_convolution.py:127] - Starting parallel custom edge detection for 5 images
2025-12-21 19:51:28 - image_processor - INFO - [parallel_convolution.py:144] - Starting parallel library edge detection for 5 images
2025-12-21 19:51:30 - image_processor - DEBUG - [parallel_convolution.py:48] - Library edge detection worker started for image 26 (PID 26256, breed: Bearded Collie)
2025-12-21 19:51:30 - image_processor - DEBUG - [image_processing.py:24] - ImageProcessing instance created
2025-12-21 19:51:30 - image_processor - DEBUG - [image_processing.py:24] - ImageProcessing instance created
2025-12-21 19:51:30 - image_processor - DEBUG - [image_processing.py:120] - Edge detection (Canny) started
2025-12-21 19:51:30 - image_processor - DEBUG - [image_processing.py:120] - Edge detection (Canny) started
2025-12-21 19:51:30 - image_processor - DEBUG - [image_processing.py:46] - RGB to grayscale conversion started. Image shape: (1162, 1080, 3)
2025-12-21 19:51:30 - image_processor - DEBUG - [image_processing.py:46] - RGB to grayscale conversion started. Image shape: (1162, 1080, 3)
2025-12-21 19:51:30 - image_processor - DEBUG - [parallel_convolution.py:48] - Library edge detection worker started for image 27 (PID 9652, breed: Bearded Collie)
2025-12-21 19:51:30 - image_processor - DEBUG - [image_processing.py:24] - ImageProcessing instance created
2025-12-21 19:51:30 - image_processor - DEBUG - [image_processing.py:120] - Edge detection (Canny) started
2025-12-21 19:51:30 - image_processor - DEBUG - [image_processing.py:46] - RGB to grayscale conversion started. Image shape: (1080, 1080, 3)
2025-12-21 19:51:30 - image_processor - DEBUG - [image_processing.py:53] - RGB to grayscale conversion completed. Result shape: (1162, 1080)
2025-12-21 19:51:30 - image_processor - DEBUG - [image_processing.py:53] - RGB to grayscale conversion completed. Result shape: (1162, 1080)
2025-12-21 19:51:30 - image_processor - DEBUG - [image_processing.py:30] - Convolution started. Image shape: (1162, 1080), kernel shape: (3, 3)
2025-12-21 19:51:30 - image_processor - DEBUG - [image_processing.py:30] - Convolution started. Image shape: (1162, 1080), kernel shape: (3, 3)
2025-12-21 19:51:30 - image_processor - DEBUG - [image_processing.py:53] - RGB to grayscale conversion completed. Result shape: (1080, 1080)
2025-12-21 19:51:30 - image_processor - DEBUG - [image_processing.py:36] - Convolution completed in 0.0184 seconds
2025-12-21 19:51:30 - image_processor - DEBUG - [image_processing.py:30] - Convolution started. Image shape: (1080, 1080), kernel shape: (3, 3)
2025-12-21 19:51:30 - image_processor - DEBUG - [image_processing.py:36] - Convolution completed in 0.0200 seconds
2025-12-21 19:51:30 - image_processor - DEBUG - [image_processing.py:30] - Convolution started. Image shape: (1162, 1080), kernel shape: (3, 3)
2025-12-21 19:51:30 - image_processor - DEBUG - [image_processing.py:30] - Convolution started. Image shape: (1162, 1080), kernel shape: (3, 3)
2025-12-21 19:51:30 - image_processor - DEBUG - [parallel_convolution.py:28] - Convolution worker started for image 27 (PID 11020, breed: Bearded Collie)
2025-12-21 19:51:30 - image_processor - DEBUG - [image_processing.py:24] - ImageProcessing instance created
2025-12-21 19:51:30 - image_processor - DEBUG - [image_processing.py:120] - Edge detection (Canny) started
2025-12-21 19:51:30 - image_processor - DEBUG - [image_processing.py:46] - RGB to grayscale conversion started. Image shape: (1080, 1080, 3)
2025-12-21 19:51:30 - image_processor - DEBUG - [image_processing.py:36] - Convolution completed in 0.0176 seconds
2025-12-21 19:51:30 - image_processor - DEBUG - [image_processing.py:30] - Convolution started. Image shape: (1080, 1080), kernel shape: (3, 3)
2025-12-21 19:51:30 - image_processor - DEBUG - [image_processing.py:36] - Convolution completed in 0.0197 seconds
2025-12-21 19:51:30 - image_processor - DEBUG - [image_processing.py:36] - Convolution completed in 0.0188 seconds
2025-12-21 19:51:30 - image_processor - DEBUG - [image_processing.py:36] - Convolution completed in 0.0170 seconds
2025-12-21 19:51:30 - image_processor - DEBUG - [image_processing.py:91] - Non-maximum suppression started
2025-12-21 19:51:30 - image_processor - DEBUG - [image_processing.py:91] - Non-maximum suppression started
2025-12-21 19:51:30 - image_processor - DEBUG - [image_processing.py:53] - RGB to grayscale conversion completed. Result shape: (1080, 1080)
2025-12-21 19:51:30 - image_processor - DEBUG - [image_processing.py:30] - Convolution started. Image shape: (1080, 1080), kernel shape: (3, 3)
2025-12-21 19:51:30 - image_processor - DEBUG - [image_processing.py:91] - Non-maximum suppression started
2025-12-21 19:51:30 - image_processor - DEBUG - [parallel_convolution.py:48] - Library edge detection worker started for image 28 (PID 24768, breed: Border Collie)
2025-12-21 19:51:30 - image_processor - DEBUG - [image_processing.py:24] - ImageProcessing instance created
2025-12-21 19:51:30 - image_processor - DEBUG - [image_processing.py:120] - Edge detection (Canny) started
2025-12-21 19:51:30 - image_processor - DEBUG - [image_processing.py:46] - RGB to grayscale conversion started. Image shape: (1080, 1080, 3)
2025-12-21 19:51:30 - image_processor - DEBUG - [image_processing.py:36] - Convolution completed in 0.0186 seconds
2025-12-21 19:51:30 - image_processor - DEBUG - [image_processing.py:30] - Convolution started. Image shape: (1080, 1080), kernel shape: (3, 3)
2025-12-21 19:51:30 - image_processor - DEBUG - [image_processing.py:36] - Convolution completed in 0.0190 seconds
2025-12-21 19:51:30 - image_processor - DEBUG - [image_processing.py:53] - RGB to grayscale conversion completed. Result shape: (1080, 1080)
2025-12-21 19:51:30 - image_processor - DEBUG - [image_processing.py:30] - Convolution started. Image shape: (1080, 1080), kernel shape: (3, 3)
2025-12-21 19:51:30 - image_processor - DEBUG - [image_processing.py:36] - Convolution completed in 0.0177 seconds
2025-12-21 19:51:30 - image_processor - DEBUG - [image_processing.py:30] - Convolution started. Image shape: (1080, 1080), kernel shape: (3, 3)
2025-12-21 19:51:30 - image_processor - DEBUG - [image_processing.py:91] - Non-maximum suppression started
2025-12-21 19:51:30 - image_processor - DEBUG - [parallel_convolution.py:28] - Convolution worker started for image 28 (PID 25612, breed: Border Collie)
2025-12-21 19:51:30 - image_processor - DEBUG - [image_processing.py:24] - ImageProcessing instance created
2025-12-21 19:51:30 - image_processor - DEBUG - [image_processing.py:120] - Edge detection (Canny) started
2025-12-21 19:51:30 - image_processor - DEBUG - [image_processing.py:46] - RGB to grayscale conversion started. Image shape: (1080, 1080, 3)
2025-12-21 19:51:30 - image_processor - DEBUG - [image_processing.py:36] - Convolution completed in 0.0176 seconds
2025-12-21 19:51:30 - image_processor - DEBUG - [image_processing.py:91] - Non-maximum suppression started
2025-12-21 19:51:30 - image_processor - DEBUG - [image_processing.py:53] - RGB to grayscale conversion completed. Result shape: (1080, 1080)
2025-12-21 19:51:30 - image_processor - DEBUG - [image_processing.py:30] - Convolution started. Image shape: (1080, 1080), kernel shape: (3, 3)
2025-12-21 19:51:30 - image_processor - DEBUG - [image_processing.py:36] - Convolution completed in 0.0187 seconds
2025-12-21 19:51:30 - image_processor - DEBUG - [image_processing.py:30] - Convolution started. Image shape: (1080, 1080), kernel shape: (3, 3)
2025-12-21 19:51:30 - image_processor - DEBUG - [parallel_convolution.py:48] - Library edge detection worker started for image 29 (PID 22808, breed: Bull Terrier)
2025-12-21 19:51:30 - image_processor - DEBUG - [image_processing.py:24] - ImageProcessing instance created
2025-12-21 19:51:30 - image_processor - DEBUG - [image_processing.py:120] - Edge detection (Canny) started
2025-12-21 19:51:30 - image_processor - DEBUG - [image_processing.py:46] - RGB to grayscale conversion started. Image shape: (810, 1080, 3)
2025-12-21 19:51:30 - image_processor - DEBUG - [parallel_convolution.py:28] - Convolution worker started for image 29 (PID 24048, breed: Bull Terrier)
2025-12-21 19:51:30 - image_processor - DEBUG - [image_processing.py:24] - ImageProcessing instance created
2025-12-21 19:51:30 - image_processor - DEBUG - [image_processing.py:120] - Edge detection (Canny) started
2025-12-21 19:51:30 - image_processor - DEBUG - [image_processing.py:46] - RGB to grayscale conversion started. Image shape: (810, 1080, 3)
2025-12-21 19:51:30 - image_processor - DEBUG - [image_processing.py:36] - Convolution completed in 0.0180 seconds
2025-12-21 19:51:30 - image_processor - DEBUG - [image_processing.py:53] - RGB to grayscale conversion completed. Result shape: (810, 1080)
2025-12-21 19:51:30 - image_processor - DEBUG - [image_processing.py:30] - Convolution started. Image shape: (810, 1080), kernel shape: (3, 3)
2025-12-21 19:51:30 - image_processor - DEBUG - [parallel_convolution.py:48] - Library edge detection worker started for image 30 (PID 1184, breed: Chesapeake Bay Retriever)
2025-12-21 19:51:30 - image_processor - DEBUG - [image_processing.py:24] - ImageProcessing instance created
2025-12-21 19:51:30 - image_processor - DEBUG - [image_processing.py:120] - Edge detection (Canny) started
2025-12-21 19:51:30 - image_processor - DEBUG - [image_processing.py:46] - RGB to grayscale conversion started. Image shape: (1350, 1080, 3)
2025-12-21 19:51:30 - image_processor - DEBUG - [image_processing.py:53] - RGB to grayscale conversion completed. Result shape: (810, 1080)
2025-12-21 19:51:30 - image_processor - DEBUG - [image_processing.py:30] - Convolution started. Image shape: (810, 1080), kernel shape: (3, 3)
2025-12-21 19:51:30 - image_processor - DEBUG - [image_processing.py:91] - Non-maximum suppression started
2025-12-21 19:51:30 - image_processor - DEBUG - [image_processing.py:36] - Convolution completed in 0.0136 seconds
2025-12-21 19:51:30 - image_processor - DEBUG - [image_processing.py:30] - Convolution started. Image shape: (810, 1080), kernel shape: (3, 3)
2025-12-21 19:51:30 - image_processor - DEBUG - [image_processing.py:36] - Convolution completed in 0.0140 seconds
2025-12-21 19:51:30 - image_processor - DEBUG - [image_processing.py:30] - Convolution started. Image shape: (810, 1080), kernel shape: (3, 3)
2025-12-21 19:51:30 - image_processor - DEBUG - [image_processing.py:36] - Convolution completed in 0.0145 seconds
2025-12-21 19:51:30 - image_processor - DEBUG - [image_processing.py:36] - Convolution completed in 0.0149 seconds
2025-12-21 19:51:30 - image_processor - DEBUG - [parallel_convolution.py:28] - Convolution worker started for image 30 (PID 25404, breed: Chesapeake Bay Retriever)
2025-12-21 19:51:30 - image_processor - DEBUG - [image_processing.py:24] - ImageProcessing instance created
2025-12-21 19:51:30 - image_processor - DEBUG - [image_processing.py:120] - Edge detection (Canny) started
2025-12-21 19:51:30 - image_processor - DEBUG - [image_processing.py:46] - RGB to grayscale conversion started. Image shape: (1350, 1080, 3)
2025-12-21 19:51:30 - image_processor - DEBUG - [image_processing.py:91] - Non-maximum suppression started
2025-12-21 19:51:30 - image_processor - DEBUG - [image_processing.py:91] - Non-maximum suppression started
2025-12-21 19:51:30 - image_processor - DEBUG - [image_processing.py:53] - RGB to grayscale conversion completed. Result shape: (1350, 1080)
2025-12-21 19:51:30 - image_processor - DEBUG - [image_processing.py:30] - Convolution started. Image shape: (1350, 1080), kernel shape: (3, 3)
2025-12-21 19:51:30 - image_processor - DEBUG - [image_processing.py:36] - Convolution completed in 0.0364 seconds
2025-12-21 19:51:30 - image_processor - DEBUG - [image_processing.py:30] - Convolution started. Image shape: (1350, 1080), kernel shape: (3, 3)
2025-12-21 19:51:31 - image_processor - DEBUG - [image_processing.py:53] - RGB to grayscale conversion completed. Result shape: (1350, 1080)
2025-12-21 19:51:31 - image_processor - DEBUG - [image_processing.py:30] - Convolution started. Image shape: (1350, 1080), kernel shape: (3, 3)
2025-12-21 19:51:31 - image_processor - DEBUG - [image_processing.py:36] - Convolution completed in 0.0364 seconds
2025-12-21 19:51:31 - image_processor - DEBUG - [image_processing.py:36] - Convolution completed in 0.0285 seconds
2025-12-21 19:51:31 - image_processor - DEBUG - [image_processing.py:30] - Convolution started. Image shape: (1350, 1080), kernel shape: (3, 3)
2025-12-21 19:51:31 - image_processor - DEBUG - [image_processing.py:36] - Convolution completed in 0.0286 seconds
2025-12-21 19:51:31 - image_processor - DEBUG - [image_processing.py:91] - Non-maximum suppression started
2025-12-21 19:51:31 - image_processor - DEBUG - [image_processing.py:91] - Non-maximum suppression started
2025-12-21 19:51:32 - image_processor - DEBUG - [image_processing.py:113] - Non-maximum suppression completed
2025-12-21 19:51:32 - image_processor - DEBUG - [image_processing.py:139] - Edge detection completed in 1.3408 seconds
2025-12-21 19:51:32 - image_processor - DEBUG - [parallel_convolution.py:33] - Convolution worker finished for image 29 (PID 24048)
2025-12-21 19:51:32 - image_processor - DEBUG - [image_processing.py:113] - Non-maximum suppression completed
2025-12-21 19:51:32 - image_processor - DEBUG - [image_processing.py:139] - Edge detection completed in 1.3640 seconds
2025-12-21 19:51:32 - image_processor - DEBUG - [parallel_convolution.py:53] - Library edge detection worker finished for image 29 (PID 22808)
2025-12-21 19:51:32 - image_processor - DEBUG - [image_processing.py:113] - Non-maximum suppression completed
2025-12-21 19:51:32 - image_processor - DEBUG - [image_processing.py:139] - Edge detection completed in 1.7195 seconds
2025-12-21 19:51:32 - image_processor - DEBUG - [parallel_convolution.py:53] - Library edge detection worker finished for image 27 (PID 9652)
2025-12-21 19:51:32 - image_processor - DEBUG - [image_processing.py:113] - Non-maximum suppression completed
2025-12-21 19:51:32 - image_processor - DEBUG - [image_processing.py:139] - Edge detection completed in 1.7446 seconds
2025-12-21 19:51:32 - image_processor - DEBUG - [parallel_convolution.py:33] - Convolution worker finished for image 27 (PID 11020)
2025-12-21 19:51:32 - image_processor - DEBUG - [image_processing.py:113] - Non-maximum suppression completed
2025-12-21 19:51:32 - image_processor - DEBUG - [image_processing.py:139] - Edge detection completed in 1.7582 seconds
2025-12-21 19:51:32 - image_processor - DEBUG - [parallel_convolution.py:53] - Library edge detection worker finished for image 28 (PID 24768)
2025-12-21 19:51:32 - image_processor - DEBUG - [image_processing.py:113] - Non-maximum suppression completed
2025-12-21 19:51:32 - image_processor - DEBUG - [image_processing.py:139] - Edge detection completed in 1.9020 seconds
2025-12-21 19:51:32 - image_processor - DEBUG - [parallel_convolution.py:33] - Convolution worker finished for image 26 (PID 25616)
2025-12-21 19:51:32 - image_processor - DEBUG - [image_processing.py:113] - Non-maximum suppression completed
2025-12-21 19:51:32 - image_processor - DEBUG - [image_processing.py:139] - Edge detection completed in 1.7080 seconds
2025-12-21 19:51:32 - image_processor - DEBUG - [image_processing.py:113] - Non-maximum suppression completed
2025-12-21 19:51:32 - image_processor - DEBUG - [parallel_convolution.py:33] - Convolution worker finished for image 28 (PID 25612)
2025-12-21 19:51:32 - image_processor - DEBUG - [image_processing.py:139] - Edge detection completed in 1.9266 seconds
2025-12-21 19:51:32 - image_processor - DEBUG - [parallel_convolution.py:53] - Library edge detection worker finished for image 26 (PID 26256)
2025-12-21 19:51:32 - image_processor - DEBUG - [image_processing.py:113] - Non-maximum suppression completed
2025-12-21 19:51:32 - image_processor - DEBUG - [image_processing.py:139] - Edge detection completed in 1.9515 seconds
2025-12-21 19:51:32 - image_processor - DEBUG - [parallel_convolution.py:53] - Library edge detection worker finished for image 30 (PID 1184)
2025-12-21 19:51:32 - image_processor - DEBUG - [image_processing.py:113] - Non-maximum suppression completed
2025-12-21 19:51:32 - image_processor - DEBUG - [image_processing.py:139] - Edge detection completed in 1.9225 seconds
2025-12-21 19:51:32 - image_processor - DEBUG - [parallel_convolution.py:33] - Convolution worker finished for image 30 (PID 25404)
2025-12-21 19:51:32 - image_processor - INFO - [parallel_convolution.py:154] - Parallel library edge detection completed for 5 images
2025-12-21 19:51:32 - image_processor - INFO - [parallel_convolution.py:137] - Parallel custom edge detection completed for 5 images
2025-12-21 19:51:32 - image_processor - DEBUG - [async_pipeline.py:113] - Edge detection completed
2025-12-21 19:51:32 - image_processor - INFO - [parallel_convolution.py:166] - Starting parallel arithmetic operations for 5 images
2025-12-21 19:51:33 - image_processor - DEBUG - [parallel_convolution.py:70] - Arithmetic operations worker started for image 26 (PID 26332, breed: Bearded Collie)
2025-12-21 19:51:33 - image_processor - DEBUG - [abstract_image.py:141] - Addition operation started
2025-12-21 19:51:33 - image_processor - DEBUG - [abstract_image.py:129] - Converting grayscale to RGB (3 channels)
2025-12-21 19:51:33 - image_processor - DEBUG - [parallel_convolution.py:70] - Arithmetic operations worker started for image 27 (PID 6304, breed: Bearded Collie)
2025-12-21 19:51:33 - image_processor - DEBUG - [abstract_image.py:141] - Addition operation started
2025-12-21 19:51:33 - image_processor - DEBUG - [abstract_image.py:129] - Converting grayscale to RGB (3 channels)
2025-12-21 19:51:33 - image_processor - DEBUG - [parallel_convolution.py:70] - Arithmetic operations worker started for image 28 (PID 24120, breed: Border Collie)
2025-12-21 19:51:33 - image_processor - DEBUG - [abstract_image.py:141] - Addition operation started
2025-12-21 19:51:33 - image_processor - DEBUG - [abstract_image.py:129] - Converting grayscale to RGB (3 channels)
2025-12-21 19:51:33 - image_processor - DEBUG - [parallel_convolution.py:70] - Arithmetic operations worker started for image 29 (PID 19172, breed: Bull Terrier)
2025-12-21 19:51:33 - image_processor - DEBUG - [abstract_image.py:141] - Addition operation started
2025-12-21 19:51:33 - image_processor - DEBUG - [abstract_image.py:129] - Converting grayscale to RGB (3 channels)
2025-12-21 19:51:33 - image_processor - DEBUG - [parallel_convolution.py:70] - Arithmetic operations worker started for image 30 (PID 21340, breed: Chesapeake Bay Retriever)
2025-12-21 19:51:33 - image_processor - DEBUG - [abstract_image.py:141] - Addition operation started
2025-12-21 19:51:33 - image_processor - DEBUG - [abstract_image.py:129] - Converting grayscale to RGB (3 channels)
2025-12-21 19:51:33 - image_processor - DEBUG - [abstract_image.py:166] - Addition operation completed. Result shape: (1162, 1080, 3)
2025-12-21 19:51:33 - image_processor - DEBUG - [image_processing.py:24] - ImageProcessing instance created
2025-12-21 19:51:33 - image_processor - DEBUG - [abstract_image.py:35] - CatImage created: breed=Bearded Collie+processed, shape=(1162, 1080, 3), url=combined_Bearded Collie...
2025-12-21 19:51:33 - image_processor - DEBUG - [abstract_image.py:173] - Subtraction operation started
2025-12-21 19:51:33 - image_processor - DEBUG - [abstract_image.py:129] - Converting grayscale to RGB (3 channels)
2025-12-21 19:51:33 - image_processor - DEBUG - [abstract_image.py:166] - Addition operation completed. Result shape: (1080, 1080, 3)
2025-12-21 19:51:33 - image_processor - DEBUG - [image_processing.py:24] - ImageProcessing instance created
2025-12-21 19:51:33 - image_processor - DEBUG - [abstract_image.py:35] - CatImage created: breed=Bearded Collie+processed, shape=(1080, 1080, 3), url=combined_Bearded Collie...
2025-12-21 19:51:33 - image_processor - DEBUG - [abstract_image.py:173] - Subtraction operation started
2025-12-21 19:51:33 - image_processor - DEBUG - [abstract_image.py:129] - Converting grayscale to RGB (3 channels)
2025-12-21 19:51:33 - image_processor - DEBUG - [abstract_image.py:166] - Addition operation completed. Result shape: (810, 1080, 3)
2025-12-21 19:51:33 - image_processor - DEBUG - [image_processing.py:24] - ImageProcessing instance created
2025-12-21 19:51:33 - image_processor - DEBUG - [abstract_image.py:35] - CatImage created: breed=Bull Terrier+processed, shape=(810, 1080, 3), url=combined_Bull Terrier...
2025-12-21 19:51:33 - image_processor - DEBUG - [abstract_image.py:173] - Subtraction operation started
2025-12-21 19:51:33 - image_processor - DEBUG - [abstract_image.py:129] - Converting grayscale to RGB (3 channels)
2025-12-21 19:51:33 - image_processor - DEBUG - [abstract_image.py:166] - Addition operation completed. Result shape: (1080, 1080, 3)
2025-12-21 19:51:33 - image_processor - DEBUG - [image_processing.py:24] - ImageProcessing instance created
2025-12-21 19:51:33 - image_processor - DEBUG - [abstract_image.py:35] - CatImage created: breed=Border Collie+processed, shape=(1080, 1080, 3), url=combined_Border Collie...
2025-12-21 19:51:33 - image_processor - DEBUG - [abstract_image.py:173] - Subtraction operation started
2025-12-21 19:51:33 - image_processor - DEBUG - [abstract_image.py:129] - Converting grayscale to RGB (3 channels)
2025-12-21 19:51:33 - image_processor - DEBUG - [abstract_image.py:198] - Subtraction operation completed. Result shape: (810, 1080, 3)
2025-12-21 19:51:33 - image_processor - DEBUG - [image_processing.py:24] - ImageProcessing instance created
2025-12-21 19:51:33 - image_processor - DEBUG - [abstract_image.py:35] - CatImage created: breed=Bull Terrier-processed, shape=(810, 1080, 3), url=subtracted_Bull Terrier...
2025-12-21 19:51:33 - image_processor - DEBUG - [abstract_image.py:141] - Addition operation started
2025-12-21 19:51:33 - image_processor - DEBUG - [abstract_image.py:129] - Converting grayscale to RGB (3 channels)
2025-12-21 19:51:33 - image_processor - DEBUG - [abstract_image.py:166] - Addition operation completed. Result shape: (1350, 1080, 3)
2025-12-21 19:51:33 - image_processor - DEBUG - [image_processing.py:24] - ImageProcessing instance created
2025-12-21 19:51:33 - image_processor - DEBUG - [abstract_image.py:35] - CatImage created: breed=Chesapeake Bay Retriever+processed, shape=(1350, 1080, 3), url=combined_Chesapeake Bay Retriever...
2025-12-21 19:51:33 - image_processor - DEBUG - [abstract_image.py:173] - Subtraction operation started
2025-12-21 19:51:33 - image_processor - DEBUG - [abstract_image.py:129] - Converting grayscale to RGB (3 channels)
2025-12-21 19:51:33 - image_processor - DEBUG - [abstract_image.py:198] - Subtraction operation completed. Result shape: (1162, 1080, 3)
2025-12-21 19:51:33 - image_processor - DEBUG - [image_processing.py:24] - ImageProcessing instance created
2025-12-21 19:51:33 - image_processor - DEBUG - [abstract_image.py:35] - CatImage created: breed=Bearded Collie-processed, shape=(1162, 1080, 3), url=subtracted_Bearded Collie...
2025-12-21 19:51:33 - image_processor - DEBUG - [abstract_image.py:141] - Addition operation started
2025-12-21 19:51:33 - image_processor - DEBUG - [abstract_image.py:129] - Converting grayscale to RGB (3 channels)
2025-12-21 19:51:34 - image_processor - DEBUG - [abstract_image.py:198] - Subtraction operation completed. Result shape: (1080, 1080, 3)
2025-12-21 19:51:34 - image_processor - DEBUG - [image_processing.py:24] - ImageProcessing instance created
2025-12-21 19:51:34 - image_processor - DEBUG - [abstract_image.py:35] - CatImage created: breed=Bearded Collie-processed, shape=(1080, 1080, 3), url=subtracted_Bearded Collie...
2025-12-21 19:51:34 - image_processor - DEBUG - [abstract_image.py:141] - Addition operation started
2025-12-21 19:51:34 - image_processor - DEBUG - [abstract_image.py:129] - Converting grayscale to RGB (3 channels)
2025-12-21 19:51:34 - image_processor - DEBUG - [abstract_image.py:198] - Subtraction operation completed. Result shape: (1080, 1080, 3)
2025-12-21 19:51:34 - image_processor - DEBUG - [image_processing.py:24] - ImageProcessing instance created
2025-12-21 19:51:34 - image_processor - DEBUG - [abstract_image.py:35] - CatImage created: breed=Border Collie-processed, shape=(1080, 1080, 3), url=subtracted_Border Collie...
2025-12-21 19:51:34 - image_processor - DEBUG - [abstract_image.py:141] - Addition operation started
2025-12-21 19:51:34 - image_processor - DEBUG - [abstract_image.py:129] - Converting grayscale to RGB (3 channels)
2025-12-21 19:51:34 - image_processor - DEBUG - [abstract_image.py:166] - Addition operation completed. Result shape: (810, 1080, 3)
2025-12-21 19:51:34 - image_processor - DEBUG - [image_processing.py:24] - ImageProcessing instance created
2025-12-21 19:51:34 - image_processor - DEBUG - [abstract_image.py:35] - CatImage created: breed=Bull Terrier+processed, shape=(810, 1080, 3), url=combined_Bull Terrier...
2025-12-21 19:51:34 - image_processor - DEBUG - [abstract_image.py:173] - Subtraction operation started
2025-12-21 19:51:34 - image_processor - DEBUG - [abstract_image.py:129] - Converting grayscale to RGB (3 channels)
2025-12-21 19:51:34 - image_processor - DEBUG - [abstract_image.py:166] - Addition operation completed. Result shape: (1162, 1080, 3)
2025-12-21 19:51:34 - image_processor - DEBUG - [image_processing.py:24] - ImageProcessing instance created
2025-12-21 19:51:34 - image_processor - DEBUG - [abstract_image.py:35] - CatImage created: breed=Bearded Collie+processed, shape=(1162, 1080, 3), url=combined_Bearded Collie...
2025-12-21 19:51:34 - image_processor - DEBUG - [abstract_image.py:173] - Subtraction operation started
2025-12-21 19:51:34 - image_processor - DEBUG - [abstract_image.py:129] - Converting grayscale to RGB (3 channels)
2025-12-21 19:51:34 - image_processor - DEBUG - [abstract_image.py:166] - Addition operation completed. Result shape: (1080, 1080, 3)
2025-12-21 19:51:34 - image_processor - DEBUG - [image_processing.py:24] - ImageProcessing instance created
2025-12-21 19:51:34 - image_processor - DEBUG - [abstract_image.py:35] - CatImage created: breed=Bearded Collie+processed, shape=(1080, 1080, 3), url=combined_Bearded Collie...
2025-12-21 19:51:34 - image_processor - DEBUG - [abstract_image.py:173] - Subtraction operation started
2025-12-21 19:51:34 - image_processor - DEBUG - [abstract_image.py:129] - Converting grayscale to RGB (3 channels)
2025-12-21 19:51:34 - image_processor - DEBUG - [abstract_image.py:198] - Subtraction operation completed. Result shape: (1350, 1080, 3)
2025-12-21 19:51:34 - image_processor - DEBUG - [image_processing.py:24] - ImageProcessing instance created
2025-12-21 19:51:34 - image_processor - DEBUG - [abstract_image.py:35] - CatImage created: breed=Chesapeake Bay Retriever-processed, shape=(1350, 1080, 3), url=subtracted_Chesapeake Bay Retriever...
2025-12-21 19:51:34 - image_processor - DEBUG - [abstract_image.py:141] - Addition operation started
2025-12-21 19:51:34 - image_processor - DEBUG - [abstract_image.py:129] - Converting grayscale to RGB (3 channels)
2025-12-21 19:51:34 - image_processor - DEBUG - [abstract_image.py:166] - Addition operation completed. Result shape: (1080, 1080, 3)
2025-12-21 19:51:34 - image_processor - DEBUG - [image_processing.py:24] - ImageProcessing instance created
2025-12-21 19:51:34 - image_processor - DEBUG - [abstract_image.py:35] - CatImage created: breed=Border Collie+processed, shape=(1080, 1080, 3), url=combined_Border Collie...
2025-12-21 19:51:34 - image_processor - DEBUG - [abstract_image.py:173] - Subtraction operation started
2025-12-21 19:51:34 - image_processor - DEBUG - [abstract_image.py:129] - Converting grayscale to RGB (3 channels)
2025-12-21 19:51:34 - image_processor - DEBUG - [abstract_image.py:198] - Subtraction operation completed. Result shape: (810, 1080, 3)
2025-12-21 19:51:34 - image_processor - DEBUG - [image_processing.py:24] - ImageProcessing instance created
2025-12-21 19:51:34 - image_processor - DEBUG - [abstract_image.py:35] - CatImage created: breed=Bull Terrier-processed, shape=(810, 1080, 3), url=subtracted_Bull Terrier...
2025-12-21 19:51:34 - image_processor - DEBUG - [parallel_convolution.py:85] - Arithmetic operations worker finished for image 29 (PID 19172)
2025-12-21 19:51:34 - image_processor - DEBUG - [abstract_image.py:198] - Subtraction operation completed. Result shape: (1080, 1080, 3)
2025-12-21 19:51:34 - image_processor - DEBUG - [image_processing.py:24] - ImageProcessing instance created
2025-12-21 19:51:34 - image_processor - DEBUG - [abstract_image.py:35] - CatImage created: breed=Bearded Collie-processed, shape=(1080, 1080, 3), url=subtracted_Bearded Collie...
2025-12-21 19:51:34 - image_processor - DEBUG - [parallel_convolution.py:85] - Arithmetic operations worker finished for image 27 (PID 6304)
2025-12-21 19:51:34 - image_processor - DEBUG - [abstract_image.py:198] - Subtraction operation completed. Result shape: (1080, 1080, 3)
2025-12-21 19:51:34 - image_processor - DEBUG - [image_processing.py:24] - ImageProcessing instance created
2025-12-21 19:51:34 - image_processor - DEBUG - [abstract_image.py:35] - CatImage created: breed=Border Collie-processed, shape=(1080, 1080, 3), url=subtracted_Border Collie...
2025-12-21 19:51:34 - image_processor - DEBUG - [parallel_convolution.py:85] - Arithmetic operations worker finished for image 28 (PID 24120)
2025-12-21 19:51:34 - image_processor - DEBUG - [abstract_image.py:198] - Subtraction operation completed. Result shape: (1162, 1080, 3)
2025-12-21 19:51:34 - image_processor - DEBUG - [image_processing.py:24] - ImageProcessing instance created
2025-12-21 19:51:34 - image_processor - DEBUG - [abstract_image.py:35] - CatImage created: breed=Bearded Collie-processed, shape=(1162, 1080, 3), url=subtracted_Bearded Collie...
2025-12-21 19:51:34 - image_processor - DEBUG - [parallel_convolution.py:85] - Arithmetic operations worker finished for image 26 (PID 26332)
2025-12-21 19:51:34 - image_processor - DEBUG - [abstract_image.py:166] - Addition operation completed. Result shape: (1350, 1080, 3)
2025-12-21 19:51:34 - image_processor - DEBUG - [image_processing.py:24] - ImageProcessing instance created
2025-12-21 19:51:34 - image_processor - DEBUG - [abstract_image.py:35] - CatImage created: breed=Chesapeake Bay Retriever+processed, shape=(1350, 1080, 3), url=combined_Chesapeake Bay Retriever...
2025-12-21 19:51:34 - image_processor - DEBUG - [abstract_image.py:173] - Subtraction operation started
2025-12-21 19:51:34 - image_processor - DEBUG - [abstract_image.py:129] - Converting grayscale to RGB (3 channels)
2025-12-21 19:51:34 - image_processor - DEBUG - [abstract_image.py:198] - Subtraction operation completed. Result shape: (1350, 1080, 3)
2025-12-21 19:51:34 - image_processor - DEBUG - [image_processing.py:24] - ImageProcessing instance created
2025-12-21 19:51:34 - image_processor - DEBUG - [abstract_image.py:35] - CatImage created: breed=Chesapeake Bay Retriever-processed, shape=(1350, 1080, 3), url=subtracted_Chesapeake Bay Retriever...
2025-12-21 19:51:34 - image_processor - DEBUG - [parallel_convolution.py:85] - Arithmetic operations worker finished for image 30 (PID 21340)
2025-12-21 19:51:34 - image_processor - INFO - [parallel_convolution.py:193] - Parallel arithmetic operations completed for 5 images
2025-12-21 19:51:34 - image_processor - DEBUG - [async_pipeline.py:124] - Arithmetic operations completed
2025-12-21 19:51:34 - image_processor - DEBUG - [async_pipeline.py:152] - Chunk processed: 5 images with all operations completed
2025-12-21 19:51:34 - image_processor - DEBUG - [async_pipeline.py:187] - Saving image 26 (Bearded Collie)
2025-12-21 19:51:34 - image_processor - DEBUG - [async_pipeline.py:187] - Saving image 27 (Bearded Collie)
2025-12-21 19:51:34 - image_processor - DEBUG - [async_pipeline.py:187] - Saving image 28 (Border Collie)
2025-12-21 19:51:34 - image_processor - DEBUG - [async_pipeline.py:187] - Saving image 29 (Bull Terrier)
2025-12-21 19:51:34 - image_processor - DEBUG - [async_pipeline.py:187] - Saving image 30 (Chesapeake Bay Retriever)
2025-12-21 19:51:34 - image_processor - DEBUG - [async_pipeline.py:203] - Image 29 saved (3 files)
2025-12-21 19:51:34 - image_processor - DEBUG - [async_pipeline.py:203] - Image 30 saved (3 files)
2025-12-21 19:51:34 - image_processor - DEBUG - [async_pipeline.py:203] - Image 28 saved (3 files)
2025-12-21 19:51:34 - image_processor - DEBUG - [async_pipeline.py:203] - Image 26 saved (3 files)
2025-12-21 19:51:34 - image_processor - DEBUG - [async_pipeline.py:203] - Image 27 saved (3 files)
2025-12-21 19:51:34 - image_processor - INFO - [async_pipeline.py:70] - Processing chunk 7/10: images 31 to 35
2025-12-21 19:51:34 - image_processor - INFO - [async_image_processor.py:144] - Starting parallel download of 5 images
2025-12-21 19:51:34 - image_processor - DEBUG - [async_image_processor.py:113] - Downloading image 31 (breed: Chesapeake Bay Retriever)
2025-12-21 19:51:34 - image_processor - DEBUG - [async_image_processor.py:113] - Downloading image 32 (breed: Chesapeake Bay Retriever)
2025-12-21 19:51:34 - image_processor - DEBUG - [async_image_processor.py:113] - Downloading image 33 (breed: Cocker Spaniel)
2025-12-21 19:51:34 - image_processor - DEBUG - [async_image_processor.py:113] - Downloading image 34 (breed: Finnish Spitz)
2025-12-21 19:51:34 - image_processor - DEBUG - [async_image_processor.py:113] - Downloading image 35 (breed: Finnish Spitz)
2025-12-21 19:51:36 - image_processor - DEBUG - [async_image_processor.py:131] - Image 32 downloaded successfully (shape: (600, 600, 3))
2025-12-21 19:51:36 - image_processor - DEBUG - [async_image_processor.py:131] - Image 35 downloaded successfully (shape: (432, 519, 3))
2025-12-21 19:51:36 - image_processor - DEBUG - [async_image_processor.py:131] - Image 31 downloaded successfully (shape: (1080, 1080, 3))
2025-12-21 19:51:36 - image_processor - DEBUG - [async_image_processor.py:131] - Image 33 downloaded successfully (shape: (1080, 1080, 3))
2025-12-21 19:51:36 - image_processor - DEBUG - [async_image_processor.py:131] - Image 34 downloaded successfully (shape: (428, 640, 3))
2025-12-21 19:51:36 - image_processor - INFO - [async_image_processor.py:155] - Parallel download completed: 5/5 successful
2025-12-21 19:51:36 - image_processor - DEBUG - [async_image_processor.py:163] - Creating image objects from 5 metadata entries
2025-12-21 19:51:36 - image_processor - DEBUG - [image_processing.py:24] - ImageProcessing instance created
2025-12-21 19:51:36 - image_processor - DEBUG - [abstract_image.py:35] - CatImage created: breed=Chesapeake Bay Retriever, shape=(1080, 1080, 3), url=https://cdn2.thedogapi.com/images/-QbEXksWV.jpg...
2025-12-21 19:51:36 - image_processor - DEBUG - [async_image_processor.py:184] - Image object created for index 31 (breed: Chesapeake Bay Retriever)
2025-12-21 19:51:36 - image_processor - DEBUG - [image_processing.py:24] - ImageProcessing instance created
2025-12-21 19:51:36 - image_processor - DEBUG - [abstract_image.py:35] - CatImage created: breed=Chesapeake Bay Retriever, shape=(600, 600, 3), url=https://cdn2.thedogapi.com/images/9BXwUeCc2.jpg...
2025-12-21 19:51:36 - image_processor - DEBUG - [async_image_processor.py:184] - Image object created for index 32 (breed: Chesapeake Bay Retriever)
2025-12-21 19:51:36 - image_processor - DEBUG - [image_processing.py:24] - ImageProcessing instance created
2025-12-21 19:51:36 - image_processor - DEBUG - [abstract_image.py:35] - CatImage created: breed=Cocker Spaniel, shape=(1080, 1080, 3), url=https://cdn2.thedogapi.com/images/BP9tUfS_h.jpg...
2025-12-21 19:51:36 - image_processor - DEBUG - [async_image_processor.py:184] - Image object created for index 33 (breed: Cocker Spaniel)
2025-12-21 19:51:36 - image_processor - DEBUG - [image_processing.py:24] - ImageProcessing instance created
2025-12-21 19:51:36 - image_processor - DEBUG - [abstract_image.py:35] - CatImage created: breed=Finnish Spitz, shape=(428, 640, 3), url=https://cdn2.thedogapi.com/images/1tLAP4Eo4.jpg...
2025-12-21 19:51:36 - image_processor - DEBUG - [async_image_processor.py:184] - Image object created for index 34 (breed: Finnish Spitz)
2025-12-21 19:51:36 - image_processor - DEBUG - [image_processing.py:24] - ImageProcessing instance created
2025-12-21 19:51:36 - image_processor - DEBUG - [abstract_image.py:35] - CatImage created: breed=Finnish Spitz, shape=(432, 519, 3), url=https://cdn2.thedogapi.com/images/J5xkGtEU3.jpg...
2025-12-21 19:51:36 - image_processor - DEBUG - [async_image_processor.py:184] - Image object created for index 35 (breed: Finnish Spitz)
2025-12-21 19:51:36 - image_processor - INFO - [async_image_processor.py:186] - Created 5 image objects
2025-12-21 19:51:36 - image_processor - DEBUG - [async_pipeline.py:76] - Chunk 7: 5 images ready for processing
2025-12-21 19:51:36 - image_processor - DEBUG - [async_pipeline.py:95] - Processing chunk of 5 images
2025-12-21 19:51:36 - image_processor - INFO - [parallel_convolution.py:127] - Starting parallel custom edge detection for 5 images
2025-12-21 19:51:36 - image_processor - INFO - [parallel_convolution.py:144] - Starting parallel library edge detection for 5 images
2025-12-21 19:51:38 - image_processor - DEBUG - [parallel_convolution.py:48] - Library edge detection worker started for image 31 (PID 19460, breed: Chesapeake Bay Retriever)
2025-12-21 19:51:38 - image_processor - DEBUG - [image_processing.py:24] - ImageProcessing instance created
2025-12-21 19:51:38 - image_processor - DEBUG - [image_processing.py:120] - Edge detection (Canny) started
2025-12-21 19:51:38 - image_processor - DEBUG - [image_processing.py:46] - RGB to grayscale conversion started. Image shape: (1080, 1080, 3)
2025-12-21 19:51:38 - image_processor - DEBUG - [parallel_convolution.py:48] - Library edge detection worker started for image 32 (PID 11636, breed: Chesapeake Bay Retriever)
2025-12-21 19:51:38 - image_processor - DEBUG - [image_processing.py:24] - ImageProcessing instance created
2025-12-21 19:51:38 - image_processor - DEBUG - [image_processing.py:120] - Edge detection (Canny) started
2025-12-21 19:51:38 - image_processor - DEBUG - [image_processing.py:46] - RGB to grayscale conversion started. Image shape: (600, 600, 3)
2025-12-21 19:51:38 - image_processor - DEBUG - [image_processing.py:53] - RGB to grayscale conversion completed. Result shape: (600, 600)
2025-12-21 19:51:38 - image_processor - DEBUG - [image_processing.py:30] - Convolution started. Image shape: (600, 600), kernel shape: (3, 3)
2025-12-21 19:51:38 - image_processor - DEBUG - [image_processing.py:36] - Convolution completed in 0.0050 seconds
2025-12-21 19:51:38 - image_processor - DEBUG - [image_processing.py:30] - Convolution started. Image shape: (600, 600), kernel shape: (3, 3)
2025-12-21 19:51:38 - image_processor - DEBUG - [image_processing.py:36] - Convolution completed in 0.0051 seconds
2025-12-21 19:51:38 - image_processor - DEBUG - [image_processing.py:91] - Non-maximum suppression started
2025-12-21 19:51:38 - image_processor - DEBUG - [image_processing.py:53] - RGB to grayscale conversion completed. Result shape: (1080, 1080)
2025-12-21 19:51:38 - image_processor - DEBUG - [image_processing.py:30] - Convolution started. Image shape: (1080, 1080), kernel shape: (3, 3)
2025-12-21 19:51:38 - image_processor - DEBUG - [image_processing.py:36] - Convolution completed in 0.0183 seconds
2025-12-21 19:51:38 - image_processor - DEBUG - [image_processing.py:30] - Convolution started. Image shape: (1080, 1080), kernel shape: (3, 3)
2025-12-21 19:51:38 - image_processor - DEBUG - [parallel_convolution.py:28] - Convolution worker started for image 31 (PID 25376, breed: Chesapeake Bay Retriever)
2025-12-21 19:51:38 - image_processor - DEBUG - [image_processing.py:24] - ImageProcessing instance created
2025-12-21 19:51:38 - image_processor - DEBUG - [image_processing.py:120] - Edge detection (Canny) started
2025-12-21 19:51:38 - image_processor - DEBUG - [image_processing.py:46] - RGB to grayscale conversion started. Image shape: (1080, 1080, 3)
2025-12-21 19:51:38 - image_processor - DEBUG - [parallel_convolution.py:48] - Library edge detection worker started for image 33 (PID 24688, breed: Cocker Spaniel)
2025-12-21 19:51:38 - image_processor - DEBUG - [image_processing.py:24] - ImageProcessing instance created
2025-12-21 19:51:38 - image_processor - DEBUG - [image_processing.py:120] - Edge detection (Canny) started
2025-12-21 19:51:38 - image_processor - DEBUG - [image_processing.py:46] - RGB to grayscale conversion started. Image shape: (1080, 1080, 3)
2025-12-21 19:51:38 - image_processor - DEBUG - [image_processing.py:36] - Convolution completed in 0.0180 seconds
2025-12-21 19:51:38 - image_processor - DEBUG - [parallel_convolution.py:48] - Library edge detection worker started for image 34 (PID 24772, breed: Finnish Spitz)
2025-12-21 19:51:38 - image_processor - DEBUG - [image_processing.py:24] - ImageProcessing instance created
2025-12-21 19:51:38 - image_processor - DEBUG - [image_processing.py:120] - Edge detection (Canny) started
2025-12-21 19:51:38 - image_processor - DEBUG - [image_processing.py:46] - RGB to grayscale conversion started. Image shape: (428, 640, 3)
2025-12-21 19:51:38 - image_processor - DEBUG - [image_processing.py:53] - RGB to grayscale conversion completed. Result shape: (428, 640)
2025-12-21 19:51:38 - image_processor - DEBUG - [image_processing.py:30] - Convolution started. Image shape: (428, 640), kernel shape: (3, 3)
2025-12-21 19:51:38 - image_processor - DEBUG - [image_processing.py:36] - Convolution completed in 0.0045 seconds
2025-12-21 19:51:38 - image_processor - DEBUG - [image_processing.py:30] - Convolution started. Image shape: (428, 640), kernel shape: (3, 3)
2025-12-21 19:51:38 - image_processor - DEBUG - [image_processing.py:36] - Convolution completed in 0.0043 seconds
2025-12-21 19:51:38 - image_processor - DEBUG - [image_processing.py:53] - RGB to grayscale conversion completed. Result shape: (1080, 1080)
2025-12-21 19:51:38 - image_processor - DEBUG - [image_processing.py:53] - RGB to grayscale conversion completed. Result shape: (1080, 1080)
2025-12-21 19:51:38 - image_processor - DEBUG - [image_processing.py:30] - Convolution started. Image shape: (1080, 1080), kernel shape: (3, 3)
2025-12-21 19:51:38 - image_processor - DEBUG - [image_processing.py:91] - Non-maximum suppression started
2025-12-21 19:51:38 - image_processor - DEBUG - [image_processing.py:30] - Convolution started. Image shape: (1080, 1080), kernel shape: (3, 3)
2025-12-21 19:51:38 - image_processor - DEBUG - [image_processing.py:91] - Non-maximum suppression started
2025-12-21 19:51:38 - image_processor - DEBUG - [image_processing.py:36] - Convolution completed in 0.0188 seconds
2025-12-21 19:51:38 - image_processor - DEBUG - [image_processing.py:36] - Convolution completed in 0.0207 seconds
2025-12-21 19:51:38 - image_processor - DEBUG - [image_processing.py:30] - Convolution started. Image shape: (1080, 1080), kernel shape: (3, 3)
2025-12-21 19:51:38 - image_processor - DEBUG - [image_processing.py:30] - Convolution started. Image shape: (1080, 1080), kernel shape: (3, 3)
2025-12-21 19:51:38 - image_processor - DEBUG - [image_processing.py:36] - Convolution completed in 0.0184 seconds
2025-12-21 19:51:38 - image_processor - DEBUG - [image_processing.py:36] - Convolution completed in 0.0191 seconds
2025-12-21 19:51:38 - image_processor - DEBUG - [parallel_convolution.py:28] - Convolution worker started for image 32 (PID 26504, breed: Chesapeake Bay Retriever)
2025-12-21 19:51:38 - image_processor - DEBUG - [image_processing.py:24] - ImageProcessing instance created
2025-12-21 19:51:38 - image_processor - DEBUG - [image_processing.py:120] - Edge detection (Canny) started
2025-12-21 19:51:38 - image_processor - DEBUG - [image_processing.py:46] - RGB to grayscale conversion started. Image shape: (600, 600, 3)
2025-12-21 19:51:38 - image_processor - DEBUG - [image_processing.py:91] - Non-maximum suppression started
2025-12-21 19:51:38 - image_processor - DEBUG - [parallel_convolution.py:48] - Library edge detection worker started for image 35 (PID 19524, breed: Finnish Spitz)
2025-12-21 19:51:38 - image_processor - DEBUG - [image_processing.py:24] - ImageProcessing instance created
2025-12-21 19:51:38 - image_processor - DEBUG - [image_processing.py:120] - Edge detection (Canny) started
2025-12-21 19:51:38 - image_processor - DEBUG - [image_processing.py:46] - RGB to grayscale conversion started. Image shape: (432, 519, 3)
2025-12-21 19:51:38 - image_processor - DEBUG - [parallel_convolution.py:28] - Convolution worker started for image 33 (PID 8216, breed: Cocker Spaniel)
2025-12-21 19:51:38 - image_processor - DEBUG - [image_processing.py:24] - ImageProcessing instance created
2025-12-21 19:51:38 - image_processor - DEBUG - [image_processing.py:120] - Edge detection (Canny) started
2025-12-21 19:51:38 - image_processor - DEBUG - [image_processing.py:46] - RGB to grayscale conversion started. Image shape: (1080, 1080, 3)
2025-12-21 19:51:38 - image_processor - DEBUG - [image_processing.py:53] - RGB to grayscale conversion completed. Result shape: (600, 600)
2025-12-21 19:51:38 - image_processor - DEBUG - [parallel_convolution.py:28] - Convolution worker started for image 34 (PID 17760, breed: Finnish Spitz)
2025-12-21 19:51:38 - image_processor - DEBUG - [image_processing.py:91] - Non-maximum suppression started
2025-12-21 19:51:38 - image_processor - DEBUG - [image_processing.py:24] - ImageProcessing instance created
2025-12-21 19:51:38 - image_processor - DEBUG - [image_processing.py:30] - Convolution started. Image shape: (600, 600), kernel shape: (3, 3)
2025-12-21 19:51:38 - image_processor - DEBUG - [image_processing.py:120] - Edge detection (Canny) started
2025-12-21 19:51:38 - image_processor - DEBUG - [image_processing.py:46] - RGB to grayscale conversion started. Image shape: (428, 640, 3)
2025-12-21 19:51:38 - image_processor - DEBUG - [image_processing.py:53] - RGB to grayscale conversion completed. Result shape: (432, 519)
2025-12-21 19:51:38 - image_processor - DEBUG - [image_processing.py:30] - Convolution started. Image shape: (432, 519), kernel shape: (3, 3)
2025-12-21 19:51:38 - image_processor - DEBUG - [image_processing.py:36] - Convolution completed in 0.0054 seconds
2025-12-21 19:51:38 - image_processor - DEBUG - [image_processing.py:30] - Convolution started. Image shape: (600, 600), kernel shape: (3, 3)
2025-12-21 19:51:38 - image_processor - DEBUG - [image_processing.py:36] - Convolution completed in 0.0036 seconds
2025-12-21 19:51:38 - image_processor - DEBUG - [image_processing.py:30] - Convolution started. Image shape: (432, 519), kernel shape: (3, 3)
2025-12-21 19:51:38 - image_processor - DEBUG - [image_processing.py:36] - Convolution completed in 0.0053 seconds
2025-12-21 19:51:38 - image_processor - DEBUG - [image_processing.py:36] - Convolution completed in 0.0032 seconds
2025-12-21 19:51:38 - image_processor - DEBUG - [image_processing.py:91] - Non-maximum suppression started
2025-12-21 19:51:38 - image_processor - DEBUG - [image_processing.py:53] - RGB to grayscale conversion completed. Result shape: (428, 640)
2025-12-21 19:51:38 - image_processor - DEBUG - [image_processing.py:30] - Convolution started. Image shape: (428, 640), kernel shape: (3, 3)
2025-12-21 19:51:38 - image_processor - DEBUG - [image_processing.py:36] - Convolution completed in 0.0042 seconds
2025-12-21 19:51:38 - image_processor - DEBUG - [image_processing.py:30] - Convolution started. Image shape: (428, 640), kernel shape: (3, 3)
2025-12-21 19:51:38 - image_processor - DEBUG - [image_processing.py:36] - Convolution completed in 0.0044 seconds
2025-12-21 19:51:38 - image_processor - DEBUG - [image_processing.py:91] - Non-maximum suppression started
2025-12-21 19:51:38 - image_processor - DEBUG - [image_processing.py:91] - Non-maximum suppression started
2025-12-21 19:51:38 - image_processor - DEBUG - [image_processing.py:53] - RGB to grayscale conversion completed. Result shape: (1080, 1080)
2025-12-21 19:51:38 - image_processor - DEBUG - [image_processing.py:30] - Convolution started. Image shape: (1080, 1080), kernel shape: (3, 3)
2025-12-21 19:51:38 - image_processor - DEBUG - [parallel_convolution.py:28] - Convolution worker started for image 35 (PID 8576, breed: Finnish Spitz)
2025-12-21 19:51:38 - image_processor - DEBUG - [image_processing.py:24] - ImageProcessing instance created
2025-12-21 19:51:38 - image_processor - DEBUG - [image_processing.py:120] - Edge detection (Canny) started
2025-12-21 19:51:38 - image_processor - DEBUG - [image_processing.py:46] - RGB to grayscale conversion started. Image shape: (432, 519, 3)
2025-12-21 19:51:38 - image_processor - DEBUG - [image_processing.py:36] - Convolution completed in 0.0175 seconds
2025-12-21 19:51:38 - image_processor - DEBUG - [image_processing.py:53] - RGB to grayscale conversion completed. Result shape: (432, 519)
2025-12-21 19:51:38 - image_processor - DEBUG - [image_processing.py:30] - Convolution started. Image shape: (1080, 1080), kernel shape: (3, 3)
2025-12-21 19:51:38 - image_processor - DEBUG - [image_processing.py:30] - Convolution started. Image shape: (432, 519), kernel shape: (3, 3)
2025-12-21 19:51:38 - image_processor - DEBUG - [image_processing.py:36] - Convolution completed in 0.0040 seconds
2025-12-21 19:51:38 - image_processor - DEBUG - [image_processing.py:30] - Convolution started. Image shape: (432, 519), kernel shape: (3, 3)
2025-12-21 19:51:38 - image_processor - DEBUG - [image_processing.py:36] - Convolution completed in 0.0038 seconds
2025-12-21 19:51:38 - image_processor - DEBUG - [image_processing.py:91] - Non-maximum suppression started
2025-12-21 19:51:38 - image_processor - DEBUG - [image_processing.py:36] - Convolution completed in 0.0177 seconds
2025-12-21 19:51:38 - image_processor - DEBUG - [image_processing.py:91] - Non-maximum suppression started
2025-12-21 19:51:38 - image_processor - DEBUG - [image_processing.py:113] - Non-maximum suppression completed
2025-12-21 19:51:38 - image_processor - DEBUG - [image_processing.py:139] - Edge detection completed in 0.4479 seconds
2025-12-21 19:51:38 - image_processor - DEBUG - [parallel_convolution.py:53] - Library edge detection worker finished for image 34 (PID 24772)
2025-12-21 19:51:38 - image_processor - DEBUG - [image_processing.py:113] - Non-maximum suppression completed
2025-12-21 19:51:38 - image_processor - DEBUG - [image_processing.py:139] - Edge detection completed in 0.3586 seconds
2025-12-21 19:51:38 - image_processor - DEBUG - [parallel_convolution.py:53] - Library edge detection worker finished for image 35 (PID 19524)
2025-12-21 19:51:38 - image_processor - DEBUG - [image_processing.py:113] - Non-maximum suppression completed
2025-12-21 19:51:38 - image_processor - DEBUG - [image_processing.py:139] - Edge detection completed in 0.5790 seconds
2025-12-21 19:51:38 - image_processor - DEBUG - [parallel_convolution.py:53] - Library edge detection worker finished for image 32 (PID 11636)
2025-12-21 19:51:38 - image_processor - DEBUG - [image_processing.py:113] - Non-maximum suppression completed
2025-12-21 19:51:38 - image_processor - DEBUG - [image_processing.py:139] - Edge detection completed in 0.4419 seconds
2025-12-21 19:51:38 - image_processor - DEBUG - [parallel_convolution.py:33] - Convolution worker finished for image 34 (PID 17760)
2025-12-21 19:51:38 - image_processor - DEBUG - [image_processing.py:113] - Non-maximum suppression completed
2025-12-21 19:51:38 - image_processor - DEBUG - [image_processing.py:139] - Edge detection completed in 0.4251 seconds
2025-12-21 19:51:38 - image_processor - DEBUG - [parallel_convolution.py:33] - Convolution worker finished for image 35 (PID 8576)
2025-12-21 19:51:38 - image_processor - DEBUG - [image_processing.py:113] - Non-maximum suppression completed
2025-12-21 19:51:38 - image_processor - DEBUG - [image_processing.py:139] - Edge detection completed in 0.6160 seconds
2025-12-21 19:51:38 - image_processor - DEBUG - [parallel_convolution.py:33] - Convolution worker finished for image 32 (PID 26504)
2025-12-21 19:51:39 - image_processor - DEBUG - [image_processing.py:113] - Non-maximum suppression completed
2025-12-21 19:51:39 - image_processor - DEBUG - [image_processing.py:139] - Edge detection completed in 1.3002 seconds
2025-12-21 19:51:39 - image_processor - DEBUG - [parallel_convolution.py:53] - Library edge detection worker finished for image 31 (PID 19460)
2025-12-21 19:51:39 - image_processor - DEBUG - [image_processing.py:113] - Non-maximum suppression completed
2025-12-21 19:51:39 - image_processor - DEBUG - [image_processing.py:139] - Edge detection completed in 1.2389 seconds
2025-12-21 19:51:39 - image_processor - DEBUG - [parallel_convolution.py:53] - Library edge detection worker finished for image 33 (PID 24688)
2025-12-21 19:51:39 - image_processor - INFO - [parallel_convolution.py:154] - Parallel library edge detection completed for 5 images
2025-12-21 19:51:39 - image_processor - DEBUG - [image_processing.py:113] - Non-maximum suppression completed
2025-12-21 19:51:39 - image_processor - DEBUG - [image_processing.py:139] - Edge detection completed in 1.3306 seconds
2025-12-21 19:51:39 - image_processor - DEBUG - [parallel_convolution.py:33] - Convolution worker finished for image 31 (PID 25376)
2025-12-21 19:51:39 - image_processor - DEBUG - [image_processing.py:113] - Non-maximum suppression completed
2025-12-21 19:51:39 - image_processor - DEBUG - [image_processing.py:139] - Edge detection completed in 1.2340 seconds
2025-12-21 19:51:39 - image_processor - DEBUG - [parallel_convolution.py:33] - Convolution worker finished for image 33 (PID 8216)
2025-12-21 19:51:39 - image_processor - INFO - [parallel_convolution.py:137] - Parallel custom edge detection completed for 5 images
2025-12-21 19:51:39 - image_processor - DEBUG - [async_pipeline.py:113] - Edge detection completed
2025-12-21 19:51:39 - image_processor - INFO - [parallel_convolution.py:166] - Starting parallel arithmetic operations for 5 images
2025-12-21 19:51:40 - image_processor - DEBUG - [parallel_convolution.py:70] - Arithmetic operations worker started for image 31 (PID 6388, breed: Chesapeake Bay Retriever)
2025-12-21 19:51:40 - image_processor - DEBUG - [abstract_image.py:141] - Addition operation started
2025-12-21 19:51:40 - image_processor - DEBUG - [abstract_image.py:129] - Converting grayscale to RGB (3 channels)
2025-12-21 19:51:40 - image_processor - DEBUG - [parallel_convolution.py:70] - Arithmetic operations worker started for image 32 (PID 24568, breed: Chesapeake Bay Retriever)
2025-12-21 19:51:40 - image_processor - DEBUG - [abstract_image.py:141] - Addition operation started
2025-12-21 19:51:40 - image_processor - DEBUG - [abstract_image.py:129] - Converting grayscale to RGB (3 channels)
2025-12-21 19:51:40 - image_processor - DEBUG - [abstract_image.py:166] - Addition operation completed. Result shape: (600, 600, 3)
2025-12-21 19:51:40 - image_processor - DEBUG - [image_processing.py:24] - ImageProcessing instance created
2025-12-21 19:51:40 - image_processor - DEBUG - [abstract_image.py:35] - CatImage created: breed=Chesapeake Bay Retriever+processed, shape=(600, 600, 3), url=combined_Chesapeake Bay Retriever...
2025-12-21 19:51:40 - image_processor - DEBUG - [abstract_image.py:173] - Subtraction operation started
2025-12-21 19:51:40 - image_processor - DEBUG - [abstract_image.py:129] - Converting grayscale to RGB (3 channels)
2025-12-21 19:51:40 - image_processor - DEBUG - [parallel_convolution.py:70] - Arithmetic operations worker started for image 33 (PID 23088, breed: Cocker Spaniel)
2025-12-21 19:51:40 - image_processor - DEBUG - [abstract_image.py:141] - Addition operation started
2025-12-21 19:51:40 - image_processor - DEBUG - [abstract_image.py:129] - Converting grayscale to RGB (3 channels)
2025-12-21 19:51:40 - image_processor - DEBUG - [parallel_convolution.py:70] - Arithmetic operations worker started for image 34 (PID 7876, breed: Finnish Spitz)
2025-12-21 19:51:40 - image_processor - DEBUG - [abstract_image.py:141] - Addition operation started
2025-12-21 19:51:40 - image_processor - DEBUG - [abstract_image.py:129] - Converting grayscale to RGB (3 channels)
2025-12-21 19:51:40 - image_processor - DEBUG - [abstract_image.py:198] - Subtraction operation completed. Result shape: (600, 600, 3)
2025-12-21 19:51:40 - image_processor - DEBUG - [image_processing.py:24] - ImageProcessing instance created
2025-12-21 19:51:40 - image_processor - DEBUG - [abstract_image.py:35] - CatImage created: breed=Chesapeake Bay Retriever-processed, shape=(600, 600, 3), url=subtracted_Chesapeake Bay Retriever...
2025-12-21 19:51:40 - image_processor - DEBUG - [abstract_image.py:141] - Addition operation started
2025-12-21 19:51:40 - image_processor - DEBUG - [abstract_image.py:129] - Converting grayscale to RGB (3 channels)
2025-12-21 19:51:40 - image_processor - DEBUG - [parallel_convolution.py:70] - Arithmetic operations worker started for image 35 (PID 22708, breed: Finnish Spitz)
2025-12-21 19:51:40 - image_processor - DEBUG - [abstract_image.py:141] - Addition operation started
2025-12-21 19:51:40 - image_processor - DEBUG - [abstract_image.py:129] - Converting grayscale to RGB (3 channels)
2025-12-21 19:51:40 - image_processor - DEBUG - [abstract_image.py:166] - Addition operation completed. Result shape: (428, 640, 3)
2025-12-21 19:51:40 - image_processor - DEBUG - [image_processing.py:24] - ImageProcessing instance created
2025-12-21 19:51:40 - image_processor - DEBUG - [abstract_image.py:35] - CatImage created: breed=Finnish Spitz+processed, shape=(428, 640, 3), url=combined_Finnish Spitz...
2025-12-21 19:51:40 - image_processor - DEBUG - [abstract_image.py:173] - Subtraction operation started
2025-12-21 19:51:40 - image_processor - DEBUG - [abstract_image.py:129] - Converting grayscale to RGB (3 channels)
2025-12-21 19:51:40 - image_processor - DEBUG - [abstract_image.py:166] - Addition operation completed. Result shape: (432, 519, 3)
2025-12-21 19:51:40 - image_processor - DEBUG - [image_processing.py:24] - ImageProcessing instance created
2025-12-21 19:51:40 - image_processor - DEBUG - [abstract_image.py:35] - CatImage created: breed=Finnish Spitz+processed, shape=(432, 519, 3), url=combined_Finnish Spitz...
2025-12-21 19:51:40 - image_processor - DEBUG - [abstract_image.py:173] - Subtraction operation started
2025-12-21 19:51:40 - image_processor - DEBUG - [abstract_image.py:129] - Converting grayscale to RGB (3 channels)
2025-12-21 19:51:40 - image_processor - DEBUG - [abstract_image.py:166] - Addition operation completed. Result shape: (600, 600, 3)
2025-12-21 19:51:40 - image_processor - DEBUG - [image_processing.py:24] - ImageProcessing instance created
2025-12-21 19:51:40 - image_processor - DEBUG - [abstract_image.py:35] - CatImage created: breed=Chesapeake Bay Retriever+processed, shape=(600, 600, 3), url=combined_Chesapeake Bay Retriever...
2025-12-21 19:51:40 - image_processor - DEBUG - [abstract_image.py:173] - Subtraction operation started
2025-12-21 19:51:40 - image_processor - DEBUG - [abstract_image.py:129] - Converting grayscale to RGB (3 channels)
2025-12-21 19:51:40 - image_processor - DEBUG - [abstract_image.py:166] - Addition operation completed. Result shape: (1080, 1080, 3)
2025-12-21 19:51:40 - image_processor - DEBUG - [abstract_image.py:198] - Subtraction operation completed. Result shape: (428, 640, 3)
2025-12-21 19:51:40 - image_processor - DEBUG - [image_processing.py:24] - ImageProcessing instance created
2025-12-21 19:51:40 - image_processor - DEBUG - [image_processing.py:24] - ImageProcessing instance created
2025-12-21 19:51:40 - image_processor - DEBUG - [abstract_image.py:35] - CatImage created: breed=Chesapeake Bay Retriever+processed, shape=(1080, 1080, 3), url=combined_Chesapeake Bay Retriever...
2025-12-21 19:51:40 - image_processor - DEBUG - [abstract_image.py:35] - CatImage created: breed=Finnish Spitz-processed, shape=(428, 640, 3), url=subtracted_Finnish Spitz...
2025-12-21 19:51:40 - image_processor - DEBUG - [abstract_image.py:141] - Addition operation started
2025-12-21 19:51:40 - image_processor - DEBUG - [abstract_image.py:129] - Converting grayscale to RGB (3 channels)
2025-12-21 19:51:40 - image_processor - DEBUG - [abstract_image.py:173] - Subtraction operation started
2025-12-21 19:51:40 - image_processor - DEBUG - [abstract_image.py:129] - Converting grayscale to RGB (3 channels)
2025-12-21 19:51:40 - image_processor - DEBUG - [abstract_image.py:198] - Subtraction operation completed. Result shape: (432, 519, 3)
2025-12-21 19:51:40 - image_processor - DEBUG - [image_processing.py:24] - ImageProcessing instance created
2025-12-21 19:51:40 - image_processor - DEBUG - [abstract_image.py:35] - CatImage created: breed=Finnish Spitz-processed, shape=(432, 519, 3), url=subtracted_Finnish Spitz...
2025-12-21 19:51:40 - image_processor - DEBUG - [abstract_image.py:141] - Addition operation started
2025-12-21 19:51:40 - image_processor - DEBUG - [abstract_image.py:129] - Converting grayscale to RGB (3 channels)
2025-12-21 19:51:40 - image_processor - DEBUG - [abstract_image.py:166] - Addition operation completed. Result shape: (428, 640, 3)
2025-12-21 19:51:40 - image_processor - DEBUG - [image_processing.py:24] - ImageProcessing instance created
2025-12-21 19:51:40 - image_processor - DEBUG - [abstract_image.py:35] - CatImage created: breed=Finnish Spitz+processed, shape=(428, 640, 3), url=combined_Finnish Spitz...
2025-12-21 19:51:40 - image_processor - DEBUG - [abstract_image.py:173] - Subtraction operation started
2025-12-21 19:51:40 - image_processor - DEBUG - [abstract_image.py:129] - Converting grayscale to RGB (3 channels)
2025-12-21 19:51:40 - image_processor - DEBUG - [abstract_image.py:198] - Subtraction operation completed. Result shape: (600, 600, 3)
2025-12-21 19:51:40 - image_processor - DEBUG - [image_processing.py:24] - ImageProcessing instance created
2025-12-21 19:51:40 - image_processor - DEBUG - [abstract_image.py:35] - CatImage created: breed=Chesapeake Bay Retriever-processed, shape=(600, 600, 3), url=subtracted_Chesapeake Bay Retriever...
2025-12-21 19:51:40 - image_processor - DEBUG - [abstract_image.py:166] - Addition operation completed. Result shape: (432, 519, 3)
2025-12-21 19:51:40 - image_processor - DEBUG - [parallel_convolution.py:85] - Arithmetic operations worker finished for image 32 (PID 24568)
2025-12-21 19:51:40 - image_processor - DEBUG - [image_processing.py:24] - ImageProcessing instance created
2025-12-21 19:51:40 - image_processor - DEBUG - [abstract_image.py:35] - CatImage created: breed=Finnish Spitz+processed, shape=(432, 519, 3), url=combined_Finnish Spitz...
2025-12-21 19:51:40 - image_processor - DEBUG - [abstract_image.py:173] - Subtraction operation started
2025-12-21 19:51:40 - image_processor - DEBUG - [abstract_image.py:129] - Converting grayscale to RGB (3 channels)
2025-12-21 19:51:40 - image_processor - DEBUG - [abstract_image.py:166] - Addition operation completed. Result shape: (1080, 1080, 3)
2025-12-21 19:51:40 - image_processor - DEBUG - [image_processing.py:24] - ImageProcessing instance created
2025-12-21 19:51:40 - image_processor - DEBUG - [abstract_image.py:35] - CatImage created: breed=Cocker Spaniel+processed, shape=(1080, 1080, 3), url=combined_Cocker Spaniel...
2025-12-21 19:51:40 - image_processor - DEBUG - [abstract_image.py:173] - Subtraction operation started
2025-12-21 19:51:40 - image_processor - DEBUG - [abstract_image.py:129] - Converting grayscale to RGB (3 channels)
2025-12-21 19:51:40 - image_processor - DEBUG - [abstract_image.py:198] - Subtraction operation completed. Result shape: (432, 519, 3)
2025-12-21 19:51:40 - image_processor - DEBUG - [image_processing.py:24] - ImageProcessing instance created
2025-12-21 19:51:40 - image_processor - DEBUG - [abstract_image.py:35] - CatImage created: breed=Finnish Spitz-processed, shape=(432, 519, 3), url=subtracted_Finnish Spitz...
2025-12-21 19:51:40 - image_processor - DEBUG - [parallel_convolution.py:85] - Arithmetic operations worker finished for image 35 (PID 22708)
2025-12-21 19:51:40 - image_processor - DEBUG - [abstract_image.py:198] - Subtraction operation completed. Result shape: (428, 640, 3)
2025-12-21 19:51:40 - image_processor - DEBUG - [image_processing.py:24] - ImageProcessing instance created
2025-12-21 19:51:40 - image_processor - DEBUG - [abstract_image.py:35] - CatImage created: breed=Finnish Spitz-processed, shape=(428, 640, 3), url=subtracted_Finnish Spitz...
2025-12-21 19:51:40 - image_processor - DEBUG - [parallel_convolution.py:85] - Arithmetic operations worker finished for image 34 (PID 7876)
2025-12-21 19:51:40 - image_processor - DEBUG - [abstract_image.py:198] - Subtraction operation completed. Result shape: (1080, 1080, 3)
2025-12-21 19:51:40 - image_processor - DEBUG - [image_processing.py:24] - ImageProcessing instance created
2025-12-21 19:51:40 - image_processor - DEBUG - [abstract_image.py:35] - CatImage created: breed=Chesapeake Bay Retriever-processed, shape=(1080, 1080, 3), url=subtracted_Chesapeake Bay Retriever...
2025-12-21 19:51:40 - image_processor - DEBUG - [abstract_image.py:141] - Addition operation started
2025-12-21 19:51:40 - image_processor - DEBUG - [abstract_image.py:129] - Converting grayscale to RGB (3 channels)
2025-12-21 19:51:40 - image_processor - DEBUG - [abstract_image.py:198] - Subtraction operation completed. Result shape: (1080, 1080, 3)
2025-12-21 19:51:40 - image_processor - DEBUG - [image_processing.py:24] - ImageProcessing instance created
2025-12-21 19:51:40 - image_processor - DEBUG - [abstract_image.py:35] - CatImage created: breed=Cocker Spaniel-processed, shape=(1080, 1080, 3), url=subtracted_Cocker Spaniel...
2025-12-21 19:51:40 - image_processor - DEBUG - [abstract_image.py:141] - Addition operation started
2025-12-21 19:51:40 - image_processor - DEBUG - [abstract_image.py:129] - Converting grayscale to RGB (3 channels)
2025-12-21 19:51:40 - image_processor - DEBUG - [abstract_image.py:166] - Addition operation completed. Result shape: (1080, 1080, 3)
2025-12-21 19:51:40 - image_processor - DEBUG - [image_processing.py:24] - ImageProcessing instance created
2025-12-21 19:51:40 - image_processor - DEBUG - [abstract_image.py:35] - CatImage created: breed=Chesapeake Bay Retriever+processed, shape=(1080, 1080, 3), url=combined_Chesapeake Bay Retriever...
2025-12-21 19:51:40 - image_processor - DEBUG - [abstract_image.py:173] - Subtraction operation started
2025-12-21 19:51:40 - image_processor - DEBUG - [abstract_image.py:129] - Converting grayscale to RGB (3 channels)
2025-12-21 19:51:40 - image_processor - DEBUG - [abstract_image.py:166] - Addition operation completed. Result shape: (1080, 1080, 3)
2025-12-21 19:51:40 - image_processor - DEBUG - [image_processing.py:24] - ImageProcessing instance created
2025-12-21 19:51:40 - image_processor - DEBUG - [abstract_image.py:35] - CatImage created: breed=Cocker Spaniel+processed, shape=(1080, 1080, 3), url=combined_Cocker Spaniel...
2025-12-21 19:51:40 - image_processor - DEBUG - [abstract_image.py:173] - Subtraction operation started
2025-12-21 19:51:40 - image_processor - DEBUG - [abstract_image.py:129] - Converting grayscale to RGB (3 channels)
2025-12-21 19:51:40 - image_processor - DEBUG - [abstract_image.py:198] - Subtraction operation completed. Result shape: (1080, 1080, 3)
2025-12-21 19:51:40 - image_processor - DEBUG - [image_processing.py:24] - ImageProcessing instance created
2025-12-21 19:51:40 - image_processor - DEBUG - [abstract_image.py:35] - CatImage created: breed=Chesapeake Bay Retriever-processed, shape=(1080, 1080, 3), url=subtracted_Chesapeake Bay Retriever...
2025-12-21 19:51:40 - image_processor - DEBUG - [parallel_convolution.py:85] - Arithmetic operations worker finished for image 31 (PID 6388)
2025-12-21 19:51:40 - image_processor - DEBUG - [abstract_image.py:198] - Subtraction operation completed. Result shape: (1080, 1080, 3)
2025-12-21 19:51:40 - image_processor - DEBUG - [image_processing.py:24] - ImageProcessing instance created
2025-12-21 19:51:40 - image_processor - DEBUG - [abstract_image.py:35] - CatImage created: breed=Cocker Spaniel-processed, shape=(1080, 1080, 3), url=subtracted_Cocker Spaniel...
2025-12-21 19:51:40 - image_processor - DEBUG - [parallel_convolution.py:85] - Arithmetic operations worker finished for image 33 (PID 23088)
2025-12-21 19:51:40 - image_processor - INFO - [parallel_convolution.py:193] - Parallel arithmetic operations completed for 5 images
2025-12-21 19:51:40 - image_processor - DEBUG - [async_pipeline.py:124] - Arithmetic operations completed
2025-12-21 19:51:40 - image_processor - DEBUG - [async_pipeline.py:152] - Chunk processed: 5 images with all operations completed
2025-12-21 19:51:40 - image_processor - DEBUG - [async_pipeline.py:187] - Saving image 31 (Chesapeake Bay Retriever)
2025-12-21 19:51:40 - image_processor - DEBUG - [async_pipeline.py:187] - Saving image 32 (Chesapeake Bay Retriever)
2025-12-21 19:51:40 - image_processor - DEBUG - [async_pipeline.py:187] - Saving image 33 (Cocker Spaniel)
2025-12-21 19:51:40 - image_processor - DEBUG - [async_pipeline.py:187] - Saving image 34 (Finnish Spitz)
2025-12-21 19:51:40 - image_processor - DEBUG - [async_pipeline.py:187] - Saving image 35 (Finnish Spitz)
2025-12-21 19:51:41 - image_processor - DEBUG - [async_pipeline.py:203] - Image 33 saved (3 files)
2025-12-21 19:51:41 - image_processor - DEBUG - [async_pipeline.py:203] - Image 32 saved (3 files)
2025-12-21 19:51:41 - image_processor - DEBUG - [async_pipeline.py:203] - Image 31 saved (3 files)
2025-12-21 19:51:41 - image_processor - DEBUG - [async_pipeline.py:203] - Image 34 saved (3 files)
2025-12-21 19:51:41 - image_processor - DEBUG - [async_pipeline.py:203] - Image 35 saved (3 files)
2025-12-21 19:51:41 - image_processor - INFO - [async_pipeline.py:70] - Processing chunk 8/10: images 36 to 40
2025-12-21 19:51:41 - image_processor - INFO - [async_image_processor.py:144] - Starting parallel download of 5 images
2025-12-21 19:51:41 - image_processor - DEBUG - [async_image_processor.py:113] - Downloading image 36 (breed: Finnish Spitz)
2025-12-21 19:51:41 - image_processor - DEBUG - [async_image_processor.py:113] - Downloading image 37 (breed: Finnish Spitz)
2025-12-21 19:51:41 - image_processor - DEBUG - [async_image_processor.py:113] - Downloading image 38 (breed: Kooikerhondje)
2025-12-21 19:51:41 - image_processor - DEBUG - [async_image_processor.py:113] - Downloading image 39 (breed: Kooikerhondje)
2025-12-21 19:51:41 - image_processor - DEBUG - [async_image_processor.py:113] - Downloading image 40 (breed: Kooikerhondje)
2025-12-21 19:51:42 - image_processor - DEBUG - [async_image_processor.py:131] - Image 40 downloaded successfully (shape: (853, 1280, 3))
2025-12-21 19:51:42 - image_processor - DEBUG - [async_image_processor.py:131] - Image 37 downloaded successfully (shape: (685, 1024, 3))
2025-12-21 19:51:42 - image_processor - DEBUG - [async_image_processor.py:131] - Image 38 downloaded successfully (shape: (427, 640, 3))
2025-12-21 19:51:42 - image_processor - DEBUG - [async_image_processor.py:131] - Image 36 downloaded successfully (shape: (481, 640, 3))
2025-12-21 19:51:42 - image_processor - DEBUG - [async_image_processor.py:131] - Image 39 downloaded successfully (shape: (1919, 1280, 3))
2025-12-21 19:51:42 - image_processor - INFO - [async_image_processor.py:155] - Parallel download completed: 5/5 successful
2025-12-21 19:51:42 - image_processor - DEBUG - [async_image_processor.py:163] - Creating image objects from 5 metadata entries
2025-12-21 19:51:42 - image_processor - DEBUG - [image_processing.py:24] - ImageProcessing instance created
2025-12-21 19:51:42 - image_processor - DEBUG - [abstract_image.py:35] - CatImage created: breed=Finnish Spitz, shape=(481, 640, 3), url=https://cdn2.thedogapi.com/images/SwxIgmxlN.jpg...
2025-12-21 19:51:42 - image_processor - DEBUG - [async_image_processor.py:184] - Image object created for index 36 (breed: Finnish Spitz)
2025-12-21 19:51:42 - image_processor - DEBUG - [image_processing.py:24] - ImageProcessing instance created
2025-12-21 19:51:42 - image_processor - DEBUG - [abstract_image.py:35] - CatImage created: breed=Finnish Spitz, shape=(685, 1024, 3), url=https://cdn2.thedogapi.com/images/6euYVVE_u.jpg...
2025-12-21 19:51:42 - image_processor - DEBUG - [async_image_processor.py:184] - Image object created for index 37 (breed: Finnish Spitz)
2025-12-21 19:51:42 - image_processor - DEBUG - [image_processing.py:24] - ImageProcessing instance created
2025-12-21 19:51:42 - image_processor - DEBUG - [abstract_image.py:35] - CatImage created: breed=Kooikerhondje, shape=(427, 640, 3), url=https://cdn2.thedogapi.com/images/blN4umH0V.jpg...
2025-12-21 19:51:42 - image_processor - DEBUG - [async_image_processor.py:184] - Image object created for index 38 (breed: Kooikerhondje)
2025-12-21 19:51:42 - image_processor - DEBUG - [image_processing.py:24] - ImageProcessing instance created
2025-12-21 19:51:42 - image_processor - DEBUG - [abstract_image.py:35] - CatImage created: breed=Kooikerhondje, shape=(1919, 1280, 3), url=https://cdn2.thedogapi.com/images/L4ED868m_.jpg...
2025-12-21 19:51:42 - image_processor - DEBUG - [async_image_processor.py:184] - Image object created for index 39 (breed: Kooikerhondje)
2025-12-21 19:51:42 - image_processor - DEBUG - [image_processing.py:24] - ImageProcessing instance created
2025-12-21 19:51:42 - image_processor - DEBUG - [abstract_image.py:35] - CatImage created: breed=Kooikerhondje, shape=(853, 1280, 3), url=https://cdn2.thedogapi.com/images/4CUZk1TCM.jpg...
2025-12-21 19:51:42 - image_processor - DEBUG - [async_image_processor.py:184] - Image object created for index 40 (breed: Kooikerhondje)
2025-12-21 19:51:42 - image_processor - INFO - [async_image_processor.py:186] - Created 5 image objects
2025-12-21 19:51:42 - image_processor - DEBUG - [async_pipeline.py:76] - Chunk 8: 5 images ready for processing
2025-12-21 19:51:42 - image_processor - DEBUG - [async_pipeline.py:95] - Processing chunk of 5 images
2025-12-21 19:51:42 - image_processor - INFO - [parallel_convolution.py:127] - Starting parallel custom edge detection for 5 images
2025-12-21 19:51:42 - image_processor - INFO - [parallel_convolution.py:144] - Starting parallel library edge detection for 5 images
2025-12-21 19:51:44 - image_processor - DEBUG - [parallel_convolution.py:28] - Convolution worker started for image 36 (PID 15740, breed: Finnish Spitz)
2025-12-21 19:51:44 - image_processor - DEBUG - [image_processing.py:24] - ImageProcessing instance created
2025-12-21 19:51:44 - image_processor - DEBUG - [image_processing.py:120] - Edge detection (Canny) started
2025-12-21 19:51:44 - image_processor - DEBUG - [image_processing.py:46] - RGB to grayscale conversion started. Image shape: (481, 640, 3)
2025-12-21 19:51:44 - image_processor - DEBUG - [image_processing.py:53] - RGB to grayscale conversion completed. Result shape: (481, 640)
2025-12-21 19:51:44 - image_processor - DEBUG - [image_processing.py:30] - Convolution started. Image shape: (481, 640), kernel shape: (3, 3)
2025-12-21 19:51:44 - image_processor - DEBUG - [image_processing.py:36] - Convolution completed in 0.0046 seconds
2025-12-21 19:51:44 - image_processor - DEBUG - [image_processing.py:30] - Convolution started. Image shape: (481, 640), kernel shape: (3, 3)
2025-12-21 19:51:44 - image_processor - DEBUG - [image_processing.py:36] - Convolution completed in 0.0048 seconds
2025-12-21 19:51:44 - image_processor - DEBUG - [image_processing.py:91] - Non-maximum suppression started
2025-12-21 19:51:44 - image_processor - DEBUG - [parallel_convolution.py:48] - Library edge detection worker started for image 36 (PID 18688, breed: Finnish Spitz)
2025-12-21 19:51:44 - image_processor - DEBUG - [image_processing.py:24] - ImageProcessing instance created
2025-12-21 19:51:44 - image_processor - DEBUG - [image_processing.py:120] - Edge detection (Canny) started
2025-12-21 19:51:44 - image_processor - DEBUG - [image_processing.py:46] - RGB to grayscale conversion started. Image shape: (481, 640, 3)
2025-12-21 19:51:44 - image_processor - DEBUG - [parallel_convolution.py:28] - Convolution worker started for image 37 (PID 17076, breed: Finnish Spitz)
2025-12-21 19:51:44 - image_processor - DEBUG - [image_processing.py:24] - ImageProcessing instance created
2025-12-21 19:51:44 - image_processor - DEBUG - [image_processing.py:120] - Edge detection (Canny) started
2025-12-21 19:51:44 - image_processor - DEBUG - [image_processing.py:46] - RGB to grayscale conversion started. Image shape: (685, 1024, 3)
2025-12-21 19:51:44 - image_processor - DEBUG - [image_processing.py:53] - RGB to grayscale conversion completed. Result shape: (481, 640)
2025-12-21 19:51:44 - image_processor - DEBUG - [image_processing.py:30] - Convolution started. Image shape: (481, 640), kernel shape: (3, 3)
2025-12-21 19:51:44 - image_processor - DEBUG - [image_processing.py:36] - Convolution completed in 0.0047 seconds
2025-12-21 19:51:44 - image_processor - DEBUG - [image_processing.py:30] - Convolution started. Image shape: (481, 640), kernel shape: (3, 3)
2025-12-21 19:51:44 - image_processor - DEBUG - [image_processing.py:36] - Convolution completed in 0.0046 seconds
2025-12-21 19:51:44 - image_processor - DEBUG - [image_processing.py:53] - RGB to grayscale conversion completed. Result shape: (685, 1024)
2025-12-21 19:51:44 - image_processor - DEBUG - [image_processing.py:30] - Convolution started. Image shape: (685, 1024), kernel shape: (3, 3)
2025-12-21 19:51:44 - image_processor - DEBUG - [image_processing.py:91] - Non-maximum suppression started
2025-12-21 19:51:44 - image_processor - DEBUG - [parallel_convolution.py:28] - Convolution worker started for image 38 (PID 26352, breed: Kooikerhondje)
2025-12-21 19:51:44 - image_processor - DEBUG - [image_processing.py:24] - ImageProcessing instance created
2025-12-21 19:51:44 - image_processor - DEBUG - [image_processing.py:120] - Edge detection (Canny) started
2025-12-21 19:51:44 - image_processor - DEBUG - [image_processing.py:46] - RGB to grayscale conversion started. Image shape: (427, 640, 3)
2025-12-21 19:51:44 - image_processor - DEBUG - [image_processing.py:36] - Convolution completed in 0.0117 seconds
2025-12-21 19:51:44 - image_processor - DEBUG - [image_processing.py:30] - Convolution started. Image shape: (685, 1024), kernel shape: (3, 3)
2025-12-21 19:51:44 - image_processor - DEBUG - [image_processing.py:53] - RGB to grayscale conversion completed. Result shape: (427, 640)
2025-12-21 19:51:44 - image_processor - DEBUG - [image_processing.py:30] - Convolution started. Image shape: (427, 640), kernel shape: (3, 3)
2025-12-21 19:51:44 - image_processor - DEBUG - [parallel_convolution.py:48] - Library edge detection worker started for image 37 (PID 3940, breed: Finnish Spitz)
2025-12-21 19:51:44 - image_processor - DEBUG - [image_processing.py:24] - ImageProcessing instance created
2025-12-21 19:51:44 - image_processor - DEBUG - [image_processing.py:120] - Edge detection (Canny) started
2025-12-21 19:51:44 - image_processor - DEBUG - [image_processing.py:46] - RGB to grayscale conversion started. Image shape: (685, 1024, 3)
2025-12-21 19:51:44 - image_processor - DEBUG - [parallel_convolution.py:48] - Library edge detection worker started for image 38 (PID 24896, breed: Kooikerhondje)
2025-12-21 19:51:44 - image_processor - DEBUG - [image_processing.py:24] - ImageProcessing instance created
2025-12-21 19:51:44 - image_processor - DEBUG - [image_processing.py:120] - Edge detection (Canny) started
2025-12-21 19:51:44 - image_processor - DEBUG - [image_processing.py:46] - RGB to grayscale conversion started. Image shape: (427, 640, 3)
2025-12-21 19:51:44 - image_processor - DEBUG - [image_processing.py:36] - Convolution completed in 0.0039 seconds
2025-12-21 19:51:44 - image_processor - DEBUG - [image_processing.py:30] - Convolution started. Image shape: (427, 640), kernel shape: (3, 3)
2025-12-21 19:51:44 - image_processor - DEBUG - [image_processing.py:36] - Convolution completed in 0.0125 seconds
2025-12-21 19:51:44 - image_processor - DEBUG - [image_processing.py:36] - Convolution completed in 0.0048 seconds
2025-12-21 19:51:44 - image_processor - DEBUG - [image_processing.py:53] - RGB to grayscale conversion completed. Result shape: (427, 640)
2025-12-21 19:51:44 - image_processor - DEBUG - [image_processing.py:30] - Convolution started. Image shape: (427, 640), kernel shape: (3, 3)
2025-12-21 19:51:44 - image_processor - DEBUG - [parallel_convolution.py:48] - Library edge detection worker started for image 39 (PID 20752, breed: Kooikerhondje)
2025-12-21 19:51:44 - image_processor - DEBUG - [image_processing.py:24] - ImageProcessing instance created
2025-12-21 19:51:44 - image_processor - DEBUG - [image_processing.py:120] - Edge detection (Canny) started
2025-12-21 19:51:44 - image_processor - DEBUG - [image_processing.py:46] - RGB to grayscale conversion started. Image shape: (1919, 1280, 3)
2025-12-21 19:51:44 - image_processor - DEBUG - [image_processing.py:36] - Convolution completed in 0.0043 seconds
2025-12-21 19:51:44 - image_processor - DEBUG - [image_processing.py:91] - Non-maximum suppression started
2025-12-21 19:51:44 - image_processor - DEBUG - [image_processing.py:30] - Convolution started. Image shape: (427, 640), kernel shape: (3, 3)
2025-12-21 19:51:44 - image_processor - DEBUG - [image_processing.py:36] - Convolution completed in 0.0040 seconds
2025-12-21 19:51:44 - image_processor - DEBUG - [image_processing.py:53] - RGB to grayscale conversion completed. Result shape: (685, 1024)
2025-12-21 19:51:44 - image_processor - DEBUG - [image_processing.py:30] - Convolution started. Image shape: (685, 1024), kernel shape: (3, 3)
2025-12-21 19:51:44 - image_processor - DEBUG - [image_processing.py:91] - Non-maximum suppression started
2025-12-21 19:51:44 - image_processor - DEBUG - [image_processing.py:91] - Non-maximum suppression started
2025-12-21 19:51:44 - image_processor - DEBUG - [image_processing.py:36] - Convolution completed in 0.0108 seconds
2025-12-21 19:51:44 - image_processor - DEBUG - [image_processing.py:30] - Convolution started. Image shape: (685, 1024), kernel shape: (3, 3)
2025-12-21 19:51:44 - image_processor - DEBUG - [image_processing.py:36] - Convolution completed in 0.0111 seconds
2025-12-21 19:51:44 - image_processor - DEBUG - [parallel_convolution.py:28] - Convolution worker started for image 39 (PID 25524, breed: Kooikerhondje)
2025-12-21 19:51:44 - image_processor - DEBUG - [image_processing.py:24] - ImageProcessing instance created
2025-12-21 19:51:44 - image_processor - DEBUG - [image_processing.py:120] - Edge detection (Canny) started
2025-12-21 19:51:44 - image_processor - DEBUG - [image_processing.py:46] - RGB to grayscale conversion started. Image shape: (1919, 1280, 3)
2025-12-21 19:51:44 - image_processor - DEBUG - [parallel_convolution.py:28] - Convolution worker started for image 40 (PID 17480, breed: Kooikerhondje)
2025-12-21 19:51:44 - image_processor - DEBUG - [image_processing.py:24] - ImageProcessing instance created
2025-12-21 19:51:44 - image_processor - DEBUG - [image_processing.py:120] - Edge detection (Canny) started
2025-12-21 19:51:44 - image_processor - DEBUG - [image_processing.py:46] - RGB to grayscale conversion started. Image shape: (853, 1280, 3)
2025-12-21 19:51:44 - image_processor - DEBUG - [image_processing.py:91] - Non-maximum suppression started
2025-12-21 19:51:44 - image_processor - DEBUG - [parallel_convolution.py:48] - Library edge detection worker started for image 40 (PID 24740, breed: Kooikerhondje)
2025-12-21 19:51:44 - image_processor - DEBUG - [image_processing.py:24] - ImageProcessing instance created
2025-12-21 19:51:44 - image_processor - DEBUG - [image_processing.py:120] - Edge detection (Canny) started
2025-12-21 19:51:44 - image_processor - DEBUG - [image_processing.py:46] - RGB to grayscale conversion started. Image shape: (853, 1280, 3)
2025-12-21 19:51:44 - image_processor - DEBUG - [image_processing.py:53] - RGB to grayscale conversion completed. Result shape: (1919, 1280)
2025-12-21 19:51:44 - image_processor - DEBUG - [image_processing.py:30] - Convolution started. Image shape: (1919, 1280), kernel shape: (3, 3)
2025-12-21 19:51:44 - image_processor - DEBUG - [image_processing.py:53] - RGB to grayscale conversion completed. Result shape: (853, 1280)
2025-12-21 19:51:44 - image_processor - DEBUG - [image_processing.py:30] - Convolution started. Image shape: (853, 1280), kernel shape: (3, 3)
2025-12-21 19:51:44 - image_processor - DEBUG - [image_processing.py:53] - RGB to grayscale conversion completed. Result shape: (853, 1280)
2025-12-21 19:51:44 - image_processor - DEBUG - [image_processing.py:30] - Convolution started. Image shape: (853, 1280), kernel shape: (3, 3)
2025-12-21 19:51:44 - image_processor - DEBUG - [image_processing.py:36] - Convolution completed in 0.0177 seconds
2025-12-21 19:51:44 - image_processor - DEBUG - [image_processing.py:30] - Convolution started. Image shape: (853, 1280), kernel shape: (3, 3)
2025-12-21 19:51:44 - image_processor - DEBUG - [image_processing.py:36] - Convolution completed in 0.0165 seconds
2025-12-21 19:51:44 - image_processor - DEBUG - [image_processing.py:30] - Convolution started. Image shape: (853, 1280), kernel shape: (3, 3)
2025-12-21 19:51:44 - image_processor - DEBUG - [image_processing.py:36] - Convolution completed in 0.0423 seconds
2025-12-21 19:51:44 - image_processor - DEBUG - [image_processing.py:30] - Convolution started. Image shape: (1919, 1280), kernel shape: (3, 3)
2025-12-21 19:51:44 - image_processor - DEBUG - [image_processing.py:53] - RGB to grayscale conversion completed. Result shape: (1919, 1280)
2025-12-21 19:51:44 - image_processor - DEBUG - [image_processing.py:36] - Convolution completed in 0.0164 seconds
2025-12-21 19:51:44 - image_processor - DEBUG - [image_processing.py:36] - Convolution completed in 0.0282 seconds
2025-12-21 19:51:44 - image_processor - DEBUG - [image_processing.py:30] - Convolution started. Image shape: (1919, 1280), kernel shape: (3, 3)
2025-12-21 19:51:44 - image_processor - DEBUG - [image_processing.py:91] - Non-maximum suppression started
2025-12-21 19:51:44 - image_processor - DEBUG - [image_processing.py:36] - Convolution completed in 0.0448 seconds
2025-12-21 19:51:44 - image_processor - DEBUG - [image_processing.py:36] - Convolution completed in 0.0424 seconds
2025-12-21 19:51:44 - image_processor - DEBUG - [image_processing.py:30] - Convolution started. Image shape: (1919, 1280), kernel shape: (3, 3)
2025-12-21 19:51:44 - image_processor - DEBUG - [image_processing.py:91] - Non-maximum suppression started
2025-12-21 19:51:44 - image_processor - DEBUG - [image_processing.py:36] - Convolution completed in 0.0368 seconds
2025-12-21 19:51:44 - image_processor - DEBUG - [image_processing.py:91] - Non-maximum suppression started
2025-12-21 19:51:44 - image_processor - DEBUG - [image_processing.py:91] - Non-maximum suppression started
2025-12-21 19:51:44 - image_processor - DEBUG - [image_processing.py:113] - Non-maximum suppression completed
2025-12-21 19:51:44 - image_processor - DEBUG - [image_processing.py:139] - Edge detection completed in 0.4812 seconds
2025-12-21 19:51:44 - image_processor - DEBUG - [parallel_convolution.py:33] - Convolution worker finished for image 36 (PID 15740)
2025-12-21 19:51:44 - image_processor - DEBUG - [image_processing.py:113] - Non-maximum suppression completed
2025-12-21 19:51:44 - image_processor - DEBUG - [image_processing.py:139] - Edge detection completed in 0.4208 seconds
2025-12-21 19:51:44 - image_processor - DEBUG - [parallel_convolution.py:33] - Convolution worker finished for image 38 (PID 26352)
2025-12-21 19:51:44 - image_processor - DEBUG - [image_processing.py:113] - Non-maximum suppression completed
2025-12-21 19:51:44 - image_processor - DEBUG - [image_processing.py:139] - Edge detection completed in 0.4339 seconds
2025-12-21 19:51:44 - image_processor - DEBUG - [parallel_convolution.py:53] - Library edge detection worker finished for image 38 (PID 24896)
2025-12-21 19:51:44 - image_processor - DEBUG - [image_processing.py:113] - Non-maximum suppression completed
2025-12-21 19:51:44 - image_processor - DEBUG - [image_processing.py:139] - Edge detection completed in 0.4932 seconds
2025-12-21 19:51:44 - image_processor - DEBUG - [parallel_convolution.py:53] - Library edge detection worker finished for image 36 (PID 18688)
2025-12-21 19:51:45 - image_processor - DEBUG - [image_processing.py:113] - Non-maximum suppression completed
2025-12-21 19:51:45 - image_processor - DEBUG - [image_processing.py:139] - Edge detection completed in 0.9368 seconds
2025-12-21 19:51:45 - image_processor - DEBUG - [parallel_convolution.py:33] - Convolution worker finished for image 37 (PID 17076)
2025-12-21 19:51:45 - image_processor - DEBUG - [image_processing.py:113] - Non-maximum suppression completed
2025-12-21 19:51:45 - image_processor - DEBUG - [image_processing.py:139] - Edge detection completed in 0.9082 seconds
2025-12-21 19:51:45 - image_processor - DEBUG - [parallel_convolution.py:53] - Library edge detection worker finished for image 37 (PID 3940)
2025-12-21 19:51:45 - image_processor - DEBUG - [image_processing.py:113] - Non-maximum suppression completed
2025-12-21 19:51:45 - image_processor - DEBUG - [image_processing.py:139] - Edge detection completed in 1.2226 seconds
2025-12-21 19:51:45 - image_processor - DEBUG - [parallel_convolution.py:53] - Library edge detection worker finished for image 40 (PID 24740)
2025-12-21 19:51:45 - image_processor - DEBUG - [image_processing.py:113] - Non-maximum suppression completed
2025-12-21 19:51:45 - image_processor - DEBUG - [image_processing.py:139] - Edge detection completed in 1.2834 seconds
2025-12-21 19:51:45 - image_processor - DEBUG - [parallel_convolution.py:33] - Convolution worker finished for image 40 (PID 17480)
2025-12-21 19:51:46 - image_processor - DEBUG - [image_processing.py:113] - Non-maximum suppression completed
2025-12-21 19:51:46 - image_processor - DEBUG - [image_processing.py:139] - Edge detection completed in 2.3967 seconds
2025-12-21 19:51:46 - image_processor - DEBUG - [parallel_convolution.py:33] - Convolution worker finished for image 39 (PID 25524)
2025-12-21 19:51:46 - image_processor - INFO - [parallel_convolution.py:137] - Parallel custom edge detection completed for 5 images
2025-12-21 19:51:46 - image_processor - DEBUG - [image_processing.py:113] - Non-maximum suppression completed
2025-12-21 19:51:46 - image_processor - DEBUG - [image_processing.py:139] - Edge detection completed in 2.5276 seconds
2025-12-21 19:51:46 - image_processor - DEBUG - [parallel_convolution.py:53] - Library edge detection worker finished for image 39 (PID 20752)
2025-12-21 19:51:47 - image_processor - INFO - [parallel_convolution.py:154] - Parallel library edge detection completed for 5 images
2025-12-21 19:51:47 - image_processor - DEBUG - [async_pipeline.py:113] - Edge detection completed
2025-12-21 19:51:47 - image_processor - INFO - [parallel_convolution.py:166] - Starting parallel arithmetic operations for 5 images
2025-12-21 19:51:47 - image_processor - DEBUG - [parallel_convolution.py:70] - Arithmetic operations worker started for image 36 (PID 13624, breed: Finnish Spitz)
2025-12-21 19:51:47 - image_processor - DEBUG - [abstract_image.py:141] - Addition operation started
2025-12-21 19:51:47 - image_processor - DEBUG - [abstract_image.py:129] - Converting grayscale to RGB (3 channels)
2025-12-21 19:51:47 - image_processor - DEBUG - [parallel_convolution.py:70] - Arithmetic operations worker started for image 37 (PID 24204, breed: Finnish Spitz)
2025-12-21 19:51:47 - image_processor - DEBUG - [abstract_image.py:141] - Addition operation started
2025-12-21 19:51:47 - image_processor - DEBUG - [abstract_image.py:129] - Converting grayscale to RGB (3 channels)
2025-12-21 19:51:47 - image_processor - DEBUG - [parallel_convolution.py:70] - Arithmetic operations worker started for image 38 (PID 25388, breed: Kooikerhondje)
2025-12-21 19:51:47 - image_processor - DEBUG - [abstract_image.py:141] - Addition operation started
2025-12-21 19:51:47 - image_processor - DEBUG - [abstract_image.py:129] - Converting grayscale to RGB (3 channels)
2025-12-21 19:51:47 - image_processor - DEBUG - [abstract_image.py:166] - Addition operation completed. Result shape: (481, 640, 3)
2025-12-21 19:51:47 - image_processor - DEBUG - [image_processing.py:24] - ImageProcessing instance created
2025-12-21 19:51:47 - image_processor - DEBUG - [abstract_image.py:35] - CatImage created: breed=Finnish Spitz+processed, shape=(481, 640, 3), url=combined_Finnish Spitz...
2025-12-21 19:51:47 - image_processor - DEBUG - [abstract_image.py:173] - Subtraction operation started
2025-12-21 19:51:47 - image_processor - DEBUG - [abstract_image.py:129] - Converting grayscale to RGB (3 channels)
2025-12-21 19:51:47 - image_processor - DEBUG - [abstract_image.py:166] - Addition operation completed. Result shape: (427, 640, 3)
2025-12-21 19:51:47 - image_processor - DEBUG - [image_processing.py:24] - ImageProcessing instance created
2025-12-21 19:51:47 - image_processor - DEBUG - [abstract_image.py:35] - CatImage created: breed=Kooikerhondje+processed, shape=(427, 640, 3), url=combined_Kooikerhondje...
2025-12-21 19:51:47 - image_processor - DEBUG - [abstract_image.py:173] - Subtraction operation started
2025-12-21 19:51:47 - image_processor - DEBUG - [abstract_image.py:129] - Converting grayscale to RGB (3 channels)
2025-12-21 19:51:47 - image_processor - DEBUG - [abstract_image.py:198] - Subtraction operation completed. Result shape: (481, 640, 3)
2025-12-21 19:51:47 - image_processor - DEBUG - [image_processing.py:24] - ImageProcessing instance created
2025-12-21 19:51:47 - image_processor - DEBUG - [abstract_image.py:35] - CatImage created: breed=Finnish Spitz-processed, shape=(481, 640, 3), url=subtracted_Finnish Spitz...
2025-12-21 19:51:47 - image_processor - DEBUG - [abstract_image.py:141] - Addition operation started
2025-12-21 19:51:47 - image_processor - DEBUG - [abstract_image.py:129] - Converting grayscale to RGB (3 channels)
2025-12-21 19:51:48 - image_processor - DEBUG - [abstract_image.py:198] - Subtraction operation completed. Result shape: (427, 640, 3)
2025-12-21 19:51:48 - image_processor - DEBUG - [image_processing.py:24] - ImageProcessing instance created
2025-12-21 19:51:48 - image_processor - DEBUG - [abstract_image.py:35] - CatImage created: breed=Kooikerhondje-processed, shape=(427, 640, 3), url=subtracted_Kooikerhondje...
2025-12-21 19:51:48 - image_processor - DEBUG - [abstract_image.py:141] - Addition operation started
2025-12-21 19:51:48 - image_processor - DEBUG - [abstract_image.py:129] - Converting grayscale to RGB (3 channels)
2025-12-21 19:51:48 - image_processor - DEBUG - [abstract_image.py:166] - Addition operation completed. Result shape: (685, 1024, 3)
2025-12-21 19:51:48 - image_processor - DEBUG - [image_processing.py:24] - ImageProcessing instance created
2025-12-21 19:51:48 - image_processor - DEBUG - [abstract_image.py:35] - CatImage created: breed=Finnish Spitz+processed, shape=(685, 1024, 3), url=combined_Finnish Spitz...
2025-12-21 19:51:48 - image_processor - DEBUG - [abstract_image.py:173] - Subtraction operation started
2025-12-21 19:51:48 - image_processor - DEBUG - [abstract_image.py:129] - Converting grayscale to RGB (3 channels)
2025-12-21 19:51:48 - image_processor - DEBUG - [abstract_image.py:166] - Addition operation completed. Result shape: (481, 640, 3)
2025-12-21 19:51:48 - image_processor - DEBUG - [image_processing.py:24] - ImageProcessing instance created
2025-12-21 19:51:48 - image_processor - DEBUG - [abstract_image.py:35] - CatImage created: breed=Finnish Spitz+processed, shape=(481, 640, 3), url=combined_Finnish Spitz...
2025-12-21 19:51:48 - image_processor - DEBUG - [abstract_image.py:173] - Subtraction operation started
2025-12-21 19:51:48 - image_processor - DEBUG - [abstract_image.py:129] - Converting grayscale to RGB (3 channels)
2025-12-21 19:51:48 - image_processor - DEBUG - [parallel_convolution.py:70] - Arithmetic operations worker started for image 39 (PID 26532, breed: Kooikerhondje)
2025-12-21 19:51:48 - image_processor - DEBUG - [abstract_image.py:141] - Addition operation started
2025-12-21 19:51:48 - image_processor - DEBUG - [abstract_image.py:129] - Converting grayscale to RGB (3 channels)
2025-12-21 19:51:48 - image_processor - DEBUG - [abstract_image.py:166] - Addition operation completed. Result shape: (427, 640, 3)
2025-12-21 19:51:48 - image_processor - DEBUG - [image_processing.py:24] - ImageProcessing instance created
2025-12-21 19:51:48 - image_processor - DEBUG - [abstract_image.py:35] - CatImage created: breed=Kooikerhondje+processed, shape=(427, 640, 3), url=combined_Kooikerhondje...
2025-12-21 19:51:48 - image_processor - DEBUG - [abstract_image.py:173] - Subtraction operation started
2025-12-21 19:51:48 - image_processor - DEBUG - [abstract_image.py:129] - Converting grayscale to RGB (3 channels)
2025-12-21 19:51:48 - image_processor - DEBUG - [parallel_convolution.py:70] - Arithmetic operations worker started for image 40 (PID 21768, breed: Kooikerhondje)
2025-12-21 19:51:48 - image_processor - DEBUG - [abstract_image.py:141] - Addition operation started
2025-12-21 19:51:48 - image_processor - DEBUG - [abstract_image.py:129] - Converting grayscale to RGB (3 channels)
2025-12-21 19:51:48 - image_processor - DEBUG - [abstract_image.py:198] - Subtraction operation completed. Result shape: (481, 640, 3)
2025-12-21 19:51:48 - image_processor - DEBUG - [image_processing.py:24] - ImageProcessing instance created
2025-12-21 19:51:48 - image_processor - DEBUG - [abstract_image.py:35] - CatImage created: breed=Finnish Spitz-processed, shape=(481, 640, 3), url=subtracted_Finnish Spitz...
2025-12-21 19:51:48 - image_processor - DEBUG - [parallel_convolution.py:85] - Arithmetic operations worker finished for image 36 (PID 13624)
2025-12-21 19:51:48 - image_processor - DEBUG - [abstract_image.py:198] - Subtraction operation completed. Result shape: (427, 640, 3)
2025-12-21 19:51:48 - image_processor - DEBUG - [image_processing.py:24] - ImageProcessing instance created
2025-12-21 19:51:48 - image_processor - DEBUG - [abstract_image.py:35] - CatImage created: breed=Kooikerhondje-processed, shape=(427, 640, 3), url=subtracted_Kooikerhondje...
2025-12-21 19:51:48 - image_processor - DEBUG - [parallel_convolution.py:85] - Arithmetic operations worker finished for image 38 (PID 25388)
2025-12-21 19:51:48 - image_processor - DEBUG - [abstract_image.py:198] - Subtraction operation completed. Result shape: (685, 1024, 3)
2025-12-21 19:51:48 - image_processor - DEBUG - [image_processing.py:24] - ImageProcessing instance created
2025-12-21 19:51:48 - image_processor - DEBUG - [abstract_image.py:35] - CatImage created: breed=Finnish Spitz-processed, shape=(685, 1024, 3), url=subtracted_Finnish Spitz...
2025-12-21 19:51:48 - image_processor - DEBUG - [abstract_image.py:141] - Addition operation started
2025-12-21 19:51:48 - image_processor - DEBUG - [abstract_image.py:129] - Converting grayscale to RGB (3 channels)
2025-12-21 19:51:48 - image_processor - DEBUG - [abstract_image.py:166] - Addition operation completed. Result shape: (853, 1280, 3)
2025-12-21 19:51:48 - image_processor - DEBUG - [image_processing.py:24] - ImageProcessing instance created
2025-12-21 19:51:48 - image_processor - DEBUG - [abstract_image.py:35] - CatImage created: breed=Kooikerhondje+processed, shape=(853, 1280, 3), url=combined_Kooikerhondje...
2025-12-21 19:51:48 - image_processor - DEBUG - [abstract_image.py:173] - Subtraction operation started
2025-12-21 19:51:48 - image_processor - DEBUG - [abstract_image.py:129] - Converting grayscale to RGB (3 channels)
2025-12-21 19:51:48 - image_processor - DEBUG - [abstract_image.py:166] - Addition operation completed. Result shape: (685, 1024, 3)
2025-12-21 19:51:48 - image_processor - DEBUG - [image_processing.py:24] - ImageProcessing instance created
2025-12-21 19:51:48 - image_processor - DEBUG - [abstract_image.py:35] - CatImage created: breed=Finnish Spitz+processed, shape=(685, 1024, 3), url=combined_Finnish Spitz...
2025-12-21 19:51:48 - image_processor - DEBUG - [abstract_image.py:173] - Subtraction operation started
2025-12-21 19:51:48 - image_processor - DEBUG - [abstract_image.py:129] - Converting grayscale to RGB (3 channels)
2025-12-21 19:51:48 - image_processor - DEBUG - [abstract_image.py:198] - Subtraction operation completed. Result shape: (685, 1024, 3)
2025-12-21 19:51:48 - image_processor - DEBUG - [image_processing.py:24] - ImageProcessing instance created
2025-12-21 19:51:48 - image_processor - DEBUG - [abstract_image.py:35] - CatImage created: breed=Finnish Spitz-processed, shape=(685, 1024, 3), url=subtracted_Finnish Spitz...
2025-12-21 19:51:48 - image_processor - DEBUG - [parallel_convolution.py:85] - Arithmetic operations worker finished for image 37 (PID 24204)
2025-12-21 19:51:48 - image_processor - DEBUG - [abstract_image.py:198] - Subtraction operation completed. Result shape: (853, 1280, 3)
2025-12-21 19:51:48 - image_processor - DEBUG - [image_processing.py:24] - ImageProcessing instance created
2025-12-21 19:51:48 - image_processor - DEBUG - [abstract_image.py:35] - CatImage created: breed=Kooikerhondje-processed, shape=(853, 1280, 3), url=subtracted_Kooikerhondje...
2025-12-21 19:51:48 - image_processor - DEBUG - [abstract_image.py:141] - Addition operation started
2025-12-21 19:51:48 - image_processor - DEBUG - [abstract_image.py:129] - Converting grayscale to RGB (3 channels)
2025-12-21 19:51:48 - image_processor - DEBUG - [abstract_image.py:166] - Addition operation completed. Result shape: (1919, 1280, 3)
2025-12-21 19:51:48 - image_processor - DEBUG - [image_processing.py:24] - ImageProcessing instance created
2025-12-21 19:51:48 - image_processor - DEBUG - [abstract_image.py:35] - CatImage created: breed=Kooikerhondje+processed, shape=(1919, 1280, 3), url=combined_Kooikerhondje...
2025-12-21 19:51:48 - image_processor - DEBUG - [abstract_image.py:173] - Subtraction operation started
2025-12-21 19:51:48 - image_processor - DEBUG - [abstract_image.py:129] - Converting grayscale to RGB (3 channels)
2025-12-21 19:51:48 - image_processor - DEBUG - [abstract_image.py:166] - Addition operation completed. Result shape: (853, 1280, 3)
2025-12-21 19:51:48 - image_processor - DEBUG - [image_processing.py:24] - ImageProcessing instance created
2025-12-21 19:51:48 - image_processor - DEBUG - [abstract_image.py:35] - CatImage created: breed=Kooikerhondje+processed, shape=(853, 1280, 3), url=combined_Kooikerhondje...
2025-12-21 19:51:48 - image_processor - DEBUG - [abstract_image.py:173] - Subtraction operation started
2025-12-21 19:51:48 - image_processor - DEBUG - [abstract_image.py:129] - Converting grayscale to RGB (3 channels)
2025-12-21 19:51:48 - image_processor - DEBUG - [abstract_image.py:198] - Subtraction operation completed. Result shape: (853, 1280, 3)
2025-12-21 19:51:48 - image_processor - DEBUG - [image_processing.py:24] - ImageProcessing instance created
2025-12-21 19:51:48 - image_processor - DEBUG - [abstract_image.py:35] - CatImage created: breed=Kooikerhondje-processed, shape=(853, 1280, 3), url=subtracted_Kooikerhondje...
2025-12-21 19:51:48 - image_processor - DEBUG - [parallel_convolution.py:85] - Arithmetic operations worker finished for image 40 (PID 21768)
2025-12-21 19:51:48 - image_processor - DEBUG - [abstract_image.py:198] - Subtraction operation completed. Result shape: (1919, 1280, 3)
2025-12-21 19:51:48 - image_processor - DEBUG - [image_processing.py:24] - ImageProcessing instance created
2025-12-21 19:51:48 - image_processor - DEBUG - [abstract_image.py:35] - CatImage created: breed=Kooikerhondje-processed, shape=(1919, 1280, 3), url=subtracted_Kooikerhondje...
2025-12-21 19:51:48 - image_processor - DEBUG - [abstract_image.py:141] - Addition operation started
2025-12-21 19:51:48 - image_processor - DEBUG - [abstract_image.py:129] - Converting grayscale to RGB (3 channels)
2025-12-21 19:51:48 - image_processor - DEBUG - [abstract_image.py:166] - Addition operation completed. Result shape: (1919, 1280, 3)
2025-12-21 19:51:48 - image_processor - DEBUG - [image_processing.py:24] - ImageProcessing instance created
2025-12-21 19:51:48 - image_processor - DEBUG - [abstract_image.py:35] - CatImage created: breed=Kooikerhondje+processed, shape=(1919, 1280, 3), url=combined_Kooikerhondje...
2025-12-21 19:51:48 - image_processor - DEBUG - [abstract_image.py:173] - Subtraction operation started
2025-12-21 19:51:48 - image_processor - DEBUG - [abstract_image.py:129] - Converting grayscale to RGB (3 channels)
2025-12-21 19:51:48 - image_processor - DEBUG - [abstract_image.py:198] - Subtraction operation completed. Result shape: (1919, 1280, 3)
2025-12-21 19:51:48 - image_processor - DEBUG - [image_processing.py:24] - ImageProcessing instance created
2025-12-21 19:51:48 - image_processor - DEBUG - [abstract_image.py:35] - CatImage created: breed=Kooikerhondje-processed, shape=(1919, 1280, 3), url=subtracted_Kooikerhondje...
2025-12-21 19:51:48 - image_processor - DEBUG - [parallel_convolution.py:85] - Arithmetic operations worker finished for image 39 (PID 26532)
2025-12-21 19:51:48 - image_processor - INFO - [parallel_convolution.py:193] - Parallel arithmetic operations completed for 5 images
2025-12-21 19:51:48 - image_processor - DEBUG - [async_pipeline.py:124] - Arithmetic operations completed
2025-12-21 19:51:48 - image_processor - DEBUG - [async_pipeline.py:152] - Chunk processed: 5 images with all operations completed
2025-12-21 19:51:48 - image_processor - DEBUG - [async_pipeline.py:187] - Saving image 36 (Finnish Spitz)
2025-12-21 19:51:48 - image_processor - DEBUG - [async_pipeline.py:187] - Saving image 37 (Finnish Spitz)
2025-12-21 19:51:48 - image_processor - DEBUG - [async_pipeline.py:187] - Saving image 38 (Kooikerhondje)
2025-12-21 19:51:48 - image_processor - DEBUG - [async_pipeline.py:187] - Saving image 39 (Kooikerhondje)
2025-12-21 19:51:48 - image_processor - DEBUG - [async_pipeline.py:187] - Saving image 40 (Kooikerhondje)
2025-12-21 19:51:48 - image_processor - DEBUG - [async_pipeline.py:203] - Image 38 saved (3 files)
2025-12-21 19:51:48 - image_processor - DEBUG - [async_pipeline.py:203] - Image 36 saved (3 files)
2025-12-21 19:51:48 - image_processor - DEBUG - [async_pipeline.py:203] - Image 37 saved (3 files)
2025-12-21 19:51:48 - image_processor - DEBUG - [async_pipeline.py:203] - Image 39 saved (3 files)
2025-12-21 19:51:48 - image_processor - DEBUG - [async_pipeline.py:203] - Image 40 saved (3 files)
2025-12-21 19:51:48 - image_processor - INFO - [async_pipeline.py:70] - Processing chunk 9/10: images 41 to 45
2025-12-21 19:51:48 - image_processor - INFO - [async_image_processor.py:144] - Starting parallel download of 5 images
2025-12-21 19:51:48 - image_processor - DEBUG - [async_image_processor.py:113] - Downloading image 41 (breed: Saint Bernard)
2025-12-21 19:51:48 - image_processor - DEBUG - [async_image_processor.py:113] - Downloading image 42 (breed: Saint Bernard)
2025-12-21 19:51:48 - image_processor - DEBUG - [async_image_processor.py:113] - Downloading image 43 (breed: Saint Bernard)
2025-12-21 19:51:48 - image_processor - DEBUG - [async_image_processor.py:113] - Downloading image 44 (breed: Saint Bernard)
2025-12-21 19:51:48 - image_processor - DEBUG - [async_image_processor.py:113] - Downloading image 45 (breed: Saint Bernard)
2025-12-21 19:51:49 - image_processor - DEBUG - [async_image_processor.py:131] - Image 43 downloaded successfully (shape: (937, 750, 3))
2025-12-21 19:51:49 - image_processor - DEBUG - [async_image_processor.py:131] - Image 45 downloaded successfully (shape: (1080, 1080, 3))
2025-12-21 19:51:50 - image_processor - DEBUG - [async_image_processor.py:131] - Image 42 downloaded successfully (shape: (1080, 1080, 3))
2025-12-21 19:51:50 - image_processor - DEBUG - [async_image_processor.py:131] - Image 44 downloaded successfully (shape: (1350, 1080, 3))
2025-12-21 19:51:51 - image_processor - DEBUG - [async_image_processor.py:131] - Image 41 downloaded successfully (shape: (1086, 1080, 4))
2025-12-21 19:51:51 - image_processor - INFO - [async_image_processor.py:155] - Parallel download completed: 5/5 successful
2025-12-21 19:51:51 - image_processor - DEBUG - [async_image_processor.py:163] - Creating image objects from 5 metadata entries
2025-12-21 19:51:51 - image_processor - DEBUG - [image_processing.py:24] - ImageProcessing instance created
2025-12-21 19:51:51 - image_processor - DEBUG - [abstract_image.py:35] - CatImage created: breed=Saint Bernard, shape=(1086, 1080, 4), url=https://cdn2.thedogapi.com/images/Fw1MZmoRL.png...
2025-12-21 19:51:51 - image_processor - DEBUG - [async_image_processor.py:184] - Image object created for index 41 (breed: Saint Bernard)
2025-12-21 19:51:51 - image_processor - DEBUG - [image_processing.py:24] - ImageProcessing instance created
2025-12-21 19:51:51 - image_processor - DEBUG - [abstract_image.py:35] - CatImage created: breed=Saint Bernard, shape=(1080, 1080, 3), url=https://cdn2.thedogapi.com/images/DbcfkQrav.jpg...
2025-12-21 19:51:51 - image_processor - DEBUG - [async_image_processor.py:184] - Image object created for index 42 (breed: Saint Bernard)
2025-12-21 19:51:51 - image_processor - DEBUG - [image_processing.py:24] - ImageProcessing instance created
2025-12-21 19:51:51 - image_processor - DEBUG - [abstract_image.py:35] - CatImage created: breed=Saint Bernard, shape=(937, 750, 3), url=https://cdn2.thedogapi.com/images/_8II0snsl.jpg...
2025-12-21 19:51:51 - image_processor - DEBUG - [async_image_processor.py:184] - Image object created for index 43 (breed: Saint Bernard)
2025-12-21 19:51:51 - image_processor - DEBUG - [image_processing.py:24] - ImageProcessing instance created
2025-12-21 19:51:51 - image_processor - DEBUG - [abstract_image.py:35] - CatImage created: breed=Saint Bernard, shape=(1350, 1080, 3), url=https://cdn2.thedogapi.com/images/K9nzmg0TL.jpg...
2025-12-21 19:51:51 - image_processor - DEBUG - [async_image_processor.py:184] - Image object created for index 44 (breed: Saint Bernard)
2025-12-21 19:51:51 - image_processor - DEBUG - [image_processing.py:24] - ImageProcessing instance created
2025-12-21 19:51:51 - image_processor - DEBUG - [abstract_image.py:35] - CatImage created: breed=Saint Bernard, shape=(1080, 1080, 3), url=https://cdn2.thedogapi.com/images/qh7cGcv83.jpg...
2025-12-21 19:51:51 - image_processor - DEBUG - [async_image_processor.py:184] - Image object created for index 45 (breed: Saint Bernard)
2025-12-21 19:51:51 - image_processor - INFO - [async_image_processor.py:186] - Created 5 image objects
2025-12-21 19:51:51 - image_processor - DEBUG - [async_pipeline.py:76] - Chunk 9: 5 images ready for processing
2025-12-21 19:51:51 - image_processor - DEBUG - [async_pipeline.py:95] - Processing chunk of 5 images
2025-12-21 19:51:51 - image_processor - INFO - [parallel_convolution.py:127] - Starting parallel custom edge detection for 5 images
2025-12-21 19:51:51 - image_processor - INFO - [parallel_convolution.py:144] - Starting parallel library edge detection for 5 images
2025-12-21 19:51:52 - image_processor - DEBUG - [parallel_convolution.py:28] - Convolution worker started for image 41 (PID 26500, breed: Saint Bernard)
2025-12-21 19:51:52 - image_processor - DEBUG - [image_processing.py:24] - ImageProcessing instance created
2025-12-21 19:51:52 - image_processor - DEBUG - [image_processing.py:120] - Edge detection (Canny) started
2025-12-21 19:51:52 - image_processor - DEBUG - [image_processing.py:46] - RGB to grayscale conversion started. Image shape: (1086, 1080, 4)
2025-12-21 19:51:52 - image_processor - ERROR - [image_processing.py:56] - RGB to grayscale conversion failed: Image must be RGB
2025-12-21 19:51:52 - image_processor - ERROR - [image_processing.py:142] - Edge detection failed: Image must be RGB
2025-12-21 19:51:52 - image_processor - ERROR - [parallel_convolution.py:36] - Convolution worker failed for image 41 (PID 26500): Image must be RGB
2025-12-21 19:51:52 - image_processor - DEBUG - [parallel_convolution.py:28] - Convolution worker started for image 42 (PID 1192, breed: Saint Bernard)
2025-12-21 19:51:52 - image_processor - DEBUG - [image_processing.py:24] - ImageProcessing instance created
2025-12-21 19:51:52 - image_processor - DEBUG - [image_processing.py:120] - Edge detection (Canny) started
2025-12-21 19:51:52 - image_processor - DEBUG - [image_processing.py:46] - RGB to grayscale conversion started. Image shape: (1080, 1080, 3)
2025-12-21 19:51:52 - image_processor - DEBUG - [parallel_convolution.py:28] - Convolution worker started for image 43 (PID 26500, breed: Saint Bernard)
2025-12-21 19:51:52 - image_processor - DEBUG - [image_processing.py:24] - ImageProcessing instance created
2025-12-21 19:51:52 - image_processor - DEBUG - [image_processing.py:120] - Edge detection (Canny) started
2025-12-21 19:51:52 - image_processor - DEBUG - [image_processing.py:46] - RGB to grayscale conversion started. Image shape: (937, 750, 3)
2025-12-21 19:51:52 - image_processor - DEBUG - [image_processing.py:53] - RGB to grayscale conversion completed. Result shape: (937, 750)
2025-12-21 19:51:52 - image_processor - DEBUG - [image_processing.py:30] - Convolution started. Image shape: (937, 750), kernel shape: (3, 3)
2025-12-21 19:51:52 - image_processor - DEBUG - [parallel_convolution.py:28] - Convolution worker started for image 44 (PID 26316, breed: Saint Bernard)
2025-12-21 19:51:52 - image_processor - DEBUG - [image_processing.py:24] - ImageProcessing instance created
2025-12-21 19:51:52 - image_processor - DEBUG - [image_processing.py:120] - Edge detection (Canny) started
2025-12-21 19:51:52 - image_processor - DEBUG - [image_processing.py:46] - RGB to grayscale conversion started. Image shape: (1350, 1080, 3)
2025-12-21 19:51:52 - image_processor - DEBUG - [image_processing.py:36] - Convolution completed in 0.0109 seconds
2025-12-21 19:51:52 - image_processor - DEBUG - [image_processing.py:30] - Convolution started. Image shape: (937, 750), kernel shape: (3, 3)
2025-12-21 19:51:52 - image_processor - DEBUG - [image_processing.py:53] - RGB to grayscale conversion completed. Result shape: (1080, 1080)
2025-12-21 19:51:52 - image_processor - DEBUG - [image_processing.py:30] - Convolution started. Image shape: (1080, 1080), kernel shape: (3, 3)
2025-12-21 19:51:52 - image_processor - DEBUG - [image_processing.py:36] - Convolution completed in 0.0119 seconds
2025-12-21 19:51:52 - image_processor - DEBUG - [image_processing.py:36] - Convolution completed in 0.0182 seconds
2025-12-21 19:51:52 - image_processor - DEBUG - [image_processing.py:30] - Convolution started. Image shape: (1080, 1080), kernel shape: (3, 3)
2025-12-21 19:51:52 - image_processor - DEBUG - [image_processing.py:91] - Non-maximum suppression started
2025-12-21 19:51:52 - image_processor - DEBUG - [image_processing.py:36] - Convolution completed in 0.0222 seconds
2025-12-21 19:51:52 - image_processor - DEBUG - [image_processing.py:53] - RGB to grayscale conversion completed. Result shape: (1350, 1080)
2025-12-21 19:51:52 - image_processor - DEBUG - [image_processing.py:30] - Convolution started. Image shape: (1350, 1080), kernel shape: (3, 3)
2025-12-21 19:51:52 - image_processor - DEBUG - [image_processing.py:91] - Non-maximum suppression started
2025-12-21 19:51:52 - image_processor - DEBUG - [image_processing.py:36] - Convolution completed in 0.0247 seconds
2025-12-21 19:51:52 - image_processor - DEBUG - [image_processing.py:30] - Convolution started. Image shape: (1350, 1080), kernel shape: (3, 3)
2025-12-21 19:51:52 - image_processor - DEBUG - [parallel_convolution.py:28] - Convolution worker started for image 45 (PID 24004, breed: Saint Bernard)
2025-12-21 19:51:52 - image_processor - DEBUG - [image_processing.py:24] - ImageProcessing instance created
2025-12-21 19:51:52 - image_processor - DEBUG - [image_processing.py:120] - Edge detection (Canny) started
2025-12-21 19:51:52 - image_processor - DEBUG - [image_processing.py:46] - RGB to grayscale conversion started. Image shape: (1080, 1080, 3)
2025-12-21 19:51:52 - image_processor - DEBUG - [image_processing.py:36] - Convolution completed in 0.0228 seconds
2025-12-21 19:51:52 - image_processor - DEBUG - [image_processing.py:53] - RGB to grayscale conversion completed. Result shape: (1080, 1080)
2025-12-21 19:51:52 - image_processor - DEBUG - [image_processing.py:30] - Convolution started. Image shape: (1080, 1080), kernel shape: (3, 3)
2025-12-21 19:51:52 - image_processor - DEBUG - [image_processing.py:91] - Non-maximum suppression started
2025-12-21 19:51:53 - image_processor - DEBUG - [image_processing.py:36] - Convolution completed in 0.0172 seconds
2025-12-21 19:51:53 - image_processor - DEBUG - [image_processing.py:30] - Convolution started. Image shape: (1080, 1080), kernel shape: (3, 3)
2025-12-21 19:51:53 - image_processor - DEBUG - [image_processing.py:36] - Convolution completed in 0.0182 seconds
2025-12-21 19:51:53 - image_processor - DEBUG - [image_processing.py:91] - Non-maximum suppression started
2025-12-21 19:51:53 - image_processor - DEBUG - [parallel_convolution.py:48] - Library edge detection worker started for image 41 (PID 25456, breed: Saint Bernard)
2025-12-21 19:51:53 - image_processor - DEBUG - [image_processing.py:24] - ImageProcessing instance created
2025-12-21 19:51:53 - image_processor - DEBUG - [image_processing.py:120] - Edge detection (Canny) started
2025-12-21 19:51:53 - image_processor - DEBUG - [image_processing.py:46] - RGB to grayscale conversion started. Image shape: (1086, 1080, 4)
2025-12-21 19:51:53 - image_processor - ERROR - [image_processing.py:56] - RGB to grayscale conversion failed: Image must be RGB
2025-12-21 19:51:53 - image_processor - ERROR - [image_processing.py:142] - Edge detection failed: Image must be RGB
2025-12-21 19:51:53 - image_processor - ERROR - [parallel_convolution.py:56] - Library edge detection worker failed for image 41 (PID 25456): Image must be RGB
2025-12-21 19:51:53 - image_processor - DEBUG - [parallel_convolution.py:48] - Library edge detection worker started for image 42 (PID 25456, breed: Saint Bernard)
2025-12-21 19:51:53 - image_processor - DEBUG - [image_processing.py:24] - ImageProcessing instance created
2025-12-21 19:51:53 - image_processor - DEBUG - [image_processing.py:120] - Edge detection (Canny) started
2025-12-21 19:51:53 - image_processor - DEBUG - [image_processing.py:46] - RGB to grayscale conversion started. Image shape: (1080, 1080, 3)
2025-12-21 19:51:53 - image_processor - DEBUG - [parallel_convolution.py:48] - Library edge detection worker started for image 43 (PID 9768, breed: Saint Bernard)
2025-12-21 19:51:53 - image_processor - DEBUG - [image_processing.py:24] - ImageProcessing instance created
2025-12-21 19:51:53 - image_processor - DEBUG - [image_processing.py:120] - Edge detection (Canny) started
2025-12-21 19:51:53 - image_processor - DEBUG - [image_processing.py:46] - RGB to grayscale conversion started. Image shape: (937, 750, 3)
2025-12-21 19:51:53 - image_processor - DEBUG - [image_processing.py:53] - RGB to grayscale conversion completed. Result shape: (1080, 1080)
2025-12-21 19:51:53 - image_processor - DEBUG - [image_processing.py:30] - Convolution started. Image shape: (1080, 1080), kernel shape: (3, 3)
2025-12-21 19:51:53 - image_processor - DEBUG - [image_processing.py:53] - RGB to grayscale conversion completed. Result shape: (937, 750)
2025-12-21 19:51:53 - image_processor - DEBUG - [image_processing.py:30] - Convolution started. Image shape: (937, 750), kernel shape: (3, 3)
2025-12-21 19:51:53 - image_processor - DEBUG - [image_processing.py:36] - Convolution completed in 0.0184 seconds
2025-12-21 19:51:53 - image_processor - DEBUG - [image_processing.py:30] - Convolution started. Image shape: (1080, 1080), kernel shape: (3, 3)
2025-12-21 19:51:53 - image_processor - DEBUG - [image_processing.py:36] - Convolution completed in 0.0107 seconds
2025-12-21 19:51:53 - image_processor - DEBUG - [image_processing.py:30] - Convolution started. Image shape: (937, 750), kernel shape: (3, 3)
2025-12-21 19:51:53 - image_processor - DEBUG - [image_processing.py:36] - Convolution completed in 0.0109 seconds
2025-12-21 19:51:53 - image_processor - DEBUG - [image_processing.py:36] - Convolution completed in 0.0218 seconds
2025-12-21 19:51:53 - image_processor - DEBUG - [parallel_convolution.py:48] - Library edge detection worker started for image 44 (PID 25108, breed: Saint Bernard)
2025-12-21 19:51:53 - image_processor - DEBUG - [image_processing.py:24] - ImageProcessing instance created
2025-12-21 19:51:53 - image_processor - DEBUG - [image_processing.py:120] - Edge detection (Canny) started
2025-12-21 19:51:53 - image_processor - DEBUG - [image_processing.py:46] - RGB to grayscale conversion started. Image shape: (1350, 1080, 3)
2025-12-21 19:51:53 - image_processor - DEBUG - [image_processing.py:91] - Non-maximum suppression started
2025-12-21 19:51:53 - image_processor - DEBUG - [parallel_convolution.py:48] - Library edge detection worker started for image 45 (PID 21128, breed: Saint Bernard)
2025-12-21 19:51:53 - image_processor - DEBUG - [image_processing.py:24] - ImageProcessing instance created
2025-12-21 19:51:53 - image_processor - DEBUG - [image_processing.py:120] - Edge detection (Canny) started
2025-12-21 19:51:53 - image_processor - DEBUG - [image_processing.py:46] - RGB to grayscale conversion started. Image shape: (1080, 1080, 3)
2025-12-21 19:51:53 - image_processor - DEBUG - [image_processing.py:91] - Non-maximum suppression started
2025-12-21 19:51:53 - image_processor - DEBUG - [image_processing.py:53] - RGB to grayscale conversion completed. Result shape: (1350, 1080)
2025-12-21 19:51:53 - image_processor - DEBUG - [image_processing.py:30] - Convolution started. Image shape: (1350, 1080), kernel shape: (3, 3)
2025-12-21 19:51:53 - image_processor - DEBUG - [image_processing.py:53] - RGB to grayscale conversion completed. Result shape: (1080, 1080)
2025-12-21 19:51:53 - image_processor - DEBUG - [image_processing.py:30] - Convolution started. Image shape: (1080, 1080), kernel shape: (3, 3)
2025-12-21 19:51:53 - image_processor - DEBUG - [image_processing.py:36] - Convolution completed in 0.0186 seconds
2025-12-21 19:51:53 - image_processor - DEBUG - [image_processing.py:30] - Convolution started. Image shape: (1350, 1080), kernel shape: (3, 3)
2025-12-21 19:51:53 - image_processor - DEBUG - [image_processing.py:36] - Convolution completed in 0.0171 seconds
2025-12-21 19:51:53 - image_processor - DEBUG - [image_processing.py:30] - Convolution started. Image shape: (1080, 1080), kernel shape: (3, 3)
2025-12-21 19:51:53 - image_processor - DEBUG - [image_processing.py:36] - Convolution completed in 0.0151 seconds
2025-12-21 19:51:53 - image_processor - DEBUG - [image_processing.py:36] - Convolution completed in 0.0190 seconds
2025-12-21 19:51:53 - image_processor - DEBUG - [image_processing.py:91] - Non-maximum suppression started
2025-12-21 19:51:53 - image_processor - DEBUG - [image_processing.py:91] - Non-maximum suppression started
2025-12-21 19:51:53 - image_processor - DEBUG - [image_processing.py:113] - Non-maximum suppression completed
2025-12-21 19:51:53 - image_processor - DEBUG - [image_processing.py:139] - Edge detection completed in 1.0010 seconds
2025-12-21 19:51:53 - image_processor - DEBUG - [parallel_convolution.py:33] - Convolution worker finished for image 43 (PID 26500)
2025-12-21 19:51:54 - image_processor - DEBUG - [image_processing.py:113] - Non-maximum suppression completed
2025-12-21 19:51:54 - image_processor - DEBUG - [image_processing.py:139] - Edge detection completed in 0.9469 seconds
2025-12-21 19:51:54 - image_processor - DEBUG - [parallel_convolution.py:53] - Library edge detection worker finished for image 43 (PID 9768)
2025-12-21 19:51:54 - image_processor - DEBUG - [image_processing.py:113] - Non-maximum suppression completed
2025-12-21 19:51:54 - image_processor - DEBUG - [image_processing.py:139] - Edge detection completed in 1.5859 seconds
2025-12-21 19:51:54 - image_processor - DEBUG - [parallel_convolution.py:33] - Convolution worker finished for image 42 (PID 1192)
2025-12-21 19:51:54 - image_processor - DEBUG - [image_processing.py:113] - Non-maximum suppression completed
2025-12-21 19:51:54 - image_processor - DEBUG - [image_processing.py:139] - Edge detection completed in 1.5628 seconds
2025-12-21 19:51:54 - image_processor - DEBUG - [parallel_convolution.py:33] - Convolution worker finished for image 45 (PID 24004)
2025-12-21 19:51:54 - image_processor - DEBUG - [image_processing.py:113] - Non-maximum suppression completed
2025-12-21 19:51:54 - image_processor - DEBUG - [image_processing.py:139] - Edge detection completed in 1.4488 seconds
2025-12-21 19:51:54 - image_processor - DEBUG - [parallel_convolution.py:53] - Library edge detection worker finished for image 42 (PID 25456)
2025-12-21 19:51:54 - image_processor - DEBUG - [image_processing.py:113] - Non-maximum suppression completed
2025-12-21 19:51:54 - image_processor - DEBUG - [image_processing.py:139] - Edge detection completed in 1.4177 seconds
2025-12-21 19:51:54 - image_processor - DEBUG - [parallel_convolution.py:53] - Library edge detection worker finished for image 45 (PID 21128)
2025-12-21 19:51:54 - image_processor - DEBUG - [image_processing.py:113] - Non-maximum suppression completed
2025-12-21 19:51:54 - image_processor - DEBUG - [image_processing.py:139] - Edge detection completed in 1.7981 seconds
2025-12-21 19:51:54 - image_processor - DEBUG - [parallel_convolution.py:33] - Convolution worker finished for image 44 (PID 26316)
2025-12-21 19:51:54 - image_processor - INFO - [parallel_convolution.py:137] - Parallel custom edge detection completed for 5 images
2025-12-21 19:51:54 - image_processor - DEBUG - [image_processing.py:113] - Non-maximum suppression completed
2025-12-21 19:51:54 - image_processor - DEBUG - [image_processing.py:139] - Edge detection completed in 1.6380 seconds
2025-12-21 19:51:54 - image_processor - DEBUG - [parallel_convolution.py:53] - Library edge detection worker finished for image 44 (PID 25108)
2025-12-21 19:51:54 - image_processor - INFO - [parallel_convolution.py:154] - Parallel library edge detection completed for 5 images
2025-12-21 19:51:54 - image_processor - DEBUG - [async_pipeline.py:113] - Edge detection completed
2025-12-21 19:51:54 - image_processor - INFO - [parallel_convolution.py:166] - Starting parallel arithmetic operations for 5 images
2025-12-21 19:51:55 - image_processor - DEBUG - [parallel_convolution.py:70] - Arithmetic operations worker started for image 41 (PID 26448, breed: Saint Bernard)
2025-12-21 19:51:55 - image_processor - DEBUG - [abstract_image.py:141] - Addition operation started
2025-12-21 19:51:55 - image_processor - DEBUG - [parallel_convolution.py:70] - Arithmetic operations worker started for image 42 (PID 20020, breed: Saint Bernard)
2025-12-21 19:51:55 - image_processor - DEBUG - [abstract_image.py:141] - Addition operation started
2025-12-21 19:51:55 - image_processor - DEBUG - [abstract_image.py:129] - Converting grayscale to RGB (3 channels)
2025-12-21 19:51:55 - image_processor - DEBUG - [parallel_convolution.py:70] - Arithmetic operations worker started for image 43 (PID 14044, breed: Saint Bernard)
2025-12-21 19:51:55 - image_processor - DEBUG - [abstract_image.py:141] - Addition operation started
2025-12-21 19:51:55 - image_processor - DEBUG - [abstract_image.py:129] - Converting grayscale to RGB (3 channels)
2025-12-21 19:51:55 - image_processor - DEBUG - [parallel_convolution.py:70] - Arithmetic operations worker started for image 44 (PID 11556, breed: Saint Bernard)
2025-12-21 19:51:55 - image_processor - DEBUG - [abstract_image.py:141] - Addition operation started
2025-12-21 19:51:55 - image_processor - DEBUG - [abstract_image.py:129] - Converting grayscale to RGB (3 channels)
2025-12-21 19:51:55 - image_processor - DEBUG - [parallel_convolution.py:70] - Arithmetic operations worker started for image 45 (PID 23020, breed: Saint Bernard)
2025-12-21 19:51:55 - image_processor - DEBUG - [abstract_image.py:141] - Addition operation started
2025-12-21 19:51:55 - image_processor - DEBUG - [abstract_image.py:129] - Converting grayscale to RGB (3 channels)
2025-12-21 19:51:55 - image_processor - DEBUG - [abstract_image.py:166] - Addition operation completed. Result shape: (937, 750, 3)
2025-12-21 19:51:55 - image_processor - DEBUG - [image_processing.py:24] - ImageProcessing instance created
2025-12-21 19:51:55 - image_processor - DEBUG - [abstract_image.py:35] - CatImage created: breed=Saint Bernard+processed, shape=(937, 750, 3), url=combined_Saint Bernard...
2025-12-21 19:51:55 - image_processor - DEBUG - [abstract_image.py:173] - Subtraction operation started
2025-12-21 19:51:55 - image_processor - DEBUG - [abstract_image.py:129] - Converting grayscale to RGB (3 channels)
2025-12-21 19:51:55 - image_processor - DEBUG - [abstract_image.py:166] - Addition operation completed. Result shape: (1080, 1080, 3)
2025-12-21 19:51:55 - image_processor - DEBUG - [image_processing.py:24] - ImageProcessing instance created
2025-12-21 19:51:55 - image_processor - DEBUG - [abstract_image.py:35] - CatImage created: breed=Saint Bernard+processed, shape=(1080, 1080, 3), url=combined_Saint Bernard...
2025-12-21 19:51:55 - image_processor - DEBUG - [abstract_image.py:173] - Subtraction operation started
2025-12-21 19:51:55 - image_processor - DEBUG - [abstract_image.py:129] - Converting grayscale to RGB (3 channels)
2025-12-21 19:51:55 - image_processor - DEBUG - [abstract_image.py:166] - Addition operation completed. Result shape: (1086, 1080, 4)
2025-12-21 19:51:55 - image_processor - DEBUG - [image_processing.py:24] - ImageProcessing instance created
2025-12-21 19:51:55 - image_processor - DEBUG - [abstract_image.py:35] - CatImage created: breed=Saint Bernard+processed, shape=(1086, 1080, 4), url=combined_Saint Bernard...
2025-12-21 19:51:55 - image_processor - DEBUG - [abstract_image.py:173] - Subtraction operation started
2025-12-21 19:51:55 - image_processor - DEBUG - [abstract_image.py:198] - Subtraction operation completed. Result shape: (937, 750, 3)
2025-12-21 19:51:55 - image_processor - DEBUG - [image_processing.py:24] - ImageProcessing instance created
2025-12-21 19:51:55 - image_processor - DEBUG - [abstract_image.py:35] - CatImage created: breed=Saint Bernard-processed, shape=(937, 750, 3), url=subtracted_Saint Bernard...
2025-12-21 19:51:55 - image_processor - DEBUG - [abstract_image.py:141] - Addition operation started
2025-12-21 19:51:55 - image_processor - DEBUG - [abstract_image.py:129] - Converting grayscale to RGB (3 channels)
2025-12-21 19:51:55 - image_processor - DEBUG - [abstract_image.py:166] - Addition operation completed. Result shape: (1080, 1080, 3)
2025-12-21 19:51:55 - image_processor - DEBUG - [image_processing.py:24] - ImageProcessing instance created
2025-12-21 19:51:55 - image_processor - DEBUG - [abstract_image.py:35] - CatImage created: breed=Saint Bernard+processed, shape=(1080, 1080, 3), url=combined_Saint Bernard...
2025-12-21 19:51:55 - image_processor - DEBUG - [abstract_image.py:173] - Subtraction operation started
2025-12-21 19:51:55 - image_processor - DEBUG - [abstract_image.py:129] - Converting grayscale to RGB (3 channels)
2025-12-21 19:51:55 - image_processor - DEBUG - [abstract_image.py:166] - Addition operation completed. Result shape: (1350, 1080, 3)
2025-12-21 19:51:55 - image_processor - DEBUG - [image_processing.py:24] - ImageProcessing instance created
2025-12-21 19:51:55 - image_processor - DEBUG - [abstract_image.py:35] - CatImage created: breed=Saint Bernard+processed, shape=(1350, 1080, 3), url=combined_Saint Bernard...
2025-12-21 19:51:55 - image_processor - DEBUG - [abstract_image.py:173] - Subtraction operation started
2025-12-21 19:51:55 - image_processor - DEBUG - [abstract_image.py:129] - Converting grayscale to RGB (3 channels)
2025-12-21 19:51:55 - image_processor - DEBUG - [abstract_image.py:166] - Addition operation completed. Result shape: (937, 750, 3)
2025-12-21 19:51:55 - image_processor - DEBUG - [image_processing.py:24] - ImageProcessing instance created
2025-12-21 19:51:55 - image_processor - DEBUG - [abstract_image.py:35] - CatImage created: breed=Saint Bernard+processed, shape=(937, 750, 3), url=combined_Saint Bernard...
2025-12-21 19:51:55 - image_processor - DEBUG - [abstract_image.py:173] - Subtraction operation started
2025-12-21 19:51:55 - image_processor - DEBUG - [abstract_image.py:129] - Converting grayscale to RGB (3 channels)
2025-12-21 19:51:55 - image_processor - DEBUG - [abstract_image.py:198] - Subtraction operation completed. Result shape: (1080, 1080, 3)
2025-12-21 19:51:55 - image_processor - DEBUG - [image_processing.py:24] - ImageProcessing instance created
2025-12-21 19:51:55 - image_processor - DEBUG - [abstract_image.py:35] - CatImage created: breed=Saint Bernard-processed, shape=(1080, 1080, 3), url=subtracted_Saint Bernard...
2025-12-21 19:51:55 - image_processor - DEBUG - [abstract_image.py:141] - Addition operation started
2025-12-21 19:51:55 - image_processor - DEBUG - [abstract_image.py:129] - Converting grayscale to RGB (3 channels)
2025-12-21 19:51:55 - image_processor - DEBUG - [abstract_image.py:198] - Subtraction operation completed. Result shape: (1086, 1080, 4)
2025-12-21 19:51:55 - image_processor - DEBUG - [image_processing.py:24] - ImageProcessing instance created
2025-12-21 19:51:55 - image_processor - DEBUG - [abstract_image.py:35] - CatImage created: breed=Saint Bernard-processed, shape=(1086, 1080, 4), url=subtracted_Saint Bernard...
2025-12-21 19:51:55 - image_processor - DEBUG - [abstract_image.py:141] - Addition operation started
2025-12-21 19:51:55 - image_processor - DEBUG - [abstract_image.py:198] - Subtraction operation completed. Result shape: (937, 750, 3)
2025-12-21 19:51:55 - image_processor - DEBUG - [image_processing.py:24] - ImageProcessing instance created
2025-12-21 19:51:55 - image_processor - DEBUG - [abstract_image.py:35] - CatImage created: breed=Saint Bernard-processed, shape=(937, 750, 3), url=subtracted_Saint Bernard...
2025-12-21 19:51:55 - image_processor - DEBUG - [parallel_convolution.py:85] - Arithmetic operations worker finished for image 43 (PID 14044)
2025-12-21 19:51:55 - image_processor - DEBUG - [abstract_image.py:198] - Subtraction operation completed. Result shape: (1080, 1080, 3)
2025-12-21 19:51:55 - image_processor - DEBUG - [image_processing.py:24] - ImageProcessing instance created
2025-12-21 19:51:55 - image_processor - DEBUG - [abstract_image.py:35] - CatImage created: breed=Saint Bernard-processed, shape=(1080, 1080, 3), url=subtracted_Saint Bernard...
2025-12-21 19:51:55 - image_processor - DEBUG - [abstract_image.py:141] - Addition operation started
2025-12-21 19:51:55 - image_processor - DEBUG - [abstract_image.py:129] - Converting grayscale to RGB (3 channels)
2025-12-21 19:51:56 - image_processor - DEBUG - [abstract_image.py:166] - Addition operation completed. Result shape: (1080, 1080, 3)
2025-12-21 19:51:56 - image_processor - DEBUG - [image_processing.py:24] - ImageProcessing instance created
2025-12-21 19:51:56 - image_processor - DEBUG - [abstract_image.py:35] - CatImage created: breed=Saint Bernard+processed, shape=(1080, 1080, 3), url=combined_Saint Bernard...
2025-12-21 19:51:56 - image_processor - DEBUG - [abstract_image.py:173] - Subtraction operation started
2025-12-21 19:51:56 - image_processor - DEBUG - [abstract_image.py:129] - Converting grayscale to RGB (3 channels)
2025-12-21 19:51:56 - image_processor - DEBUG - [abstract_image.py:198] - Subtraction operation completed. Result shape: (1350, 1080, 3)
2025-12-21 19:51:56 - image_processor - DEBUG - [image_processing.py:24] - ImageProcessing instance created
2025-12-21 19:51:56 - image_processor - DEBUG - [abstract_image.py:35] - CatImage created: breed=Saint Bernard-processed, shape=(1350, 1080, 3), url=subtracted_Saint Bernard...
2025-12-21 19:51:56 - image_processor - DEBUG - [abstract_image.py:141] - Addition operation started
2025-12-21 19:51:56 - image_processor - DEBUG - [abstract_image.py:129] - Converting grayscale to RGB (3 channels)
2025-12-21 19:51:56 - image_processor - DEBUG - [abstract_image.py:166] - Addition operation completed. Result shape: (1086, 1080, 4)
2025-12-21 19:51:56 - image_processor - DEBUG - [image_processing.py:24] - ImageProcessing instance created
2025-12-21 19:51:56 - image_processor - DEBUG - [abstract_image.py:35] - CatImage created: breed=Saint Bernard+processed, shape=(1086, 1080, 4), url=combined_Saint Bernard...
2025-12-21 19:51:56 - image_processor - DEBUG - [abstract_image.py:173] - Subtraction operation started
2025-12-21 19:51:56 - image_processor - DEBUG - [abstract_image.py:166] - Addition operation completed. Result shape: (1080, 1080, 3)
2025-12-21 19:51:56 - image_processor - DEBUG - [image_processing.py:24] - ImageProcessing instance created
2025-12-21 19:51:56 - image_processor - DEBUG - [abstract_image.py:35] - CatImage created: breed=Saint Bernard+processed, shape=(1080, 1080, 3), url=combined_Saint Bernard...
2025-12-21 19:51:56 - image_processor - DEBUG - [abstract_image.py:173] - Subtraction operation started
2025-12-21 19:51:56 - image_processor - DEBUG - [abstract_image.py:129] - Converting grayscale to RGB (3 channels)
2025-12-21 19:51:56 - image_processor - DEBUG - [abstract_image.py:198] - Subtraction operation completed. Result shape: (1080, 1080, 3)
2025-12-21 19:51:56 - image_processor - DEBUG - [image_processing.py:24] - ImageProcessing instance created
2025-12-21 19:51:56 - image_processor - DEBUG - [abstract_image.py:35] - CatImage created: breed=Saint Bernard-processed, shape=(1080, 1080, 3), url=subtracted_Saint Bernard...
2025-12-21 19:51:56 - image_processor - DEBUG - [parallel_convolution.py:85] - Arithmetic operations worker finished for image 42 (PID 20020)
2025-12-21 19:51:56 - image_processor - DEBUG - [abstract_image.py:166] - Addition operation completed. Result shape: (1350, 1080, 3)
2025-12-21 19:51:56 - image_processor - DEBUG - [image_processing.py:24] - ImageProcessing instance created
2025-12-21 19:51:56 - image_processor - DEBUG - [abstract_image.py:35] - CatImage created: breed=Saint Bernard+processed, shape=(1350, 1080, 3), url=combined_Saint Bernard...
2025-12-21 19:51:56 - image_processor - DEBUG - [abstract_image.py:173] - Subtraction operation started
2025-12-21 19:51:56 - image_processor - DEBUG - [abstract_image.py:129] - Converting grayscale to RGB (3 channels)
2025-12-21 19:51:56 - image_processor - DEBUG - [abstract_image.py:198] - Subtraction operation completed. Result shape: (1080, 1080, 3)
2025-12-21 19:51:56 - image_processor - DEBUG - [image_processing.py:24] - ImageProcessing instance created
2025-12-21 19:51:56 - image_processor - DEBUG - [abstract_image.py:35] - CatImage created: breed=Saint Bernard-processed, shape=(1080, 1080, 3), url=subtracted_Saint Bernard...
2025-12-21 19:51:56 - image_processor - DEBUG - [parallel_convolution.py:85] - Arithmetic operations worker finished for image 45 (PID 23020)
2025-12-21 19:51:56 - image_processor - DEBUG - [abstract_image.py:198] - Subtraction operation completed. Result shape: (1086, 1080, 4)
2025-12-21 19:51:56 - image_processor - DEBUG - [image_processing.py:24] - ImageProcessing instance created
2025-12-21 19:51:56 - image_processor - DEBUG - [abstract_image.py:35] - CatImage created: breed=Saint Bernard-processed, shape=(1086, 1080, 4), url=subtracted_Saint Bernard...
2025-12-21 19:51:56 - image_processor - DEBUG - [parallel_convolution.py:85] - Arithmetic operations worker finished for image 41 (PID 26448)
2025-12-21 19:51:56 - image_processor - DEBUG - [abstract_image.py:198] - Subtraction operation completed. Result shape: (1350, 1080, 3)
2025-12-21 19:51:56 - image_processor - DEBUG - [image_processing.py:24] - ImageProcessing instance created
2025-12-21 19:51:56 - image_processor - DEBUG - [abstract_image.py:35] - CatImage created: breed=Saint Bernard-processed, shape=(1350, 1080, 3), url=subtracted_Saint Bernard...
2025-12-21 19:51:56 - image_processor - DEBUG - [parallel_convolution.py:85] - Arithmetic operations worker finished for image 44 (PID 11556)
2025-12-21 19:51:56 - image_processor - INFO - [parallel_convolution.py:193] - Parallel arithmetic operations completed for 5 images
2025-12-21 19:51:56 - image_processor - DEBUG - [async_pipeline.py:124] - Arithmetic operations completed
2025-12-21 19:51:56 - image_processor - DEBUG - [async_pipeline.py:152] - Chunk processed: 5 images with all operations completed
2025-12-21 19:51:56 - image_processor - DEBUG - [async_pipeline.py:187] - Saving image 41 (Saint Bernard)
2025-12-21 19:51:56 - image_processor - DEBUG - [async_pipeline.py:187] - Saving image 42 (Saint Bernard)
2025-12-21 19:51:56 - image_processor - DEBUG - [async_pipeline.py:187] - Saving image 43 (Saint Bernard)
2025-12-21 19:51:56 - image_processor - DEBUG - [async_pipeline.py:187] - Saving image 44 (Saint Bernard)
2025-12-21 19:51:56 - image_processor - DEBUG - [async_pipeline.py:187] - Saving image 45 (Saint Bernard)
2025-12-21 19:51:56 - image_processor - DEBUG - [async_pipeline.py:203] - Image 41 saved (3 files)
2025-12-21 19:51:56 - image_processor - DEBUG - [async_pipeline.py:203] - Image 43 saved (3 files)
2025-12-21 19:51:56 - image_processor - DEBUG - [async_pipeline.py:203] - Image 44 saved (3 files)
2025-12-21 19:51:56 - image_processor - DEBUG - [async_pipeline.py:203] - Image 42 saved (3 files)
2025-12-21 19:51:56 - image_processor - DEBUG - [async_pipeline.py:203] - Image 45 saved (3 files)
2025-12-21 19:51:56 - image_processor - INFO - [async_pipeline.py:70] - Processing chunk 10/10: images 46 to 50
2025-12-21 19:51:56 - image_processor - INFO - [async_image_processor.py:144] - Starting parallel download of 5 images
2025-12-21 19:51:56 - image_processor - DEBUG - [async_image_processor.py:113] - Downloading image 46 (breed: Saluki)
2025-12-21 19:51:56 - image_processor - DEBUG - [async_image_processor.py:113] - Downloading image 47 (breed: Saluki)
2025-12-21 19:51:56 - image_processor - DEBUG - [async_image_processor.py:113] - Downloading image 48 (breed: Saluki)
2025-12-21 19:51:56 - image_processor - DEBUG - [async_image_processor.py:113] - Downloading image 49 (breed: Shiba Inu)
2025-12-21 19:51:56 - image_processor - DEBUG - [async_image_processor.py:113] - Downloading image 50 (breed: Tibetan Terrier)
2025-12-21 19:51:58 - image_processor - DEBUG - [async_image_processor.py:131] - Image 49 downloaded successfully (shape: (1344, 1080, 3))
2025-12-21 19:51:58 - image_processor - DEBUG - [async_image_processor.py:131] - Image 47 downloaded successfully (shape: (854, 1280, 3))
2025-12-21 19:51:58 - image_processor - DEBUG - [async_image_processor.py:131] - Image 50 downloaded successfully (shape: (1308, 1080, 3))
2025-12-21 19:51:58 - image_processor - DEBUG - [async_image_processor.py:131] - Image 46 downloaded successfully (shape: (778, 960, 3))
2025-12-21 19:51:58 - image_processor - DEBUG - [async_image_processor.py:131] - Image 48 downloaded successfully (shape: (853, 1280, 3))
2025-12-21 19:51:58 - image_processor - INFO - [async_image_processor.py:155] - Parallel download completed: 5/5 successful
2025-12-21 19:51:58 - image_processor - DEBUG - [async_image_processor.py:163] - Creating image objects from 5 metadata entries
2025-12-21 19:51:58 - image_processor - DEBUG - [image_processing.py:24] - ImageProcessing instance created
2025-12-21 19:51:58 - image_processor - DEBUG - [abstract_image.py:35] - CatImage created: breed=Saluki, shape=(778, 960, 3), url=https://cdn2.thedogapi.com/images/k4WVD0wfC.jpg...
2025-12-21 19:51:58 - image_processor - DEBUG - [async_image_processor.py:184] - Image object created for index 46 (breed: Saluki)
2025-12-21 19:51:58 - image_processor - DEBUG - [image_processing.py:24] - ImageProcessing instance created
2025-12-21 19:51:58 - image_processor - DEBUG - [abstract_image.py:35] - CatImage created: breed=Saluki, shape=(854, 1280, 3), url=https://cdn2.thedogapi.com/images/sHPfcmVsV.jpg...
2025-12-21 19:51:58 - image_processor - DEBUG - [async_image_processor.py:184] - Image object created for index 47 (breed: Saluki)
2025-12-21 19:51:58 - image_processor - DEBUG - [image_processing.py:24] - ImageProcessing instance created
2025-12-21 19:51:58 - image_processor - DEBUG - [abstract_image.py:35] - CatImage created: breed=Saluki, shape=(853, 1280, 3), url=https://cdn2.thedogapi.com/images/xGuSVhi28.jpg...
2025-12-21 19:51:58 - image_processor - DEBUG - [async_image_processor.py:184] - Image object created for index 48 (breed: Saluki)
2025-12-21 19:51:58 - image_processor - DEBUG - [image_processing.py:24] - ImageProcessing instance created
2025-12-21 19:51:58 - image_processor - DEBUG - [abstract_image.py:35] - CatImage created: breed=Shiba Inu, shape=(1344, 1080, 3), url=https://cdn2.thedogapi.com/images/1MWLW6AFy.jpg...
2025-12-21 19:51:58 - image_processor - DEBUG - [async_image_processor.py:184] - Image object created for index 49 (breed: Shiba Inu)
2025-12-21 19:51:58 - image_processor - DEBUG - [image_processing.py:24] - ImageProcessing instance created
2025-12-21 19:51:58 - image_processor - DEBUG - [abstract_image.py:35] - CatImage created: breed=Tibetan Terrier, shape=(1308, 1080, 3), url=https://cdn2.thedogapi.com/images/wRP-CQQJy.jpg...
2025-12-21 19:51:58 - image_processor - DEBUG - [async_image_processor.py:184] - Image object created for index 50 (breed: Tibetan Terrier)
2025-12-21 19:51:58 - image_processor - INFO - [async_image_processor.py:186] - Created 5 image objects
2025-12-21 19:51:58 - image_processor - DEBUG - [async_pipeline.py:76] - Chunk 10: 5 images ready for processing
2025-12-21 19:51:58 - image_processor - DEBUG - [async_pipeline.py:95] - Processing chunk of 5 images
2025-12-21 19:51:58 - image_processor - INFO - [parallel_convolution.py:127] - Starting parallel custom edge detection for 5 images
2025-12-21 19:51:58 - image_processor - INFO - [parallel_convolution.py:144] - Starting parallel library edge detection for 5 images
2025-12-21 19:52:00 - image_processor - DEBUG - [parallel_convolution.py:28] - Convolution worker started for image 46 (PID 12720, breed: Saluki)
2025-12-21 19:52:00 - image_processor - DEBUG - [image_processing.py:24] - ImageProcessing instance created
2025-12-21 19:52:00 - image_processor - DEBUG - [image_processing.py:120] - Edge detection (Canny) started
2025-12-21 19:52:00 - image_processor - DEBUG - [image_processing.py:46] - RGB to grayscale conversion started. Image shape: (778, 960, 3)
2025-12-21 19:52:00 - image_processor - DEBUG - [image_processing.py:53] - RGB to grayscale conversion completed. Result shape: (778, 960)
2025-12-21 19:52:00 - image_processor - DEBUG - [image_processing.py:30] - Convolution started. Image shape: (778, 960), kernel shape: (3, 3)
2025-12-21 19:52:00 - image_processor - DEBUG - [image_processing.py:36] - Convolution completed in 0.0124 seconds
2025-12-21 19:52:00 - image_processor - DEBUG - [image_processing.py:30] - Convolution started. Image shape: (778, 960), kernel shape: (3, 3)
2025-12-21 19:52:00 - image_processor - DEBUG - [image_processing.py:36] - Convolution completed in 0.0113 seconds
2025-12-21 19:52:00 - image_processor - DEBUG - [image_processing.py:91] - Non-maximum suppression started
2025-12-21 19:52:00 - image_processor - DEBUG - [parallel_convolution.py:28] - Convolution worker started for image 47 (PID 25612, breed: Saluki)
2025-12-21 19:52:00 - image_processor - DEBUG - [image_processing.py:24] - ImageProcessing instance created
2025-12-21 19:52:00 - image_processor - DEBUG - [image_processing.py:120] - Edge detection (Canny) started
2025-12-21 19:52:00 - image_processor - DEBUG - [image_processing.py:46] - RGB to grayscale conversion started. Image shape: (854, 1280, 3)
2025-12-21 19:52:00 - image_processor - DEBUG - [parallel_convolution.py:48] - Library edge detection worker started for image 46 (PID 25112, breed: Saluki)
2025-12-21 19:52:00 - image_processor - DEBUG - [image_processing.py:24] - ImageProcessing instance created
2025-12-21 19:52:00 - image_processor - DEBUG - [image_processing.py:120] - Edge detection (Canny) started
2025-12-21 19:52:00 - image_processor - DEBUG - [image_processing.py:46] - RGB to grayscale conversion started. Image shape: (778, 960, 3)
2025-12-21 19:52:00 - image_processor - DEBUG - [image_processing.py:53] - RGB to grayscale conversion completed. Result shape: (778, 960)
2025-12-21 19:52:00 - image_processor - DEBUG - [image_processing.py:30] - Convolution started. Image shape: (778, 960), kernel shape: (3, 3)
2025-12-21 19:52:00 - image_processor - DEBUG - [image_processing.py:53] - RGB to grayscale conversion completed. Result shape: (854, 1280)
2025-12-21 19:52:00 - image_processor - DEBUG - [image_processing.py:30] - Convolution started. Image shape: (854, 1280), kernel shape: (3, 3)
2025-12-21 19:52:00 - image_processor - DEBUG - [image_processing.py:36] - Convolution completed in 0.0117 seconds
2025-12-21 19:52:00 - image_processor - DEBUG - [image_processing.py:30] - Convolution started. Image shape: (778, 960), kernel shape: (3, 3)
2025-12-21 19:52:00 - image_processor - DEBUG - [image_processing.py:36] - Convolution completed in 0.0115 seconds
2025-12-21 19:52:00 - image_processor - DEBUG - [image_processing.py:36] - Convolution completed in 0.0169 seconds
2025-12-21 19:52:00 - image_processor - DEBUG - [image_processing.py:30] - Convolution started. Image shape: (854, 1280), kernel shape: (3, 3)
2025-12-21 19:52:00 - image_processor - DEBUG - [parallel_convolution.py:48] - Library edge detection worker started for image 47 (PID 17144, breed: Saluki)
2025-12-21 19:52:00 - image_processor - DEBUG - [image_processing.py:24] - ImageProcessing instance created
2025-12-21 19:52:00 - image_processor - DEBUG - [image_processing.py:120] - Edge detection (Canny) started
2025-12-21 19:52:00 - image_processor - DEBUG - [image_processing.py:46] - RGB to grayscale conversion started. Image shape: (854, 1280, 3)
2025-12-21 19:52:00 - image_processor - DEBUG - [image_processing.py:36] - Convolution completed in 0.0169 seconds
2025-12-21 19:52:00 - image_processor - DEBUG - [image_processing.py:91] - Non-maximum suppression started
2025-12-21 19:52:00 - image_processor - DEBUG - [image_processing.py:91] - Non-maximum suppression started
2025-12-21 19:52:00 - image_processor - DEBUG - [image_processing.py:53] - RGB to grayscale conversion completed. Result shape: (854, 1280)
2025-12-21 19:52:00 - image_processor - DEBUG - [image_processing.py:30] - Convolution started. Image shape: (854, 1280), kernel shape: (3, 3)
2025-12-21 19:52:00 - image_processor - DEBUG - [image_processing.py:36] - Convolution completed in 0.0185 seconds
2025-12-21 19:52:00 - image_processor - DEBUG - [image_processing.py:30] - Convolution started. Image shape: (854, 1280), kernel shape: (3, 3)
2025-12-21 19:52:00 - image_processor - DEBUG - [parallel_convolution.py:28] - Convolution worker started for image 48 (PID 24616, breed: Saluki)
2025-12-21 19:52:00 - image_processor - DEBUG - [image_processing.py:24] - ImageProcessing instance created
2025-12-21 19:52:00 - image_processor - DEBUG - [image_processing.py:120] - Edge detection (Canny) started
2025-12-21 19:52:00 - image_processor - DEBUG - [image_processing.py:46] - RGB to grayscale conversion started. Image shape: (853, 1280, 3)
2025-12-21 19:52:00 - image_processor - DEBUG - [image_processing.py:36] - Convolution completed in 0.0212 seconds
2025-12-21 19:52:00 - image_processor - DEBUG - [image_processing.py:53] - RGB to grayscale conversion completed. Result shape: (853, 1280)
2025-12-21 19:52:00 - image_processor - DEBUG - [image_processing.py:30] - Convolution started. Image shape: (853, 1280), kernel shape: (3, 3)
2025-12-21 19:52:00 - image_processor - DEBUG - [image_processing.py:91] - Non-maximum suppression started
2025-12-21 19:52:00 - image_processor - DEBUG - [image_processing.py:36] - Convolution completed in 0.0174 seconds
2025-12-21 19:52:00 - image_processor - DEBUG - [image_processing.py:30] - Convolution started. Image shape: (853, 1280), kernel shape: (3, 3)
2025-12-21 19:52:00 - image_processor - DEBUG - [parallel_convolution.py:48] - Library edge detection worker started for image 48 (PID 11228, breed: Saluki)
2025-12-21 19:52:00 - image_processor - DEBUG - [image_processing.py:24] - ImageProcessing instance created
2025-12-21 19:52:00 - image_processor - DEBUG - [image_processing.py:120] - Edge detection (Canny) started
2025-12-21 19:52:00 - image_processor - DEBUG - [image_processing.py:46] - RGB to grayscale conversion started. Image shape: (853, 1280, 3)
2025-12-21 19:52:00 - image_processor - DEBUG - [parallel_convolution.py:28] - Convolution worker started for image 49 (PID 12244, breed: Shiba Inu)
2025-12-21 19:52:00 - image_processor - DEBUG - [image_processing.py:24] - ImageProcessing instance created
2025-12-21 19:52:00 - image_processor - DEBUG - [image_processing.py:120] - Edge detection (Canny) started
2025-12-21 19:52:00 - image_processor - DEBUG - [image_processing.py:46] - RGB to grayscale conversion started. Image shape: (1344, 1080, 3)
2025-12-21 19:52:00 - image_processor - DEBUG - [parallel_convolution.py:28] - Convolution worker started for image 50 (PID 24848, breed: Tibetan Terrier)
2025-12-21 19:52:00 - image_processor - DEBUG - [image_processing.py:24] - ImageProcessing instance created
2025-12-21 19:52:00 - image_processor - DEBUG - [image_processing.py:120] - Edge detection (Canny) started
2025-12-21 19:52:00 - image_processor - DEBUG - [image_processing.py:46] - RGB to grayscale conversion started. Image shape: (1308, 1080, 3)
2025-12-21 19:52:00 - image_processor - DEBUG - [image_processing.py:36] - Convolution completed in 0.0192 seconds
2025-12-21 19:52:00 - image_processor - DEBUG - [parallel_convolution.py:48] - Library edge detection worker started for image 49 (PID 2628, breed: Shiba Inu)
2025-12-21 19:52:00 - image_processor - DEBUG - [image_processing.py:24] - ImageProcessing instance created
2025-12-21 19:52:00 - image_processor - DEBUG - [image_processing.py:120] - Edge detection (Canny) started
2025-12-21 19:52:00 - image_processor - DEBUG - [image_processing.py:46] - RGB to grayscale conversion started. Image shape: (1344, 1080, 3)
2025-12-21 19:52:00 - image_processor - DEBUG - [parallel_convolution.py:48] - Library edge detection worker started for image 50 (PID 20756, breed: Tibetan Terrier)
2025-12-21 19:52:00 - image_processor - DEBUG - [image_processing.py:24] - ImageProcessing instance created
2025-12-21 19:52:00 - image_processor - DEBUG - [image_processing.py:120] - Edge detection (Canny) started
2025-12-21 19:52:00 - image_processor - DEBUG - [image_processing.py:46] - RGB to grayscale conversion started. Image shape: (1308, 1080, 3)
2025-12-21 19:52:00 - image_processor - DEBUG - [image_processing.py:53] - RGB to grayscale conversion completed. Result shape: (853, 1280)
2025-12-21 19:52:00 - image_processor - DEBUG - [image_processing.py:91] - Non-maximum suppression started
2025-12-21 19:52:00 - image_processor - DEBUG - [image_processing.py:30] - Convolution started. Image shape: (853, 1280), kernel shape: (3, 3)
2025-12-21 19:52:00 - image_processor - DEBUG - [image_processing.py:53] - RGB to grayscale conversion completed. Result shape: (1344, 1080)
2025-12-21 19:52:00 - image_processor - DEBUG - [image_processing.py:30] - Convolution started. Image shape: (1344, 1080), kernel shape: (3, 3)
2025-12-21 19:52:00 - image_processor - DEBUG - [image_processing.py:36] - Convolution completed in 0.0160 seconds
2025-12-21 19:52:00 - image_processor - DEBUG - [image_processing.py:30] - Convolution started. Image shape: (853, 1280), kernel shape: (3, 3)
2025-12-21 19:52:00 - image_processor - DEBUG - [image_processing.py:53] - RGB to grayscale conversion completed. Result shape: (1344, 1080)
2025-12-21 19:52:00 - image_processor - DEBUG - [image_processing.py:36] - Convolution completed in 0.0222 seconds
2025-12-21 19:52:00 - image_processor - DEBUG - [image_processing.py:30] - Convolution started. Image shape: (1344, 1080), kernel shape: (3, 3)
2025-12-21 19:52:00 - image_processor - DEBUG - [image_processing.py:30] - Convolution started. Image shape: (1344, 1080), kernel shape: (3, 3)
2025-12-21 19:52:00 - image_processor - DEBUG - [image_processing.py:36] - Convolution completed in 0.0179 seconds
2025-12-21 19:52:00 - image_processor - DEBUG - [image_processing.py:53] - RGB to grayscale conversion completed. Result shape: (1308, 1080)
2025-12-21 19:52:00 - image_processor - DEBUG - [image_processing.py:30] - Convolution started. Image shape: (1308, 1080), kernel shape: (3, 3)
2025-12-21 19:52:00 - image_processor - DEBUG - [image_processing.py:53] - RGB to grayscale conversion completed. Result shape: (1308, 1080)
2025-12-21 19:52:00 - image_processor - DEBUG - [image_processing.py:30] - Convolution started. Image shape: (1308, 1080), kernel shape: (3, 3)
2025-12-21 19:52:00 - image_processor - DEBUG - [image_processing.py:36] - Convolution completed in 0.0278 seconds
2025-12-21 19:52:00 - image_processor - DEBUG - [image_processing.py:36] - Convolution completed in 0.0262 seconds
2025-12-21 19:52:00 - image_processor - DEBUG - [image_processing.py:91] - Non-maximum suppression started
2025-12-21 19:52:00 - image_processor - DEBUG - [image_processing.py:30] - Convolution started. Image shape: (1344, 1080), kernel shape: (3, 3)
2025-12-21 19:52:00 - image_processor - DEBUG - [image_processing.py:36] - Convolution completed in 0.0228 seconds
2025-12-21 19:52:00 - image_processor - DEBUG - [image_processing.py:30] - Convolution started. Image shape: (1308, 1080), kernel shape: (3, 3)
2025-12-21 19:52:00 - image_processor - DEBUG - [image_processing.py:36] - Convolution completed in 0.0263 seconds
2025-12-21 19:52:00 - image_processor - DEBUG - [image_processing.py:30] - Convolution started. Image shape: (1308, 1080), kernel shape: (3, 3)
2025-12-21 19:52:00 - image_processor - DEBUG - [image_processing.py:36] - Convolution completed in 0.0253 seconds
2025-12-21 19:52:00 - image_processor - DEBUG - [image_processing.py:36] - Convolution completed in 0.0243 seconds
2025-12-21 19:52:00 - image_processor - DEBUG - [image_processing.py:91] - Non-maximum suppression started
2025-12-21 19:52:00 - image_processor - DEBUG - [image_processing.py:36] - Convolution completed in 0.0354 seconds
2025-12-21 19:52:00 - image_processor - DEBUG - [image_processing.py:91] - Non-maximum suppression started
2025-12-21 19:52:00 - image_processor - DEBUG - [image_processing.py:91] - Non-maximum suppression started
2025-12-21 19:52:00 - image_processor - DEBUG - [image_processing.py:91] - Non-maximum suppression started
2025-12-21 19:52:01 - image_processor - DEBUG - [image_processing.py:113] - Non-maximum suppression completed
2025-12-21 19:52:01 - image_processor - DEBUG - [image_processing.py:139] - Edge detection completed in 1.1600 seconds
2025-12-21 19:52:01 - image_processor - DEBUG - [parallel_convolution.py:33] - Convolution worker finished for image 46 (PID 12720)
2025-12-21 19:52:01 - image_processor - DEBUG - [image_processing.py:113] - Non-maximum suppression completed
2025-12-21 19:52:01 - image_processor - DEBUG - [image_processing.py:139] - Edge detection completed in 1.1339 seconds
2025-12-21 19:52:01 - image_processor - DEBUG - [parallel_convolution.py:53] - Library edge detection worker finished for image 46 (PID 25112)
2025-12-21 19:52:01 - image_processor - DEBUG - [image_processing.py:113] - Non-maximum suppression completed
2025-12-21 19:52:01 - image_processor - DEBUG - [image_processing.py:139] - Edge detection completed in 1.6582 seconds
2025-12-21 19:52:01 - image_processor - DEBUG - [parallel_convolution.py:33] - Convolution worker finished for image 47 (PID 25612)
2025-12-21 19:52:01 - image_processor - DEBUG - [image_processing.py:113] - Non-maximum suppression completed
2025-12-21 19:52:01 - image_processor - DEBUG - [image_processing.py:139] - Edge detection completed in 1.6208 seconds
2025-12-21 19:52:01 - image_processor - DEBUG - [parallel_convolution.py:53] - Library edge detection worker finished for image 47 (PID 17144)
2025-12-21 19:52:01 - image_processor - DEBUG - [image_processing.py:113] - Non-maximum suppression completed
2025-12-21 19:52:01 - image_processor - DEBUG - [image_processing.py:139] - Edge detection completed in 1.5290 seconds
2025-12-21 19:52:01 - image_processor - DEBUG - [parallel_convolution.py:53] - Library edge detection worker finished for image 48 (PID 11228)
2025-12-21 19:52:01 - image_processor - DEBUG - [image_processing.py:113] - Non-maximum suppression completed
2025-12-21 19:52:01 - image_processor - DEBUG - [image_processing.py:139] - Edge detection completed in 1.5953 seconds
2025-12-21 19:52:01 - image_processor - DEBUG - [parallel_convolution.py:33] - Convolution worker finished for image 48 (PID 24616)
2025-12-21 19:52:02 - image_processor - DEBUG - [image_processing.py:113] - Non-maximum suppression completed
2025-12-21 19:52:02 - image_processor - DEBUG - [image_processing.py:139] - Edge detection completed in 1.8766 seconds
2025-12-21 19:52:02 - image_processor - DEBUG - [parallel_convolution.py:33] - Convolution worker finished for image 50 (PID 24848)
2025-12-21 19:52:02 - image_processor - DEBUG - [image_processing.py:113] - Non-maximum suppression completed
2025-12-21 19:52:02 - image_processor - DEBUG - [image_processing.py:139] - Edge detection completed in 1.8478 seconds
2025-12-21 19:52:02 - image_processor - DEBUG - [parallel_convolution.py:53] - Library edge detection worker finished for image 50 (PID 20756)
2025-12-21 19:52:02 - image_processor - DEBUG - [image_processing.py:113] - Non-maximum suppression completed
2025-12-21 19:52:02 - image_processor - DEBUG - [image_processing.py:139] - Edge detection completed in 1.9124 seconds
2025-12-21 19:52:02 - image_processor - DEBUG - [parallel_convolution.py:33] - Convolution worker finished for image 49 (PID 12244)
2025-12-21 19:52:02 - image_processor - INFO - [parallel_convolution.py:137] - Parallel custom edge detection completed for 5 images
2025-12-21 19:52:02 - image_processor - DEBUG - [image_processing.py:113] - Non-maximum suppression completed
2025-12-21 19:52:02 - image_processor - DEBUG - [image_processing.py:139] - Edge detection completed in 1.9374 seconds
2025-12-21 19:52:02 - image_processor - DEBUG - [parallel_convolution.py:53] - Library edge detection worker finished for image 49 (PID 2628)
2025-12-21 19:52:02 - image_processor - INFO - [parallel_convolution.py:154] - Parallel library edge detection completed for 5 images
2025-12-21 19:52:02 - image_processor - DEBUG - [async_pipeline.py:113] - Edge detection completed
2025-12-21 19:52:02 - image_processor - INFO - [parallel_convolution.py:166] - Starting parallel arithmetic operations for 5 images
2025-12-21 19:52:03 - image_processor - DEBUG - [parallel_convolution.py:70] - Arithmetic operations worker started for image 46 (PID 24612, breed: Saluki)
2025-12-21 19:52:03 - image_processor - DEBUG - [abstract_image.py:141] - Addition operation started
2025-12-21 19:52:03 - image_processor - DEBUG - [abstract_image.py:129] - Converting grayscale to RGB (3 channels)
2025-12-21 19:52:03 - image_processor - DEBUG - [parallel_convolution.py:70] - Arithmetic operations worker started for image 47 (PID 19172, breed: Saluki)
2025-12-21 19:52:03 - image_processor - DEBUG - [abstract_image.py:141] - Addition operation started
2025-12-21 19:52:03 - image_processor - DEBUG - [abstract_image.py:129] - Converting grayscale to RGB (3 channels)
2025-12-21 19:52:03 - image_processor - DEBUG - [parallel_convolution.py:70] - Arithmetic operations worker started for image 48 (PID 20888, breed: Saluki)
2025-12-21 19:52:03 - image_processor - DEBUG - [abstract_image.py:141] - Addition operation started
2025-12-21 19:52:03 - image_processor - DEBUG - [abstract_image.py:129] - Converting grayscale to RGB (3 channels)
2025-12-21 19:52:03 - image_processor - DEBUG - [abstract_image.py:166] - Addition operation completed. Result shape: (778, 960, 3)
2025-12-21 19:52:03 - image_processor - DEBUG - [image_processing.py:24] - ImageProcessing instance created
2025-12-21 19:52:03 - image_processor - DEBUG - [abstract_image.py:35] - CatImage created: breed=Saluki+processed, shape=(778, 960, 3), url=combined_Saluki...
2025-12-21 19:52:03 - image_processor - DEBUG - [abstract_image.py:173] - Subtraction operation started
2025-12-21 19:52:03 - image_processor - DEBUG - [abstract_image.py:129] - Converting grayscale to RGB (3 channels)
2025-12-21 19:52:03 - image_processor - DEBUG - [parallel_convolution.py:70] - Arithmetic operations worker started for image 49 (PID 24684, breed: Shiba Inu)
2025-12-21 19:52:03 - image_processor - DEBUG - [abstract_image.py:141] - Addition operation started
2025-12-21 19:52:03 - image_processor - DEBUG - [abstract_image.py:129] - Converting grayscale to RGB (3 channels)
2025-12-21 19:52:03 - image_processor - DEBUG - [parallel_convolution.py:70] - Arithmetic operations worker started for image 50 (PID 25280, breed: Tibetan Terrier)
2025-12-21 19:52:03 - image_processor - DEBUG - [abstract_image.py:141] - Addition operation started
2025-12-21 19:52:03 - image_processor - DEBUG - [abstract_image.py:129] - Converting grayscale to RGB (3 channels)
2025-12-21 19:52:03 - image_processor - DEBUG - [abstract_image.py:166] - Addition operation completed. Result shape: (854, 1280, 3)
2025-12-21 19:52:03 - image_processor - DEBUG - [image_processing.py:24] - ImageProcessing instance created
2025-12-21 19:52:03 - image_processor - DEBUG - [abstract_image.py:35] - CatImage created: breed=Saluki+processed, shape=(854, 1280, 3), url=combined_Saluki...
2025-12-21 19:52:03 - image_processor - DEBUG - [abstract_image.py:173] - Subtraction operation started
2025-12-21 19:52:03 - image_processor - DEBUG - [abstract_image.py:129] - Converting grayscale to RGB (3 channels)
2025-12-21 19:52:03 - image_processor - DEBUG - [abstract_image.py:198] - Subtraction operation completed. Result shape: (778, 960, 3)
2025-12-21 19:52:03 - image_processor - DEBUG - [image_processing.py:24] - ImageProcessing instance created
2025-12-21 19:52:03 - image_processor - DEBUG - [abstract_image.py:35] - CatImage created: breed=Saluki-processed, shape=(778, 960, 3), url=subtracted_Saluki...
2025-12-21 19:52:03 - image_processor - DEBUG - [abstract_image.py:141] - Addition operation started
2025-12-21 19:52:03 - image_processor - DEBUG - [abstract_image.py:129] - Converting grayscale to RGB (3 channels)
2025-12-21 19:52:03 - image_processor - DEBUG - [abstract_image.py:166] - Addition operation completed. Result shape: (853, 1280, 3)
2025-12-21 19:52:03 - image_processor - DEBUG - [image_processing.py:24] - ImageProcessing instance created
2025-12-21 19:52:03 - image_processor - DEBUG - [abstract_image.py:35] - CatImage created: breed=Saluki+processed, shape=(853, 1280, 3), url=combined_Saluki...
2025-12-21 19:52:03 - image_processor - DEBUG - [abstract_image.py:173] - Subtraction operation started
2025-12-21 19:52:03 - image_processor - DEBUG - [abstract_image.py:129] - Converting grayscale to RGB (3 channels)
2025-12-21 19:52:03 - image_processor - DEBUG - [abstract_image.py:166] - Addition operation completed. Result shape: (778, 960, 3)
2025-12-21 19:52:03 - image_processor - DEBUG - [image_processing.py:24] - ImageProcessing instance created
2025-12-21 19:52:03 - image_processor - DEBUG - [abstract_image.py:166] - Addition operation completed. Result shape: (1344, 1080, 3)
2025-12-21 19:52:03 - image_processor - DEBUG - [abstract_image.py:35] - CatImage created: breed=Saluki+processed, shape=(778, 960, 3), url=combined_Saluki...
2025-12-21 19:52:03 - image_processor - DEBUG - [image_processing.py:24] - ImageProcessing instance created
2025-12-21 19:52:03 - image_processor - DEBUG - [abstract_image.py:35] - CatImage created: breed=Shiba Inu+processed, shape=(1344, 1080, 3), url=combined_Shiba Inu...
2025-12-21 19:52:03 - image_processor - DEBUG - [abstract_image.py:173] - Subtraction operation started
2025-12-21 19:52:03 - image_processor - DEBUG - [abstract_image.py:129] - Converting grayscale to RGB (3 channels)
2025-12-21 19:52:03 - image_processor - DEBUG - [abstract_image.py:173] - Subtraction operation started
2025-12-21 19:52:03 - image_processor - DEBUG - [abstract_image.py:129] - Converting grayscale to RGB (3 channels)
2025-12-21 19:52:03 - image_processor - DEBUG - [abstract_image.py:198] - Subtraction operation completed. Result shape: (854, 1280, 3)
2025-12-21 19:52:03 - image_processor - DEBUG - [image_processing.py:24] - ImageProcessing instance created
2025-12-21 19:52:03 - image_processor - DEBUG - [abstract_image.py:35] - CatImage created: breed=Saluki-processed, shape=(854, 1280, 3), url=subtracted_Saluki...
2025-12-21 19:52:03 - image_processor - DEBUG - [abstract_image.py:141] - Addition operation started
2025-12-21 19:52:03 - image_processor - DEBUG - [abstract_image.py:129] - Converting grayscale to RGB (3 channels)
2025-12-21 19:52:03 - image_processor - DEBUG - [abstract_image.py:198] - Subtraction operation completed. Result shape: (853, 1280, 3)
2025-12-21 19:52:03 - image_processor - DEBUG - [image_processing.py:24] - ImageProcessing instance created
2025-12-21 19:52:03 - image_processor - DEBUG - [abstract_image.py:35] - CatImage created: breed=Saluki-processed, shape=(853, 1280, 3), url=subtracted_Saluki...
2025-12-21 19:52:03 - image_processor - DEBUG - [abstract_image.py:141] - Addition operation started
2025-12-21 19:52:03 - image_processor - DEBUG - [abstract_image.py:129] - Converting grayscale to RGB (3 channels)
2025-12-21 19:52:03 - image_processor - DEBUG - [abstract_image.py:166] - Addition operation completed. Result shape: (1308, 1080, 3)
2025-12-21 19:52:03 - image_processor - DEBUG - [image_processing.py:24] - ImageProcessing instance created
2025-12-21 19:52:03 - image_processor - DEBUG - [abstract_image.py:35] - CatImage created: breed=Tibetan Terrier+processed, shape=(1308, 1080, 3), url=combined_Tibetan Terrier...
2025-12-21 19:52:03 - image_processor - DEBUG - [abstract_image.py:173] - Subtraction operation started
2025-12-21 19:52:03 - image_processor - DEBUG - [abstract_image.py:129] - Converting grayscale to RGB (3 channels)
2025-12-21 19:52:03 - image_processor - DEBUG - [abstract_image.py:198] - Subtraction operation completed. Result shape: (778, 960, 3)
2025-12-21 19:52:03 - image_processor - DEBUG - [image_processing.py:24] - ImageProcessing instance created
2025-12-21 19:52:03 - image_processor - DEBUG - [abstract_image.py:35] - CatImage created: breed=Saluki-processed, shape=(778, 960, 3), url=subtracted_Saluki...
2025-12-21 19:52:03 - image_processor - DEBUG - [parallel_convolution.py:85] - Arithmetic operations worker finished for image 46 (PID 24612)
2025-12-21 19:52:03 - image_processor - DEBUG - [abstract_image.py:198] - Subtraction operation completed. Result shape: (1344, 1080, 3)
2025-12-21 19:52:03 - image_processor - DEBUG - [image_processing.py:24] - ImageProcessing instance created
2025-12-21 19:52:03 - image_processor - DEBUG - [abstract_image.py:35] - CatImage created: breed=Shiba Inu-processed, shape=(1344, 1080, 3), url=subtracted_Shiba Inu...
2025-12-21 19:52:03 - image_processor - DEBUG - [abstract_image.py:141] - Addition operation started
2025-12-21 19:52:03 - image_processor - DEBUG - [abstract_image.py:129] - Converting grayscale to RGB (3 channels)
2025-12-21 19:52:03 - image_processor - DEBUG - [abstract_image.py:166] - Addition operation completed. Result shape: (854, 1280, 3)
2025-12-21 19:52:03 - image_processor - DEBUG - [image_processing.py:24] - ImageProcessing instance created
2025-12-21 19:52:03 - image_processor - DEBUG - [abstract_image.py:35] - CatImage created: breed=Saluki+processed, shape=(854, 1280, 3), url=combined_Saluki...
2025-12-21 19:52:03 - image_processor - DEBUG - [abstract_image.py:173] - Subtraction operation started
2025-12-21 19:52:03 - image_processor - DEBUG - [abstract_image.py:129] - Converting grayscale to RGB (3 channels)
2025-12-21 19:52:03 - image_processor - DEBUG - [abstract_image.py:166] - Addition operation completed. Result shape: (853, 1280, 3)
2025-12-21 19:52:03 - image_processor - DEBUG - [image_processing.py:24] - ImageProcessing instance created
2025-12-21 19:52:03 - image_processor - DEBUG - [abstract_image.py:35] - CatImage created: breed=Saluki+processed, shape=(853, 1280, 3), url=combined_Saluki...
2025-12-21 19:52:03 - image_processor - DEBUG - [abstract_image.py:173] - Subtraction operation started
2025-12-21 19:52:03 - image_processor - DEBUG - [abstract_image.py:129] - Converting grayscale to RGB (3 channels)
2025-12-21 19:52:03 - image_processor - DEBUG - [abstract_image.py:198] - Subtraction operation completed. Result shape: (1308, 1080, 3)
2025-12-21 19:52:03 - image_processor - DEBUG - [image_processing.py:24] - ImageProcessing instance created
2025-12-21 19:52:03 - image_processor - DEBUG - [abstract_image.py:35] - CatImage created: breed=Tibetan Terrier-processed, shape=(1308, 1080, 3), url=subtracted_Tibetan Terrier...
2025-12-21 19:52:03 - image_processor - DEBUG - [abstract_image.py:141] - Addition operation started
2025-12-21 19:52:03 - image_processor - DEBUG - [abstract_image.py:129] - Converting grayscale to RGB (3 channels)
2025-12-21 19:52:03 - image_processor - DEBUG - [abstract_image.py:198] - Subtraction operation completed. Result shape: (853, 1280, 3)
2025-12-21 19:52:03 - image_processor - DEBUG - [image_processing.py:24] - ImageProcessing instance created
2025-12-21 19:52:03 - image_processor - DEBUG - [abstract_image.py:35] - CatImage created: breed=Saluki-processed, shape=(853, 1280, 3), url=subtracted_Saluki...
2025-12-21 19:52:03 - image_processor - DEBUG - [abstract_image.py:198] - Subtraction operation completed. Result shape: (854, 1280, 3)
2025-12-21 19:52:03 - image_processor - DEBUG - [image_processing.py:24] - ImageProcessing instance created
2025-12-21 19:52:03 - image_processor - DEBUG - [parallel_convolution.py:85] - Arithmetic operations worker finished for image 48 (PID 20888)
2025-12-21 19:52:03 - image_processor - DEBUG - [abstract_image.py:35] - CatImage created: breed=Saluki-processed, shape=(854, 1280, 3), url=subtracted_Saluki...
2025-12-21 19:52:03 - image_processor - DEBUG - [parallel_convolution.py:85] - Arithmetic operations worker finished for image 47 (PID 19172)
2025-12-21 19:52:03 - image_processor - DEBUG - [abstract_image.py:166] - Addition operation completed. Result shape: (1344, 1080, 3)
2025-12-21 19:52:03 - image_processor - DEBUG - [image_processing.py:24] - ImageProcessing instance created
2025-12-21 19:52:03 - image_processor - DEBUG - [abstract_image.py:35] - CatImage created: breed=Shiba Inu+processed, shape=(1344, 1080, 3), url=combined_Shiba Inu...
2025-12-21 19:52:03 - image_processor - DEBUG - [abstract_image.py:173] - Subtraction operation started
2025-12-21 19:52:03 - image_processor - DEBUG - [abstract_image.py:129] - Converting grayscale to RGB (3 channels)
2025-12-21 19:52:03 - image_processor - DEBUG - [abstract_image.py:166] - Addition operation completed. Result shape: (1308, 1080, 3)
2025-12-21 19:52:03 - image_processor - DEBUG - [image_processing.py:24] - ImageProcessing instance created
2025-12-21 19:52:03 - image_processor - DEBUG - [abstract_image.py:35] - CatImage created: breed=Tibetan Terrier+processed, shape=(1308, 1080, 3), url=combined_Tibetan Terrier...
2025-12-21 19:52:03 - image_processor - DEBUG - [abstract_image.py:173] - Subtraction operation started
2025-12-21 19:52:03 - image_processor - DEBUG - [abstract_image.py:129] - Converting grayscale to RGB (3 channels)
2025-12-21 19:52:03 - image_processor - DEBUG - [abstract_image.py:198] - Subtraction operation completed. Result shape: (1344, 1080, 3)
2025-12-21 19:52:03 - image_processor - DEBUG - [image_processing.py:24] - ImageProcessing instance created
2025-12-21 19:52:03 - image_processor - DEBUG - [abstract_image.py:35] - CatImage created: breed=Shiba Inu-processed, shape=(1344, 1080, 3), url=subtracted_Shiba Inu...
2025-12-21 19:52:03 - image_processor - DEBUG - [parallel_convolution.py:85] - Arithmetic operations worker finished for image 49 (PID 24684)
2025-12-21 19:52:03 - image_processor - DEBUG - [abstract_image.py:198] - Subtraction operation completed. Result shape: (1308, 1080, 3)
2025-12-21 19:52:03 - image_processor - DEBUG - [image_processing.py:24] - ImageProcessing instance created
2025-12-21 19:52:03 - image_processor - DEBUG - [abstract_image.py:35] - CatImage created: breed=Tibetan Terrier-processed, shape=(1308, 1080, 3), url=subtracted_Tibetan Terrier...
2025-12-21 19:52:03 - image_processor - DEBUG - [parallel_convolution.py:85] - Arithmetic operations worker finished for image 50 (PID 25280)
2025-12-21 19:52:03 - image_processor - INFO - [parallel_convolution.py:193] - Parallel arithmetic operations completed for 5 images
2025-12-21 19:52:03 - image_processor - DEBUG - [async_pipeline.py:124] - Arithmetic operations completed
2025-12-21 19:52:03 - image_processor - DEBUG - [async_pipeline.py:152] - Chunk processed: 5 images with all operations completed
2025-12-21 19:52:03 - image_processor - DEBUG - [async_pipeline.py:187] - Saving image 46 (Saluki)
2025-12-21 19:52:03 - image_processor - DEBUG - [async_pipeline.py:187] - Saving image 47 (Saluki)
2025-12-21 19:52:03 - image_processor - DEBUG - [async_pipeline.py:187] - Saving image 48 (Saluki)
2025-12-21 19:52:03 - image_processor - DEBUG - [async_pipeline.py:187] - Saving image 49 (Shiba Inu)
2025-12-21 19:52:03 - image_processor - DEBUG - [async_pipeline.py:187] - Saving image 50 (Tibetan Terrier)
2025-12-21 19:52:04 - image_processor - DEBUG - [async_pipeline.py:203] - Image 48 saved (3 files)
2025-12-21 19:52:04 - image_processor - DEBUG - [async_pipeline.py:203] - Image 47 saved (3 files)
2025-12-21 19:52:04 - image_processor - DEBUG - [async_pipeline.py:203] - Image 46 saved (3 files)
2025-12-21 19:52:04 - image_processor - DEBUG - [async_pipeline.py:203] - Image 49 saved (3 files)
2025-12-21 19:52:04 - image_processor - DEBUG - [async_pipeline.py:203] - Image 50 saved (3 files)
2025-12-21 19:52:04 - image_processor - INFO - [async_pipeline.py:79] - Stage 1 completed: All chunks downloaded
2025-12-21 19:52:04 - image_processor - INFO - [async_pipeline.py:155] - Stage 2 completed: All convolutions and operations done
2025-12-21 19:52:04 - image_processor - INFO - [async_pipeline.py:177] - Stage 3 completed: 50 images saved
2025-12-21 19:52:04 - image_processor - INFO - [async_pipeline.py:230] - Pipeline execution completed successfully. Results saved to: C:\Users\vracksup\Documents\LAB-PPT\LAB-1\image_processing_project\image_processor\out
2025-12-21 19:57:32 - image_processor - INFO - [main.py:260] - Application finished
2025-12-21 19:57:47 - image_processor - DEBUG - [async_image_processor.py:51] - AsyncImageProcessor initialized for cat API
2025-12-21 19:57:47 - image_processor - INFO - [parallel_convolution.py:119] - ParallelConvolutionProcessor initialized with 12 processes (all CPU cores)
2025-12-21 19:57:47 - image_processor - INFO - [async_pipeline.py:53] - AsyncImagePipeline initialized for cat API with chunk_size=4
2025-12-21 19:57:47 - image_processor - INFO - [async_pipeline.py:223] - Pipeline execution started. Total images: 10, Chunk size: 4
2025-12-21 19:57:47 - image_processor - INFO - [async_pipeline.py:164] - Stage 3 started: Saving results
2025-12-21 19:57:47 - image_processor - INFO - [async_pipeline.py:88] - Stage 2 started: Convolution & Arithmetic Operations
2025-12-21 19:57:47 - image_processor - INFO - [async_pipeline.py:59] - Stage 1 started: Downloading 10 images with chunk_size=4
2025-12-21 19:57:47 - image_processor - INFO - [async_image_processor.py:67] - Fetching 10 image URLs from cat API
2025-12-21 19:57:53 - image_processor - INFO - [async_image_processor.py:96] - Successfully fetched 10 image URLs
2025-12-21 19:57:53 - image_processor - INFO - [async_pipeline.py:64] - Total 10 images will be processed in 3 chunk(s)
2025-12-21 19:57:53 - image_processor - INFO - [async_pipeline.py:70] - Processing chunk 1/3: images 1 to 4
2025-12-21 19:57:53 - image_processor - INFO - [async_image_processor.py:144] - Starting parallel download of 4 images
2025-12-21 19:57:53 - image_processor - DEBUG - [async_image_processor.py:113] - Downloading image 1 (breed: British Longhair)
2025-12-21 19:57:53 - image_processor - DEBUG - [async_image_processor.py:113] - Downloading image 2 (breed: Egyptian Mau)
2025-12-21 19:57:53 - image_processor - DEBUG - [async_image_processor.py:113] - Downloading image 3 (breed: Exotic Shorthair)
2025-12-21 19:57:53 - image_processor - DEBUG - [async_image_processor.py:113] - Downloading image 4 (breed: Norwegian Forest Cat)
2025-12-21 19:57:54 - image_processor - DEBUG - [async_image_processor.py:131] - Image 1 downloaded successfully (shape: (720, 1280, 3))
2025-12-21 19:57:54 - image_processor - DEBUG - [async_image_processor.py:131] - Image 2 downloaded successfully (shape: (720, 1280, 3))
2025-12-21 19:57:54 - image_processor - DEBUG - [async_image_processor.py:131] - Image 3 downloaded successfully (shape: (1000, 1500, 3))
2025-12-21 19:57:54 - image_processor - DEBUG - [async_image_processor.py:131] - Image 4 downloaded successfully (shape: (739, 1100, 4))
2025-12-21 19:57:54 - image_processor - INFO - [async_image_processor.py:155] - Parallel download completed: 4/4 successful
2025-12-21 19:57:54 - image_processor - DEBUG - [async_image_processor.py:163] - Creating image objects from 4 metadata entries
2025-12-21 19:57:54 - image_processor - DEBUG - [image_processing.py:24] - ImageProcessing instance created
2025-12-21 19:57:54 - image_processor - DEBUG - [abstract_image.py:35] - CatImage created: breed=British Longhair, shape=(720, 1280, 3), url=https://cdn2.thecatapi.com/images/i-j1kCi3b.jpg...
2025-12-21 19:57:54 - image_processor - DEBUG - [async_image_processor.py:184] - Image object created for index 1 (breed: British Longhair)
2025-12-21 19:57:54 - image_processor - DEBUG - [image_processing.py:24] - ImageProcessing instance created
2025-12-21 19:57:54 - image_processor - DEBUG - [abstract_image.py:35] - CatImage created: breed=Egyptian Mau, shape=(720, 1280, 3), url=https://cdn2.thecatapi.com/images/4iJauwTck.jpg...
2025-12-21 19:57:54 - image_processor - DEBUG - [async_image_processor.py:184] - Image object created for index 2 (breed: Egyptian Mau)
2025-12-21 19:57:54 - image_processor - DEBUG - [image_processing.py:24] - ImageProcessing instance created
2025-12-21 19:57:54 - image_processor - DEBUG - [abstract_image.py:35] - CatImage created: breed=Exotic Shorthair, shape=(1000, 1500, 3), url=https://cdn2.thecatapi.com/images/cw18Op1Ok.jpg...
2025-12-21 19:57:54 - image_processor - DEBUG - [async_image_processor.py:184] - Image object created for index 3 (breed: Exotic Shorthair)
2025-12-21 19:57:54 - image_processor - DEBUG - [image_processing.py:24] - ImageProcessing instance created
2025-12-21 19:57:54 - image_processor - DEBUG - [abstract_image.py:35] - CatImage created: breed=Norwegian Forest Cat, shape=(739, 1100, 4), url=https://cdn2.thecatapi.com/images/4mksJzUgG.png...
2025-12-21 19:57:54 - image_processor - DEBUG - [async_image_processor.py:184] - Image object created for index 4 (breed: Norwegian Forest Cat)
2025-12-21 19:57:54 - image_processor - INFO - [async_image_processor.py:186] - Created 4 image objects
2025-12-21 19:57:54 - image_processor - DEBUG - [async_pipeline.py:76] - Chunk 1: 4 images ready for processing
2025-12-21 19:57:54 - image_processor - DEBUG - [async_pipeline.py:95] - Processing chunk of 4 images
2025-12-21 19:57:54 - image_processor - INFO - [parallel_convolution.py:127] - Starting parallel custom edge detection for 4 images
2025-12-21 19:57:54 - image_processor - INFO - [parallel_convolution.py:144] - Starting parallel library edge detection for 4 images
2025-12-21 19:57:55 - image_processor - DEBUG - [parallel_convolution.py:28] - Convolution worker started for image 1 (PID 6624, breed: British Longhair)
2025-12-21 19:57:55 - image_processor - DEBUG - [image_processing.py:24] - ImageProcessing instance created
2025-12-21 19:57:55 - image_processor - DEBUG - [image_processing.py:120] - Edge detection (Canny) started
2025-12-21 19:57:55 - image_processor - DEBUG - [image_processing.py:46] - RGB to grayscale conversion started. Image shape: (720, 1280, 3)
2025-12-21 19:57:55 - image_processor - DEBUG - [parallel_convolution.py:48] - Library edge detection worker started for image 1 (PID 25408, breed: British Longhair)
2025-12-21 19:57:55 - image_processor - DEBUG - [image_processing.py:24] - ImageProcessing instance created
2025-12-21 19:57:55 - image_processor - DEBUG - [image_processing.py:120] - Edge detection (Canny) started
2025-12-21 19:57:55 - image_processor - DEBUG - [image_processing.py:46] - RGB to grayscale conversion started. Image shape: (720, 1280, 3)
2025-12-21 19:57:55 - image_processor - DEBUG - [parallel_convolution.py:28] - Convolution worker started for image 4 (PID 21600, breed: Norwegian Forest Cat)
2025-12-21 19:57:55 - image_processor - DEBUG - [image_processing.py:24] - ImageProcessing instance created
2025-12-21 19:57:55 - image_processor - DEBUG - [image_processing.py:120] - Edge detection (Canny) started
2025-12-21 19:57:55 - image_processor - DEBUG - [image_processing.py:46] - RGB to grayscale conversion started. Image shape: (739, 1100, 4)
2025-12-21 19:57:55 - image_processor - ERROR - [image_processing.py:56] - RGB to grayscale conversion failed: Image must be RGB
2025-12-21 19:57:55 - image_processor - ERROR - [image_processing.py:142] - Edge detection failed: Image must be RGB
2025-12-21 19:57:55 - image_processor - ERROR - [parallel_convolution.py:36] - Convolution worker failed for image 4 (PID 21600): Image must be RGB
2025-12-21 19:57:55 - image_processor - DEBUG - [parallel_convolution.py:28] - Convolution worker started for image 2 (PID 13204, breed: Egyptian Mau)
2025-12-21 19:57:55 - image_processor - DEBUG - [image_processing.py:24] - ImageProcessing instance created
2025-12-21 19:57:55 - image_processor - DEBUG - [image_processing.py:120] - Edge detection (Canny) started
2025-12-21 19:57:55 - image_processor - DEBUG - [image_processing.py:46] - RGB to grayscale conversion started. Image shape: (720, 1280, 3)
2025-12-21 19:57:55 - image_processor - DEBUG - [image_processing.py:53] - RGB to grayscale conversion completed. Result shape: (720, 1280)
2025-12-21 19:57:55 - image_processor - DEBUG - [image_processing.py:30] - Convolution started. Image shape: (720, 1280), kernel shape: (3, 3)
2025-12-21 19:57:55 - image_processor - DEBUG - [parallel_convolution.py:28] - Convolution worker started for image 3 (PID 26564, breed: Exotic Shorthair)
2025-12-21 19:57:55 - image_processor - DEBUG - [image_processing.py:24] - ImageProcessing instance created
2025-12-21 19:57:55 - image_processor - DEBUG - [image_processing.py:120] - Edge detection (Canny) started
2025-12-21 19:57:55 - image_processor - DEBUG - [image_processing.py:46] - RGB to grayscale conversion started. Image shape: (1000, 1500, 3)
2025-12-21 19:57:55 - image_processor - DEBUG - [parallel_convolution.py:48] - Library edge detection worker started for image 2 (PID 26556, breed: Egyptian Mau)
2025-12-21 19:57:55 - image_processor - DEBUG - [image_processing.py:24] - ImageProcessing instance created
2025-12-21 19:57:55 - image_processor - DEBUG - [image_processing.py:120] - Edge detection (Canny) started
2025-12-21 19:57:55 - image_processor - DEBUG - [image_processing.py:46] - RGB to grayscale conversion started. Image shape: (720, 1280, 3)
2025-12-21 19:57:55 - image_processor - DEBUG - [parallel_convolution.py:48] - Library edge detection worker started for image 3 (PID 18188, breed: Exotic Shorthair)
2025-12-21 19:57:55 - image_processor - DEBUG - [image_processing.py:24] - ImageProcessing instance created
2025-12-21 19:57:55 - image_processor - DEBUG - [image_processing.py:36] - Convolution completed in 0.0095 seconds
2025-12-21 19:57:55 - image_processor - DEBUG - [image_processing.py:120] - Edge detection (Canny) started
2025-12-21 19:57:55 - image_processor - DEBUG - [image_processing.py:46] - RGB to grayscale conversion started. Image shape: (1000, 1500, 3)
2025-12-21 19:57:55 - image_processor - DEBUG - [parallel_convolution.py:48] - Library edge detection worker started for image 4 (PID 25220, breed: Norwegian Forest Cat)
2025-12-21 19:57:55 - image_processor - DEBUG - [image_processing.py:24] - ImageProcessing instance created
2025-12-21 19:57:55 - image_processor - DEBUG - [image_processing.py:120] - Edge detection (Canny) started
2025-12-21 19:57:55 - image_processor - DEBUG - [image_processing.py:46] - RGB to grayscale conversion started. Image shape: (739, 1100, 4)
2025-12-21 19:57:55 - image_processor - ERROR - [image_processing.py:56] - RGB to grayscale conversion failed: Image must be RGB
2025-12-21 19:57:55 - image_processor - ERROR - [image_processing.py:142] - Edge detection failed: Image must be RGB
2025-12-21 19:57:55 - image_processor - ERROR - [parallel_convolution.py:56] - Library edge detection worker failed for image 4 (PID 25220): Image must be RGB
2025-12-21 19:57:55 - image_processor - DEBUG - [image_processing.py:30] - Convolution started. Image shape: (720, 1280), kernel shape: (3, 3)
2025-12-21 19:57:55 - image_processor - DEBUG - [image_processing.py:53] - RGB to grayscale conversion completed. Result shape: (720, 1280)
2025-12-21 19:57:55 - image_processor - DEBUG - [image_processing.py:30] - Convolution started. Image shape: (720, 1280), kernel shape: (3, 3)
2025-12-21 19:57:55 - image_processor - DEBUG - [image_processing.py:36] - Convolution completed in 0.0079 seconds
2025-12-21 19:57:55 - image_processor - DEBUG - [image_processing.py:53] - RGB to grayscale conversion completed. Result shape: (720, 1280)
2025-12-21 19:57:55 - image_processor - DEBUG - [image_processing.py:30] - Convolution started. Image shape: (720, 1280), kernel shape: (3, 3)
2025-12-21 19:57:55 - image_processor - DEBUG - [image_processing.py:36] - Convolution completed in 0.0132 seconds
2025-12-21 19:57:55 - image_processor - DEBUG - [image_processing.py:30] - Convolution started. Image shape: (720, 1280), kernel shape: (3, 3)
2025-12-21 19:57:55 - image_processor - DEBUG - [image_processing.py:53] - RGB to grayscale conversion completed. Result shape: (720, 1280)
2025-12-21 19:57:55 - image_processor - DEBUG - [image_processing.py:36] - Convolution completed in 0.0122 seconds
2025-12-21 19:57:55 - image_processor - DEBUG - [image_processing.py:30] - Convolution started. Image shape: (720, 1280), kernel shape: (3, 3)
2025-12-21 19:57:55 - image_processor - DEBUG - [image_processing.py:30] - Convolution started. Image shape: (720, 1280), kernel shape: (3, 3)
2025-12-21 19:57:55 - image_processor - DEBUG - [image_processing.py:91] - Non-maximum suppression started
2025-12-21 19:57:55 - image_processor - DEBUG - [image_processing.py:53] - RGB to grayscale conversion completed. Result shape: (1000, 1500)
2025-12-21 19:57:55 - image_processor - DEBUG - [image_processing.py:30] - Convolution started. Image shape: (1000, 1500), kernel shape: (3, 3)
2025-12-21 19:57:55 - image_processor - DEBUG - [image_processing.py:36] - Convolution completed in 0.0122 seconds
2025-12-21 19:57:55 - image_processor - DEBUG - [image_processing.py:36] - Convolution completed in 0.0095 seconds
2025-12-21 19:57:55 - image_processor - DEBUG - [image_processing.py:30] - Convolution started. Image shape: (720, 1280), kernel shape: (3, 3)
2025-12-21 19:57:55 - image_processor - DEBUG - [image_processing.py:36] - Convolution completed in 0.0109 seconds
2025-12-21 19:57:55 - image_processor - DEBUG - [image_processing.py:53] - RGB to grayscale conversion completed. Result shape: (1000, 1500)
2025-12-21 19:57:55 - image_processor - DEBUG - [image_processing.py:30] - Convolution started. Image shape: (1000, 1500), kernel shape: (3, 3)
2025-12-21 19:57:55 - image_processor - DEBUG - [image_processing.py:36] - Convolution completed in 0.0102 seconds
2025-12-21 19:57:55 - image_processor - DEBUG - [image_processing.py:36] - Convolution completed in 0.0186 seconds
2025-12-21 19:57:55 - image_processor - DEBUG - [image_processing.py:30] - Convolution started. Image shape: (1000, 1500), kernel shape: (3, 3)
2025-12-21 19:57:55 - image_processor - DEBUG - [image_processing.py:91] - Non-maximum suppression started
2025-12-21 19:57:55 - image_processor - DEBUG - [image_processing.py:91] - Non-maximum suppression started
2025-12-21 19:57:55 - image_processor - DEBUG - [image_processing.py:36] - Convolution completed in 0.0115 seconds
2025-12-21 19:57:55 - image_processor - DEBUG - [image_processing.py:30] - Convolution started. Image shape: (1000, 1500), kernel shape: (3, 3)
2025-12-21 19:57:55 - image_processor - DEBUG - [image_processing.py:91] - Non-maximum suppression started
2025-12-21 19:57:55 - image_processor - DEBUG - [image_processing.py:36] - Convolution completed in 0.0137 seconds
2025-12-21 19:57:55 - image_processor - DEBUG - [image_processing.py:36] - Convolution completed in 0.0199 seconds
2025-12-21 19:57:55 - image_processor - DEBUG - [image_processing.py:91] - Non-maximum suppression started
2025-12-21 19:57:55 - image_processor - DEBUG - [image_processing.py:91] - Non-maximum suppression started
2025-12-21 19:57:56 - image_processor - DEBUG - [image_processing.py:113] - Non-maximum suppression completed
2025-12-21 19:57:56 - image_processor - DEBUG - [image_processing.py:139] - Edge detection completed in 0.9716 seconds
2025-12-21 19:57:56 - image_processor - DEBUG - [parallel_convolution.py:53] - Library edge detection worker finished for image 2 (PID 26556)
2025-12-21 19:57:56 - image_processor - DEBUG - [image_processing.py:113] - Non-maximum suppression completed
2025-12-21 19:57:56 - image_processor - DEBUG - [image_processing.py:139] - Edge detection completed in 1.0148 seconds
2025-12-21 19:57:56 - image_processor - DEBUG - [parallel_convolution.py:33] - Convolution worker finished for image 1 (PID 6624)
2025-12-21 19:57:56 - image_processor - DEBUG - [image_processing.py:113] - Non-maximum suppression completed
2025-12-21 19:57:56 - image_processor - DEBUG - [image_processing.py:139] - Edge detection completed in 1.0273 seconds
2025-12-21 19:57:56 - image_processor - DEBUG - [parallel_convolution.py:33] - Convolution worker finished for image 2 (PID 13204)
2025-12-21 19:57:56 - image_processor - DEBUG - [image_processing.py:113] - Non-maximum suppression completed
2025-12-21 19:57:56 - image_processor - DEBUG - [image_processing.py:139] - Edge detection completed in 1.0423 seconds
2025-12-21 19:57:56 - image_processor - DEBUG - [parallel_convolution.py:53] - Library edge detection worker finished for image 1 (PID 25408)
2025-12-21 19:57:57 - image_processor - DEBUG - [image_processing.py:113] - Non-maximum suppression completed
2025-12-21 19:57:57 - image_processor - DEBUG - [image_processing.py:139] - Edge detection completed in 1.6482 seconds
2025-12-21 19:57:57 - image_processor - DEBUG - [image_processing.py:113] - Non-maximum suppression completed
2025-12-21 19:57:57 - image_processor - DEBUG - [parallel_convolution.py:53] - Library edge detection worker finished for image 3 (PID 18188)
2025-12-21 19:57:57 - image_processor - DEBUG - [image_processing.py:139] - Edge detection completed in 1.6605 seconds
2025-12-21 19:57:57 - image_processor - DEBUG - [parallel_convolution.py:33] - Convolution worker finished for image 3 (PID 26564)
2025-12-21 19:57:57 - image_processor - INFO - [parallel_convolution.py:154] - Parallel library edge detection completed for 4 images
2025-12-21 19:57:57 - image_processor - INFO - [parallel_convolution.py:137] - Parallel custom edge detection completed for 4 images
2025-12-21 19:57:57 - image_processor - DEBUG - [async_pipeline.py:113] - Edge detection completed
2025-12-21 19:57:57 - image_processor - INFO - [parallel_convolution.py:166] - Starting parallel arithmetic operations for 4 images
2025-12-21 19:57:58 - image_processor - DEBUG - [parallel_convolution.py:70] - Arithmetic operations worker started for image 1 (PID 25572, breed: British Longhair)
2025-12-21 19:57:58 - image_processor - DEBUG - [abstract_image.py:141] - Addition operation started
2025-12-21 19:57:58 - image_processor - DEBUG - [abstract_image.py:129] - Converting grayscale to RGB (3 channels)
2025-12-21 19:57:58 - image_processor - DEBUG - [parallel_convolution.py:70] - Arithmetic operations worker started for image 3 (PID 13988, breed: Exotic Shorthair)
2025-12-21 19:57:58 - image_processor - DEBUG - [abstract_image.py:141] - Addition operation started
2025-12-21 19:57:58 - image_processor - DEBUG - [abstract_image.py:129] - Converting grayscale to RGB (3 channels)
2025-12-21 19:57:58 - image_processor - DEBUG - [parallel_convolution.py:70] - Arithmetic operations worker started for image 2 (PID 25888, breed: Egyptian Mau)
2025-12-21 19:57:58 - image_processor - DEBUG - [abstract_image.py:141] - Addition operation started
2025-12-21 19:57:58 - image_processor - DEBUG - [abstract_image.py:129] - Converting grayscale to RGB (3 channels)
2025-12-21 19:57:58 - image_processor - DEBUG - [parallel_convolution.py:70] - Arithmetic operations worker started for image 4 (PID 18412, breed: Norwegian Forest Cat)
2025-12-21 19:57:58 - image_processor - DEBUG - [abstract_image.py:141] - Addition operation started
2025-12-21 19:57:58 - image_processor - DEBUG - [abstract_image.py:166] - Addition operation completed. Result shape: (720, 1280, 3)
2025-12-21 19:57:58 - image_processor - DEBUG - [image_processing.py:24] - ImageProcessing instance created
2025-12-21 19:57:58 - image_processor - DEBUG - [abstract_image.py:35] - CatImage created: breed=British Longhair+processed, shape=(720, 1280, 3), url=combined_British Longhair...
2025-12-21 19:57:58 - image_processor - DEBUG - [abstract_image.py:166] - Addition operation completed. Result shape: (720, 1280, 3)
2025-12-21 19:57:58 - image_processor - DEBUG - [image_processing.py:24] - ImageProcessing instance created
2025-12-21 19:57:58 - image_processor - DEBUG - [abstract_image.py:35] - CatImage created: breed=Egyptian Mau+processed, shape=(720, 1280, 3), url=combined_Egyptian Mau...
2025-12-21 19:57:58 - image_processor - DEBUG - [abstract_image.py:173] - Subtraction operation started
2025-12-21 19:57:58 - image_processor - DEBUG - [abstract_image.py:129] - Converting grayscale to RGB (3 channels)
2025-12-21 19:57:58 - image_processor - DEBUG - [abstract_image.py:173] - Subtraction operation started
2025-12-21 19:57:58 - image_processor - DEBUG - [abstract_image.py:129] - Converting grayscale to RGB (3 channels)
2025-12-21 19:57:58 - image_processor - DEBUG - [abstract_image.py:166] - Addition operation completed. Result shape: (739, 1100, 4)
2025-12-21 19:57:58 - image_processor - DEBUG - [image_processing.py:24] - ImageProcessing instance created
2025-12-21 19:57:58 - image_processor - DEBUG - [abstract_image.py:35] - CatImage created: breed=Norwegian Forest Cat+processed, shape=(739, 1100, 4), url=combined_Norwegian Forest Cat...
2025-12-21 19:57:58 - image_processor - DEBUG - [abstract_image.py:173] - Subtraction operation started
2025-12-21 19:57:58 - image_processor - DEBUG - [abstract_image.py:166] - Addition operation completed. Result shape: (1000, 1500, 3)
2025-12-21 19:57:58 - image_processor - DEBUG - [image_processing.py:24] - ImageProcessing instance created
2025-12-21 19:57:58 - image_processor - DEBUG - [abstract_image.py:35] - CatImage created: breed=Exotic Shorthair+processed, shape=(1000, 1500, 3), url=combined_Exotic Shorthair...
2025-12-21 19:57:58 - image_processor - DEBUG - [abstract_image.py:173] - Subtraction operation started
2025-12-21 19:57:58 - image_processor - DEBUG - [abstract_image.py:129] - Converting grayscale to RGB (3 channels)
2025-12-21 19:57:58 - image_processor - DEBUG - [abstract_image.py:198] - Subtraction operation completed. Result shape: (720, 1280, 3)
2025-12-21 19:57:58 - image_processor - DEBUG - [image_processing.py:24] - ImageProcessing instance created
2025-12-21 19:57:58 - image_processor - DEBUG - [abstract_image.py:35] - CatImage created: breed=British Longhair-processed, shape=(720, 1280, 3), url=subtracted_British Longhair...
2025-12-21 19:57:58 - image_processor - DEBUG - [abstract_image.py:198] - Subtraction operation completed. Result shape: (720, 1280, 3)
2025-12-21 19:57:58 - image_processor - DEBUG - [image_processing.py:24] - ImageProcessing instance created
2025-12-21 19:57:58 - image_processor - DEBUG - [abstract_image.py:35] - CatImage created: breed=Egyptian Mau-processed, shape=(720, 1280, 3), url=subtracted_Egyptian Mau...
2025-12-21 19:57:58 - image_processor - DEBUG - [abstract_image.py:141] - Addition operation started
2025-12-21 19:57:58 - image_processor - DEBUG - [abstract_image.py:129] - Converting grayscale to RGB (3 channels)
2025-12-21 19:57:58 - image_processor - DEBUG - [abstract_image.py:141] - Addition operation started
2025-12-21 19:57:58 - image_processor - DEBUG - [abstract_image.py:129] - Converting grayscale to RGB (3 channels)
2025-12-21 19:57:58 - image_processor - DEBUG - [abstract_image.py:198] - Subtraction operation completed. Result shape: (739, 1100, 4)
2025-12-21 19:57:58 - image_processor - DEBUG - [image_processing.py:24] - ImageProcessing instance created
2025-12-21 19:57:58 - image_processor - DEBUG - [abstract_image.py:35] - CatImage created: breed=Norwegian Forest Cat-processed, shape=(739, 1100, 4), url=subtracted_Norwegian Forest Cat...
2025-12-21 19:57:58 - image_processor - DEBUG - [abstract_image.py:141] - Addition operation started
2025-12-21 19:57:58 - image_processor - DEBUG - [abstract_image.py:166] - Addition operation completed. Result shape: (720, 1280, 3)
2025-12-21 19:57:58 - image_processor - DEBUG - [image_processing.py:24] - ImageProcessing instance created
2025-12-21 19:57:58 - image_processor - DEBUG - [abstract_image.py:35] - CatImage created: breed=British Longhair+processed, shape=(720, 1280, 3), url=combined_British Longhair...
2025-12-21 19:57:58 - image_processor - DEBUG - [abstract_image.py:173] - Subtraction operation started
2025-12-21 19:57:58 - image_processor - DEBUG - [abstract_image.py:129] - Converting grayscale to RGB (3 channels)
2025-12-21 19:57:58 - image_processor - DEBUG - [abstract_image.py:166] - Addition operation completed. Result shape: (720, 1280, 3)
2025-12-21 19:57:58 - image_processor - DEBUG - [image_processing.py:24] - ImageProcessing instance created
2025-12-21 19:57:58 - image_processor - DEBUG - [abstract_image.py:35] - CatImage created: breed=Egyptian Mau+processed, shape=(720, 1280, 3), url=combined_Egyptian Mau...
2025-12-21 19:57:58 - image_processor - DEBUG - [abstract_image.py:173] - Subtraction operation started
2025-12-21 19:57:58 - image_processor - DEBUG - [abstract_image.py:129] - Converting grayscale to RGB (3 channels)
2025-12-21 19:57:58 - image_processor - DEBUG - [abstract_image.py:198] - Subtraction operation completed. Result shape: (1000, 1500, 3)
2025-12-21 19:57:58 - image_processor - DEBUG - [image_processing.py:24] - ImageProcessing instance created
2025-12-21 19:57:58 - image_processor - DEBUG - [abstract_image.py:35] - CatImage created: breed=Exotic Shorthair-processed, shape=(1000, 1500, 3), url=subtracted_Exotic Shorthair...
2025-12-21 19:57:58 - image_processor - DEBUG - [abstract_image.py:141] - Addition operation started
2025-12-21 19:57:58 - image_processor - DEBUG - [abstract_image.py:129] - Converting grayscale to RGB (3 channels)
2025-12-21 19:57:58 - image_processor - DEBUG - [abstract_image.py:166] - Addition operation completed. Result shape: (739, 1100, 4)
2025-12-21 19:57:58 - image_processor - DEBUG - [image_processing.py:24] - ImageProcessing instance created
2025-12-21 19:57:58 - image_processor - DEBUG - [abstract_image.py:35] - CatImage created: breed=Norwegian Forest Cat+processed, shape=(739, 1100, 4), url=combined_Norwegian Forest Cat...
2025-12-21 19:57:58 - image_processor - DEBUG - [abstract_image.py:173] - Subtraction operation started
2025-12-21 19:57:58 - image_processor - DEBUG - [abstract_image.py:198] - Subtraction operation completed. Result shape: (720, 1280, 3)
2025-12-21 19:57:58 - image_processor - DEBUG - [image_processing.py:24] - ImageProcessing instance created
2025-12-21 19:57:58 - image_processor - DEBUG - [abstract_image.py:35] - CatImage created: breed=British Longhair-processed, shape=(720, 1280, 3), url=subtracted_British Longhair...
2025-12-21 19:57:58 - image_processor - DEBUG - [parallel_convolution.py:85] - Arithmetic operations worker finished for image 1 (PID 25572)
2025-12-21 19:57:58 - image_processor - DEBUG - [abstract_image.py:198] - Subtraction operation completed. Result shape: (720, 1280, 3)
2025-12-21 19:57:58 - image_processor - DEBUG - [image_processing.py:24] - ImageProcessing instance created
2025-12-21 19:57:58 - image_processor - DEBUG - [abstract_image.py:35] - CatImage created: breed=Egyptian Mau-processed, shape=(720, 1280, 3), url=subtracted_Egyptian Mau...
2025-12-21 19:57:58 - image_processor - DEBUG - [parallel_convolution.py:85] - Arithmetic operations worker finished for image 2 (PID 25888)
2025-12-21 19:57:58 - image_processor - DEBUG - [abstract_image.py:198] - Subtraction operation completed. Result shape: (739, 1100, 4)
2025-12-21 19:57:58 - image_processor - DEBUG - [image_processing.py:24] - ImageProcessing instance created
2025-12-21 19:57:58 - image_processor - DEBUG - [abstract_image.py:35] - CatImage created: breed=Norwegian Forest Cat-processed, shape=(739, 1100, 4), url=subtracted_Norwegian Forest Cat...
2025-12-21 19:57:58 - image_processor - DEBUG - [parallel_convolution.py:85] - Arithmetic operations worker finished for image 4 (PID 18412)
2025-12-21 19:57:58 - image_processor - DEBUG - [abstract_image.py:166] - Addition operation completed. Result shape: (1000, 1500, 3)
2025-12-21 19:57:58 - image_processor - DEBUG - [image_processing.py:24] - ImageProcessing instance created
2025-12-21 19:57:58 - image_processor - DEBUG - [abstract_image.py:35] - CatImage created: breed=Exotic Shorthair+processed, shape=(1000, 1500, 3), url=combined_Exotic Shorthair...
2025-12-21 19:57:58 - image_processor - DEBUG - [abstract_image.py:173] - Subtraction operation started
2025-12-21 19:57:58 - image_processor - DEBUG - [abstract_image.py:129] - Converting grayscale to RGB (3 channels)
2025-12-21 19:57:58 - image_processor - DEBUG - [abstract_image.py:198] - Subtraction operation completed. Result shape: (1000, 1500, 3)
2025-12-21 19:57:58 - image_processor - DEBUG - [image_processing.py:24] - ImageProcessing instance created
2025-12-21 19:57:58 - image_processor - DEBUG - [abstract_image.py:35] - CatImage created: breed=Exotic Shorthair-processed, shape=(1000, 1500, 3), url=subtracted_Exotic Shorthair...
2025-12-21 19:57:58 - image_processor - DEBUG - [parallel_convolution.py:85] - Arithmetic operations worker finished for image 3 (PID 13988)
2025-12-21 19:57:58 - image_processor - INFO - [parallel_convolution.py:193] - Parallel arithmetic operations completed for 4 images
2025-12-21 19:57:58 - image_processor - DEBUG - [async_pipeline.py:124] - Arithmetic operations completed
2025-12-21 19:57:58 - image_processor - DEBUG - [async_pipeline.py:152] - Chunk processed: 4 images with all operations completed
2025-12-21 19:57:58 - image_processor - DEBUG - [async_pipeline.py:187] - Saving image 1 (British Longhair)
2025-12-21 19:57:58 - image_processor - DEBUG - [async_pipeline.py:187] - Saving image 2 (Egyptian Mau)
2025-12-21 19:57:58 - image_processor - DEBUG - [async_pipeline.py:187] - Saving image 3 (Exotic Shorthair)
2025-12-21 19:57:58 - image_processor - DEBUG - [async_pipeline.py:187] - Saving image 4 (Norwegian Forest Cat)
2025-12-21 19:57:58 - image_processor - DEBUG - [async_pipeline.py:203] - Image 1 saved (3 files)
2025-12-21 19:57:58 - image_processor - DEBUG - [async_pipeline.py:203] - Image 2 saved (3 files)
2025-12-21 19:57:58 - image_processor - DEBUG - [async_pipeline.py:203] - Image 3 saved (3 files)
2025-12-21 19:57:58 - image_processor - DEBUG - [async_pipeline.py:203] - Image 4 saved (3 files)
2025-12-21 19:57:58 - image_processor - INFO - [async_pipeline.py:70] - Processing chunk 2/3: images 5 to 8
2025-12-21 19:57:58 - image_processor - INFO - [async_image_processor.py:144] - Starting parallel download of 4 images
2025-12-21 19:57:58 - image_processor - DEBUG - [async_image_processor.py:113] - Downloading image 5 (breed: Ocicat)
2025-12-21 19:57:58 - image_processor - DEBUG - [async_image_processor.py:113] - Downloading image 6 (breed: Ragdoll)
2025-12-21 19:57:58 - image_processor - DEBUG - [async_image_processor.py:113] - Downloading image 7 (breed: Siamese)
2025-12-21 19:57:58 - image_processor - DEBUG - [async_image_processor.py:113] - Downloading image 8 (breed: Turkish Van)
2025-12-21 19:57:59 - image_processor - DEBUG - [async_image_processor.py:131] - Image 6 downloaded successfully (shape: (800, 1000, 3))
2025-12-21 19:58:00 - image_processor - DEBUG - [async_image_processor.py:131] - Image 5 downloaded successfully (shape: (947, 1800, 3))
2025-12-21 19:58:00 - image_processor - DEBUG - [async_image_processor.py:131] - Image 8 downloaded successfully (shape: (768, 1024, 3))
2025-12-21 19:58:00 - image_processor - DEBUG - [async_image_processor.py:131] - Image 7 downloaded successfully (shape: (2216, 2501, 3))
2025-12-21 19:58:00 - image_processor - INFO - [async_image_processor.py:155] - Parallel download completed: 4/4 successful
2025-12-21 19:58:00 - image_processor - DEBUG - [async_image_processor.py:163] - Creating image objects from 4 metadata entries
2025-12-21 19:58:00 - image_processor - DEBUG - [image_processing.py:24] - ImageProcessing instance created
2025-12-21 19:58:00 - image_processor - DEBUG - [abstract_image.py:35] - CatImage created: breed=Ocicat, shape=(947, 1800, 3), url=https://cdn2.thecatapi.com/images/qzmA6FAUs.jpg...
2025-12-21 19:58:00 - image_processor - DEBUG - [async_image_processor.py:184] - Image object created for index 5 (breed: Ocicat)
2025-12-21 19:58:00 - image_processor - DEBUG - [image_processing.py:24] - ImageProcessing instance created
2025-12-21 19:58:00 - image_processor - DEBUG - [abstract_image.py:35] - CatImage created: breed=Ragdoll, shape=(800, 1000, 3), url=https://cdn2.thecatapi.com/images/HJ_7CZ6rA.jpg...
2025-12-21 19:58:00 - image_processor - DEBUG - [async_image_processor.py:184] - Image object created for index 6 (breed: Ragdoll)
2025-12-21 19:58:00 - image_processor - DEBUG - [image_processing.py:24] - ImageProcessing instance created
2025-12-21 19:58:00 - image_processor - DEBUG - [abstract_image.py:35] - CatImage created: breed=Siamese, shape=(2216, 2501, 3), url=https://cdn2.thecatapi.com/images/nwrkX6GhX.jpg...
2025-12-21 19:58:00 - image_processor - DEBUG - [async_image_processor.py:184] - Image object created for index 7 (breed: Siamese)
2025-12-21 19:58:00 - image_processor - DEBUG - [image_processing.py:24] - ImageProcessing instance created
2025-12-21 19:58:00 - image_processor - DEBUG - [abstract_image.py:35] - CatImage created: breed=Turkish Van, shape=(768, 1024, 3), url=https://cdn2.thecatapi.com/images/Co5BH7YZT.jpg...
2025-12-21 19:58:00 - image_processor - DEBUG - [async_image_processor.py:184] - Image object created for index 8 (breed: Turkish Van)
2025-12-21 19:58:00 - image_processor - INFO - [async_image_processor.py:186] - Created 4 image objects
2025-12-21 19:58:00 - image_processor - DEBUG - [async_pipeline.py:76] - Chunk 2: 4 images ready for processing
2025-12-21 19:58:00 - image_processor - DEBUG - [async_pipeline.py:95] - Processing chunk of 4 images
2025-12-21 19:58:00 - image_processor - INFO - [parallel_convolution.py:127] - Starting parallel custom edge detection for 4 images
2025-12-21 19:58:00 - image_processor - INFO - [parallel_convolution.py:144] - Starting parallel library edge detection for 4 images
2025-12-21 19:58:01 - image_processor - DEBUG - [parallel_convolution.py:28] - Convolution worker started for image 5 (PID 22424, breed: Ocicat)
2025-12-21 19:58:01 - image_processor - DEBUG - [image_processing.py:24] - ImageProcessing instance created
2025-12-21 19:58:01 - image_processor - DEBUG - [image_processing.py:120] - Edge detection (Canny) started
2025-12-21 19:58:01 - image_processor - DEBUG - [image_processing.py:46] - RGB to grayscale conversion started. Image shape: (947, 1800, 3)
2025-12-21 19:58:01 - image_processor - DEBUG - [parallel_convolution.py:48] - Library edge detection worker started for image 5 (PID 3308, breed: Ocicat)
2025-12-21 19:58:01 - image_processor - DEBUG - [image_processing.py:24] - ImageProcessing instance created
2025-12-21 19:58:01 - image_processor - DEBUG - [image_processing.py:120] - Edge detection (Canny) started
2025-12-21 19:58:01 - image_processor - DEBUG - [image_processing.py:46] - RGB to grayscale conversion started. Image shape: (947, 1800, 3)
2025-12-21 19:58:01 - image_processor - DEBUG - [parallel_convolution.py:28] - Convolution worker started for image 6 (PID 12200, breed: Ragdoll)
2025-12-21 19:58:01 - image_processor - DEBUG - [image_processing.py:24] - ImageProcessing instance created
2025-12-21 19:58:01 - image_processor - DEBUG - [image_processing.py:120] - Edge detection (Canny) started
2025-12-21 19:58:01 - image_processor - DEBUG - [image_processing.py:46] - RGB to grayscale conversion started. Image shape: (800, 1000, 3)
2025-12-21 19:58:01 - image_processor - DEBUG - [parallel_convolution.py:28] - Convolution worker started for image 7 (PID 2520, breed: Siamese)
2025-12-21 19:58:01 - image_processor - DEBUG - [image_processing.py:24] - ImageProcessing instance created
2025-12-21 19:58:01 - image_processor - DEBUG - [image_processing.py:120] - Edge detection (Canny) started
2025-12-21 19:58:01 - image_processor - DEBUG - [image_processing.py:46] - RGB to grayscale conversion started. Image shape: (2216, 2501, 3)
2025-12-21 19:58:01 - image_processor - DEBUG - [parallel_convolution.py:28] - Convolution worker started for image 8 (PID 9380, breed: Turkish Van)
2025-12-21 19:58:01 - image_processor - DEBUG - [image_processing.py:24] - ImageProcessing instance created
2025-12-21 19:58:01 - image_processor - DEBUG - [image_processing.py:120] - Edge detection (Canny) started
2025-12-21 19:58:01 - image_processor - DEBUG - [image_processing.py:46] - RGB to grayscale conversion started. Image shape: (768, 1024, 3)
2025-12-21 19:58:01 - image_processor - DEBUG - [parallel_convolution.py:48] - Library edge detection worker started for image 6 (PID 12132, breed: Ragdoll)
2025-12-21 19:58:01 - image_processor - DEBUG - [image_processing.py:24] - ImageProcessing instance created
2025-12-21 19:58:01 - image_processor - DEBUG - [image_processing.py:120] - Edge detection (Canny) started
2025-12-21 19:58:01 - image_processor - DEBUG - [image_processing.py:46] - RGB to grayscale conversion started. Image shape: (800, 1000, 3)
2025-12-21 19:58:01 - image_processor - DEBUG - [image_processing.py:53] - RGB to grayscale conversion completed. Result shape: (947, 1800)
2025-12-21 19:58:01 - image_processor - DEBUG - [parallel_convolution.py:48] - Library edge detection worker started for image 8 (PID 14444, breed: Turkish Van)
2025-12-21 19:58:01 - image_processor - DEBUG - [image_processing.py:24] - ImageProcessing instance created
2025-12-21 19:58:01 - image_processor - DEBUG - [image_processing.py:120] - Edge detection (Canny) started
2025-12-21 19:58:01 - image_processor - DEBUG - [image_processing.py:46] - RGB to grayscale conversion started. Image shape: (768, 1024, 3)
2025-12-21 19:58:01 - image_processor - DEBUG - [image_processing.py:30] - Convolution started. Image shape: (947, 1800), kernel shape: (3, 3)
ed: Siamese)
2025-12-21 19:58:01 - image_processor - DEBUG - [image_processing.py:24] - ImageProcessing instance created
2025-12-21 19:58:01 - image_processor - DEBUG - [image_processing.py:120] - Edge detection (Canny) started
2025-12-21 19:58:01 - image_processor - DEBUG - [image_processing.py:46] - RGB to grayscale conversion started. Image shape: (2216, 2501, 3)
2025-12-21 19:58:01 - image_processor - DEBUG - [image_processing.py:53] - RGB to grayscale conversion completed. Result shape: (800, 1000)
2025-12-21 19:58:01 - image_processor - DEBUG - [image_processing.py:30] - Convolution started. Image shape: (800, 1000), kernel shape: (3, 3)
2025-12-21 19:58:01 - image_processor - DEBUG - [image_processing.py:53] - RGB to grayscale conversion completed. Result shape: (768, 1024)
2025-12-21 19:58:01 - image_processor - DEBUG - [image_processing.py:30] - Convolution started. Image shape: (768, 1024), kernel shape: (3, 3)
2025-12-21 19:58:01 - image_processor - DEBUG - [image_processing.py:36] - Convolution completed in 0.0144 seconds
2025-12-21 19:58:01 - image_processor - DEBUG - [image_processing.py:30] - Convolution started. Image shape: (800, 1000), kernel shape: (3, 3)
2025-12-21 19:58:01 - image_processor - DEBUG - [image_processing.py:36] - Convolution completed in 0.0258 seconds
2025-12-21 19:58:01 - image_processor - DEBUG - [image_processing.py:53] - RGB to grayscale conversion completed. Result shape: (800, 1000)
2025-12-21 19:58:01 - image_processor - DEBUG - [image_processing.py:36] - Convolution completed in 0.0133 seconds
2025-12-21 19:58:01 - image_processor - DEBUG - [image_processing.py:30] - Convolution started. Image shape: (947, 1800), kernel shape: (3, 3)
2025-12-21 19:58:01 - image_processor - DEBUG - [image_processing.py:30] - Convolution started. Image shape: (800, 1000), kernel shape: (3, 3)
2025-12-21 19:58:01 - image_processor - DEBUG - [image_processing.py:30] - Convolution started. Image shape: (768, 1024), kernel shape: (3, 3)
2025-12-21 19:58:01 - image_processor - DEBUG - [image_processing.py:53] - RGB to grayscale conversion completed. Result shape: (768, 1024)
2025-12-21 19:58:01 - image_processor - DEBUG - [image_processing.py:30] - Convolution started. Image shape: (768, 1024), kernel shape: (3, 3)
2025-12-21 19:58:01 - image_processor - DEBUG - [image_processing.py:53] - RGB to grayscale conversion completed. Result shape: (947, 1800)
2025-12-21 19:58:01 - image_processor - DEBUG - [image_processing.py:30] - Convolution started. Image shape: (947, 1800), kernel shape: (3, 3)
2025-12-21 19:58:01 - image_processor - DEBUG - [image_processing.py:36] - Convolution completed in 0.0152 seconds
2025-12-21 19:58:01 - image_processor - DEBUG - [image_processing.py:36] - Convolution completed in 0.0142 seconds
2025-12-21 19:58:01 - image_processor - DEBUG - [image_processing.py:30] - Convolution started. Image shape: (800, 1000), kernel shape: (3, 3)
2025-12-21 19:58:01 - image_processor - DEBUG - [image_processing.py:36] - Convolution completed in 0.0164 seconds
2025-12-21 19:58:01 - image_processor - DEBUG - [image_processing.py:36] - Convolution completed in 0.0148 seconds
2025-12-21 19:58:01 - image_processor - DEBUG - [image_processing.py:30] - Convolution started. Image shape: (768, 1024), kernel shape: (3, 3)
2025-12-21 19:58:01 - image_processor - DEBUG - [image_processing.py:36] - Convolution completed in 0.0296 seconds
2025-12-21 19:58:01 - image_processor - DEBUG - [image_processing.py:36] - Convolution completed in 0.0131 seconds
2025-12-21 19:58:01 - image_processor - DEBUG - [image_processing.py:91] - Non-maximum suppression started
2025-12-21 19:58:01 - image_processor - DEBUG - [image_processing.py:36] - Convolution completed in 0.0130 seconds
2025-12-21 19:58:01 - image_processor - DEBUG - [image_processing.py:36] - Convolution completed in 0.0298 seconds
2025-12-21 19:58:01 - image_processor - DEBUG - [image_processing.py:91] - Non-maximum suppression started
2025-12-21 19:58:01 - image_processor - DEBUG - [image_processing.py:30] - Convolution started. Image shape: (947, 1800), kernel shape: (3, 3)
2025-12-21 19:58:01 - image_processor - DEBUG - [image_processing.py:91] - Non-maximum suppression started
2025-12-21 19:58:01 - image_processor - DEBUG - [image_processing.py:91] - Non-maximum suppression started
2025-12-21 19:58:01 - image_processor - DEBUG - [image_processing.py:36] - Convolution completed in 0.0272 seconds
2025-12-21 19:58:01 - image_processor - DEBUG - [image_processing.py:91] - Non-maximum suppression started
2025-12-21 19:58:01 - image_processor - DEBUG - [image_processing.py:91] - Non-maximum suppression started
2025-12-21 19:58:01 - image_processor - DEBUG - [image_processing.py:53] - RGB to grayscale conversion completed. Result shape: (2216, 2501)
2025-12-21 19:58:01 - image_processor - DEBUG - [image_processing.py:30] - Convolution started. Image shape: (2216, 2501), kernel shape: (3, 3)
2025-12-21 19:58:02 - image_processor - DEBUG - [image_processing.py:53] - RGB to grayscale conversion completed. Result shape: (2216, 2501)
2025-12-21 19:58:02 - image_processor - DEBUG - [image_processing.py:30] - Convolution started. Image shape: (2216, 2501), kernel shape: (3, 3)
2025-12-21 19:58:02 - image_processor - DEBUG - [image_processing.py:36] - Convolution completed in 0.0713 seconds
2025-12-21 19:58:02 - image_processor - DEBUG - [image_processing.py:30] - Convolution started. Image shape: (2216, 2501), kernel shape: (3, 3)
2025-12-21 19:58:02 - image_processor - DEBUG - [image_processing.py:36] - Convolution completed in 0.0724 seconds
2025-12-21 19:58:02 - image_processor - DEBUG - [image_processing.py:30] - Convolution started. Image shape: (2216, 2501), kernel shape: (3, 3)
2025-12-21 19:58:02 - image_processor - DEBUG - [image_processing.py:36] - Convolution completed in 0.0849 seconds
2025-12-21 19:58:02 - image_processor - DEBUG - [image_processing.py:36] - Convolution completed in 0.0825 seconds
2025-12-21 19:58:02 - image_processor - DEBUG - [image_processing.py:91] - Non-maximum suppression started
2025-12-21 19:58:02 - image_processor - DEBUG - [image_processing.py:91] - Non-maximum suppression started
2025-12-21 19:58:02 - image_processor - DEBUG - [image_processing.py:113] - Non-maximum suppression completed
2025-12-21 19:58:02 - image_processor - DEBUG - [image_processing.py:139] - Edge detection completed in 1.0813 seconds
2025-12-21 19:58:02 - image_processor - DEBUG - [parallel_convolution.py:53] - Library edge detection worker finished for image 6 (PID 12132)
2025-12-21 19:58:02 - image_processor - DEBUG - [image_processing.py:113] - Non-maximum suppression completed
2025-12-21 19:58:02 - image_processor - DEBUG - [image_processing.py:139] - Edge detection completed in 1.1114 seconds
2025-12-21 19:58:02 - image_processor - DEBUG - [parallel_convolution.py:33] - Convolution worker finished for image 6 (PID 12200)
2025-12-21 19:58:02 - image_processor - DEBUG - [image_processing.py:113] - Non-maximum suppression completed
2025-12-21 19:58:02 - image_processor - DEBUG - [image_processing.py:139] - Edge detection completed in 1.1386 seconds
2025-12-21 19:58:02 - image_processor - DEBUG - [parallel_convolution.py:53] - Library edge detection worker finished for image 8 (PID 14444)
2025-12-21 19:58:02 - image_processor - DEBUG - [image_processing.py:113] - Non-maximum suppression completed
2025-12-21 19:58:02 - image_processor - DEBUG - [image_processing.py:139] - Edge detection completed in 1.1558 seconds
2025-12-21 19:58:02 - image_processor - DEBUG - [parallel_convolution.py:33] - Convolution worker finished for image 8 (PID 9380)
2025-12-21 19:58:03 - image_processor - DEBUG - [image_processing.py:113] - Non-maximum suppression completed
2025-12-21 19:58:03 - image_processor - DEBUG - [image_processing.py:139] - Edge detection completed in 1.9825 seconds
2025-12-21 19:58:03 - image_processor - DEBUG - [image_processing.py:113] - Non-maximum suppression completed
2025-12-21 19:58:03 - image_processor - DEBUG - [parallel_convolution.py:53] - Library edge detection worker finished for image 5 (PID 3308)
2025-12-21 19:58:03 - image_processor - DEBUG - [image_processing.py:139] - Edge detection completed in 2.0203 seconds
2025-12-21 19:58:03 - image_processor - DEBUG - [parallel_convolution.py:33] - Convolution worker finished for image 5 (PID 22424)
2025-12-21 19:58:07 - image_processor - DEBUG - [image_processing.py:113] - Non-maximum suppression completed
2025-12-21 19:58:07 - image_processor - DEBUG - [image_processing.py:139] - Edge detection completed in 5.5165 seconds
2025-12-21 19:58:07 - image_processor - DEBUG - [parallel_convolution.py:53] - Library edge detection worker finished for image 7 (PID 23472)
2025-12-21 19:58:07 - image_processor - DEBUG - [image_processing.py:113] - Non-maximum suppression completed
2025-12-21 19:58:07 - image_processor - INFO - [parallel_convolution.py:154] - Parallel library edge detection completed for 4 images
2025-12-21 19:58:07 - image_processor - DEBUG - [image_processing.py:139] - Edge detection completed in 5.5669 seconds
2025-12-21 19:58:07 - image_processor - DEBUG - [parallel_convolution.py:33] - Convolution worker finished for image 7 (PID 2520)
2025-12-21 19:58:07 - image_processor - INFO - [parallel_convolution.py:137] - Parallel custom edge detection completed for 4 images
2025-12-21 19:58:07 - image_processor - DEBUG - [async_pipeline.py:113] - Edge detection completed
2025-12-21 19:58:07 - image_processor - INFO - [parallel_convolution.py:166] - Starting parallel arithmetic operations for 4 images
2025-12-21 19:58:07 - image_processor - DEBUG - [parallel_convolution.py:70] - Arithmetic operations worker started for image 6 (PID 10884, breed: Ragdoll)
2025-12-21 19:58:07 - image_processor - DEBUG - [abstract_image.py:141] - Addition operation started
2025-12-21 19:58:07 - image_processor - DEBUG - [abstract_image.py:129] - Converting grayscale to RGB (3 channels)
2025-12-21 19:58:07 - image_processor - DEBUG - [parallel_convolution.py:70] - Arithmetic operations worker started for image 5 (PID 24912, breed: Ocicat)
2025-12-21 19:58:07 - image_processor - DEBUG - [abstract_image.py:141] - Addition operation started
2025-12-21 19:58:07 - image_processor - DEBUG - [abstract_image.py:129] - Converting grayscale to RGB (3 channels)
2025-12-21 19:58:08 - image_processor - DEBUG - [abstract_image.py:166] - Addition operation completed. Result shape: (800, 1000, 3)
2025-12-21 19:58:08 - image_processor - DEBUG - [image_processing.py:24] - ImageProcessing instance created
2025-12-21 19:58:08 - image_processor - DEBUG - [abstract_image.py:35] - CatImage created: breed=Ragdoll+processed, shape=(800, 1000, 3), url=combined_Ragdoll...
2025-12-21 19:58:08 - image_processor - DEBUG - [abstract_image.py:173] - Subtraction operation started
2025-12-21 19:58:08 - image_processor - DEBUG - [abstract_image.py:129] - Converting grayscale to RGB (3 channels)
2025-12-21 19:58:08 - image_processor - DEBUG - [parallel_convolution.py:70] - Arithmetic operations worker started for image 8 (PID 26620, breed: Turkish Van)
2025-12-21 19:58:08 - image_processor - DEBUG - [abstract_image.py:141] - Addition operation started
2025-12-21 19:58:08 - image_processor - DEBUG - [abstract_image.py:129] - Converting grayscale to RGB (3 channels)
2025-12-21 19:58:08 - image_processor - DEBUG - [abstract_image.py:198] - Subtraction operation completed. Result shape: (800, 1000, 3)
2025-12-21 19:58:08 - image_processor - DEBUG - [image_processing.py:24] - ImageProcessing instance created
2025-12-21 19:58:08 - image_processor - DEBUG - [abstract_image.py:35] - CatImage created: breed=Ragdoll-processed, shape=(800, 1000, 3), url=subtracted_Ragdoll...
2025-12-21 19:58:08 - image_processor - DEBUG - [parallel_convolution.py:70] - Arithmetic operations worker started for image 7 (PID 12780, breed: Siamese)
2025-12-21 19:58:08 - image_processor - DEBUG - [abstract_image.py:141] - Addition operation started
2025-12-21 19:58:08 - image_processor - DEBUG - [abstract_image.py:129] - Converting grayscale to RGB (3 channels)
2025-12-21 19:58:08 - image_processor - DEBUG - [abstract_image.py:141] - Addition operation started
2025-12-21 19:58:08 - image_processor - DEBUG - [abstract_image.py:129] - Converting grayscale to RGB (3 channels)
2025-12-21 19:58:08 - image_processor - DEBUG - [abstract_image.py:166] - Addition operation completed. Result shape: (947, 1800, 3)
2025-12-21 19:58:08 - image_processor - DEBUG - [image_processing.py:24] - ImageProcessing instance created
2025-12-21 19:58:08 - image_processor - DEBUG - [abstract_image.py:35] - CatImage created: breed=Ocicat+processed, shape=(947, 1800, 3), url=combined_Ocicat...
2025-12-21 19:58:08 - image_processor - DEBUG - [abstract_image.py:173] - Subtraction operation started
2025-12-21 19:58:08 - image_processor - DEBUG - [abstract_image.py:129] - Converting grayscale to RGB (3 channels)
2025-12-21 19:58:08 - image_processor - DEBUG - [abstract_image.py:166] - Addition operation completed. Result shape: (768, 1024, 3)
2025-12-21 19:58:08 - image_processor - DEBUG - [image_processing.py:24] - ImageProcessing instance created
2025-12-21 19:58:08 - image_processor - DEBUG - [abstract_image.py:35] - CatImage created: breed=Turkish Van+processed, shape=(768, 1024, 3), url=combined_Turkish Van...
2025-12-21 19:58:08 - image_processor - DEBUG - [abstract_image.py:173] - Subtraction operation started
2025-12-21 19:58:08 - image_processor - DEBUG - [abstract_image.py:129] - Converting grayscale to RGB (3 channels)
2025-12-21 19:58:08 - image_processor - DEBUG - [abstract_image.py:166] - Addition operation completed. Result shape: (800, 1000, 3)
2025-12-21 19:58:08 - image_processor - DEBUG - [image_processing.py:24] - ImageProcessing instance created
2025-12-21 19:58:08 - image_processor - DEBUG - [abstract_image.py:35] - CatImage created: breed=Ragdoll+processed, shape=(800, 1000, 3), url=combined_Ragdoll...
2025-12-21 19:58:08 - image_processor - DEBUG - [abstract_image.py:173] - Subtraction operation started
2025-12-21 19:58:08 - image_processor - DEBUG - [abstract_image.py:129] - Converting grayscale to RGB (3 channels)
2025-12-21 19:58:08 - image_processor - DEBUG - [abstract_image.py:198] - Subtraction operation completed. Result shape: (768, 1024, 3)
2025-12-21 19:58:08 - image_processor - DEBUG - [image_processing.py:24] - ImageProcessing instance created
2025-12-21 19:58:08 - image_processor - DEBUG - [abstract_image.py:35] - CatImage created: breed=Turkish Van-processed, shape=(768, 1024, 3), url=subtracted_Turkish Van...
2025-12-21 19:58:08 - image_processor - DEBUG - [abstract_image.py:141] - Addition operation started
2025-12-21 19:58:08 - image_processor - DEBUG - [abstract_image.py:129] - Converting grayscale to RGB (3 channels)
2025-12-21 19:58:08 - image_processor - DEBUG - [abstract_image.py:198] - Subtraction operation completed. Result shape: (800, 1000, 3)
2025-12-21 19:58:08 - image_processor - DEBUG - [image_processing.py:24] - ImageProcessing instance created
2025-12-21 19:58:08 - image_processor - DEBUG - [abstract_image.py:35] - CatImage created: breed=Ragdoll-processed, shape=(800, 1000, 3), url=subtracted_Ragdoll...
2025-12-21 19:58:08 - image_processor - DEBUG - [parallel_convolution.py:85] - Arithmetic operations worker finished for image 6 (PID 10884)
2025-12-21 19:58:08 - image_processor - DEBUG - [abstract_image.py:198] - Subtraction operation completed. Result shape: (947, 1800, 3)
2025-12-21 19:58:08 - image_processor - DEBUG - [image_processing.py:24] - ImageProcessing instance created
2025-12-21 19:58:08 - image_processor - DEBUG - [abstract_image.py:35] - CatImage created: breed=Ocicat-processed, shape=(947, 1800, 3), url=subtracted_Ocicat...
2025-12-21 19:58:08 - image_processor - DEBUG - [abstract_image.py:141] - Addition operation started
2025-12-21 19:58:08 - image_processor - DEBUG - [abstract_image.py:129] - Converting grayscale to RGB (3 channels)
2025-12-21 19:58:08 - image_processor - DEBUG - [abstract_image.py:166] - Addition operation completed. Result shape: (768, 1024, 3)
2025-12-21 19:58:08 - image_processor - DEBUG - [image_processing.py:24] - ImageProcessing instance created
2025-12-21 19:58:08 - image_processor - DEBUG - [abstract_image.py:35] - CatImage created: breed=Turkish Van+processed, shape=(768, 1024, 3), url=combined_Turkish Van...
2025-12-21 19:58:08 - image_processor - DEBUG - [abstract_image.py:173] - Subtraction operation started
2025-12-21 19:58:08 - image_processor - DEBUG - [abstract_image.py:129] - Converting grayscale to RGB (3 channels)
2025-12-21 19:58:08 - image_processor - DEBUG - [abstract_image.py:198] - Subtraction operation completed. Result shape: (768, 1024, 3)
2025-12-21 19:58:08 - image_processor - DEBUG - [image_processing.py:24] - ImageProcessing instance created
2025-12-21 19:58:08 - image_processor - DEBUG - [abstract_image.py:35] - CatImage created: breed=Turkish Van-processed, shape=(768, 1024, 3), url=subtracted_Turkish Van...
2025-12-21 19:58:08 - image_processor - DEBUG - [parallel_convolution.py:85] - Arithmetic operations worker finished for image 8 (PID 26620)
2025-12-21 19:58:08 - image_processor - DEBUG - [abstract_image.py:166] - Addition operation completed. Result shape: (947, 1800, 3)
2025-12-21 19:58:08 - image_processor - DEBUG - [image_processing.py:24] - ImageProcessing instance created
2025-12-21 19:58:08 - image_processor - DEBUG - [abstract_image.py:35] - CatImage created: breed=Ocicat+processed, shape=(947, 1800, 3), url=combined_Ocicat...
2025-12-21 19:58:08 - image_processor - DEBUG - [abstract_image.py:173] - Subtraction operation started
2025-12-21 19:58:08 - image_processor - DEBUG - [abstract_image.py:129] - Converting grayscale to RGB (3 channels)
2025-12-21 19:58:08 - image_processor - DEBUG - [abstract_image.py:198] - Subtraction operation completed. Result shape: (947, 1800, 3)
2025-12-21 19:58:08 - image_processor - DEBUG - [image_processing.py:24] - ImageProcessing instance created
2025-12-21 19:58:08 - image_processor - DEBUG - [abstract_image.py:35] - CatImage created: breed=Ocicat-processed, shape=(947, 1800, 3), url=subtracted_Ocicat...
2025-12-21 19:58:08 - image_processor - DEBUG - [parallel_convolution.py:85] - Arithmetic operations worker finished for image 5 (PID 24912)
2025-12-21 19:58:08 - image_processor - DEBUG - [abstract_image.py:166] - Addition operation completed. Result shape: (2216, 2501, 3)
2025-12-21 19:58:08 - image_processor - DEBUG - [image_processing.py:24] - ImageProcessing instance created
2025-12-21 19:58:08 - image_processor - DEBUG - [abstract_image.py:35] - CatImage created: breed=Siamese+processed, shape=(2216, 2501, 3), url=combined_Siamese...
2025-12-21 19:58:08 - image_processor - DEBUG - [abstract_image.py:173] - Subtraction operation started
2025-12-21 19:58:08 - image_processor - DEBUG - [abstract_image.py:129] - Converting grayscale to RGB (3 channels)
2025-12-21 19:58:08 - image_processor - DEBUG - [abstract_image.py:198] - Subtraction operation completed. Result shape: (2216, 2501, 3)
2025-12-21 19:58:08 - image_processor - DEBUG - [image_processing.py:24] - ImageProcessing instance created
2025-12-21 19:58:08 - image_processor - DEBUG - [abstract_image.py:35] - CatImage created: breed=Siamese-processed, shape=(2216, 2501, 3), url=subtracted_Siamese...
2025-12-21 19:58:08 - image_processor - DEBUG - [abstract_image.py:141] - Addition operation started
2025-12-21 19:58:08 - image_processor - DEBUG - [abstract_image.py:129] - Converting grayscale to RGB (3 channels)
2025-12-21 19:58:08 - image_processor - DEBUG - [abstract_image.py:166] - Addition operation completed. Result shape: (2216, 2501, 3)
2025-12-21 19:58:08 - image_processor - DEBUG - [image_processing.py:24] - ImageProcessing instance created
2025-12-21 19:58:08 - image_processor - DEBUG - [abstract_image.py:35] - CatImage created: breed=Siamese+processed, shape=(2216, 2501, 3), url=combined_Siamese...
2025-12-21 19:58:08 - image_processor - DEBUG - [abstract_image.py:173] - Subtraction operation started
2025-12-21 19:58:08 - image_processor - DEBUG - [abstract_image.py:129] - Converting grayscale to RGB (3 channels)
2025-12-21 19:58:08 - image_processor - DEBUG - [abstract_image.py:198] - Subtraction operation completed. Result shape: (2216, 2501, 3)
2025-12-21 19:58:08 - image_processor - DEBUG - [image_processing.py:24] - ImageProcessing instance created
2025-12-21 19:58:08 - image_processor - DEBUG - [abstract_image.py:35] - CatImage created: breed=Siamese-processed, shape=(2216, 2501, 3), url=subtracted_Siamese...
2025-12-21 19:58:08 - image_processor - DEBUG - [parallel_convolution.py:85] - Arithmetic operations worker finished for image 7 (PID 12780)
2025-12-21 19:58:08 - image_processor - INFO - [parallel_convolution.py:193] - Parallel arithmetic operations completed for 4 images
2025-12-21 19:58:08 - image_processor - DEBUG - [async_pipeline.py:124] - Arithmetic operations completed
2025-12-21 19:58:08 - image_processor - DEBUG - [async_pipeline.py:152] - Chunk processed: 4 images with all operations completed
2025-12-21 19:58:08 - image_processor - DEBUG - [async_pipeline.py:187] - Saving image 5 (Ocicat)
2025-12-21 19:58:08 - image_processor - DEBUG - [async_pipeline.py:187] - Saving image 6 (Ragdoll)
2025-12-21 19:58:08 - image_processor - DEBUG - [async_pipeline.py:187] - Saving image 7 (Siamese)
2025-12-21 19:58:08 - image_processor - DEBUG - [async_pipeline.py:187] - Saving image 8 (Turkish Van)
2025-12-21 19:58:09 - image_processor - DEBUG - [async_pipeline.py:203] - Image 6 saved (3 files)
2025-12-21 19:58:09 - image_processor - DEBUG - [async_pipeline.py:203] - Image 5 saved (3 files)
2025-12-21 19:58:09 - image_processor - DEBUG - [async_pipeline.py:203] - Image 8 saved (3 files)
2025-12-21 19:58:09 - image_processor - DEBUG - [async_pipeline.py:203] - Image 7 saved (3 files)
2025-12-21 19:58:09 - image_processor - INFO - [async_pipeline.py:70] - Processing chunk 3/3: images 9 to 10
2025-12-21 19:58:09 - image_processor - INFO - [async_image_processor.py:144] - Starting parallel download of 2 images
2025-12-21 19:58:09 - image_processor - DEBUG - [async_image_processor.py:113] - Downloading image 9 (breed: Turkish Van)
2025-12-21 19:58:09 - image_processor - DEBUG - [async_image_processor.py:113] - Downloading image 10 (breed: York Chocolate)
2025-12-21 19:58:11 - image_processor - DEBUG - [async_image_processor.py:131] - Image 9 downloaded successfully (shape: (733, 1100, 3))
2025-12-21 19:58:11 - image_processor - DEBUG - [async_image_processor.py:131] - Image 10 downloaded successfully (shape: (2544, 1696, 3))
2025-12-21 19:58:11 - image_processor - INFO - [async_image_processor.py:155] - Parallel download completed: 2/2 successful
2025-12-21 19:58:11 - image_processor - DEBUG - [async_image_processor.py:163] - Creating image objects from 2 metadata entries
2025-12-21 19:58:11 - image_processor - DEBUG - [image_processing.py:24] - ImageProcessing instance created
2025-12-21 19:58:11 - image_processor - DEBUG - [abstract_image.py:35] - CatImage created: breed=Turkish Van, shape=(733, 1100, 3), url=https://cdn2.thecatapi.com/images/rEHfYqWUM.jpg...
2025-12-21 19:58:11 - image_processor - DEBUG - [async_image_processor.py:184] - Image object created for index 9 (breed: Turkish Van)
2025-12-21 19:58:11 - image_processor - DEBUG - [image_processing.py:24] - ImageProcessing instance created
2025-12-21 19:58:11 - image_processor - DEBUG - [abstract_image.py:35] - CatImage created: breed=York Chocolate, shape=(2544, 1696, 3), url=https://cdn2.thecatapi.com/images/xIICfnlNm.jpg...
2025-12-21 19:58:11 - image_processor - DEBUG - [async_image_processor.py:184] - Image object created for index 10 (breed: York Chocolate)
2025-12-21 19:58:11 - image_processor - INFO - [async_image_processor.py:186] - Created 2 image objects
2025-12-21 19:58:11 - image_processor - DEBUG - [async_pipeline.py:76] - Chunk 3: 2 images ready for processing
2025-12-21 19:58:11 - image_processor - DEBUG - [async_pipeline.py:95] - Processing chunk of 2 images
2025-12-21 19:58:11 - image_processor - INFO - [parallel_convolution.py:127] - Starting parallel custom edge detection for 2 images
2025-12-21 19:58:11 - image_processor - INFO - [parallel_convolution.py:144] - Starting parallel library edge detection for 2 images
2025-12-21 19:58:12 - image_processor - DEBUG - [parallel_convolution.py:48] - Library edge detection worker started for image 9 (PID 12024, breed: Turkish Van)
2025-12-21 19:58:12 - image_processor - DEBUG - [image_processing.py:24] - ImageProcessing instance created
2025-12-21 19:58:12 - image_processor - DEBUG - [image_processing.py:120] - Edge detection (Canny) started
2025-12-21 19:58:12 - image_processor - DEBUG - [image_processing.py:46] - RGB to grayscale conversion started. Image shape: (733, 1100, 3)
2025-12-21 19:58:12 - image_processor - DEBUG - [image_processing.py:53] - RGB to grayscale conversion completed. Result shape: (733, 1100)
2025-12-21 19:58:12 - image_processor - DEBUG - [image_processing.py:30] - Convolution started. Image shape: (733, 1100), kernel shape: (3, 3)
2025-12-21 19:58:12 - image_processor - DEBUG - [parallel_convolution.py:48] - Library edge detection worker started for image 10 (PID 16032, breed: York Chocolate)
2025-12-21 19:58:12 - image_processor - DEBUG - [image_processing.py:24] - ImageProcessing instance created
2025-12-21 19:58:12 - image_processor - DEBUG - [image_processing.py:120] - Edge detection (Canny) started
2025-12-21 19:58:12 - image_processor - DEBUG - [image_processing.py:46] - RGB to grayscale conversion started. Image shape: (2544, 1696, 3)
2025-12-21 19:58:12 - image_processor - DEBUG - [image_processing.py:36] - Convolution completed in 0.0063 seconds
2025-12-21 19:58:12 - image_processor - DEBUG - [parallel_convolution.py:28] - Convolution worker started for image 9 (PID 25796, breed: Turkish Van)
2025-12-21 19:58:12 - image_processor - DEBUG - [image_processing.py:24] - ImageProcessing instance created
2025-12-21 19:58:12 - image_processor - DEBUG - [image_processing.py:120] - Edge detection (Canny) started
2025-12-21 19:58:12 - image_processor - DEBUG - [image_processing.py:46] - RGB to grayscale conversion started. Image shape: (733, 1100, 3)
2025-12-21 19:58:12 - image_processor - DEBUG - [image_processing.py:30] - Convolution started. Image shape: (733, 1100), kernel shape: (3, 3)
2025-12-21 19:58:12 - image_processor - DEBUG - [parallel_convolution.py:28] - Convolution worker started for image 10 (PID 11104, breed: York Chocolate)
2025-12-21 19:58:12 - image_processor - DEBUG - [image_processing.py:24] - ImageProcessing instance created
2025-12-21 19:58:12 - image_processor - DEBUG - [image_processing.py:120] - Edge detection (Canny) started
2025-12-21 19:58:12 - image_processor - DEBUG - [image_processing.py:46] - RGB to grayscale conversion started. Image shape: (2544, 1696, 3)
2025-12-21 19:58:12 - image_processor - DEBUG - [image_processing.py:36] - Convolution completed in 0.0067 seconds
2025-12-21 19:58:12 - image_processor - DEBUG - [image_processing.py:53] - RGB to grayscale conversion completed. Result shape: (733, 1100)
2025-12-21 19:58:12 - image_processor - DEBUG - [image_processing.py:30] - Convolution started. Image shape: (733, 1100), kernel shape: (3, 3)
2025-12-21 19:58:12 - image_processor - DEBUG - [image_processing.py:91] - Non-maximum suppression started
2025-12-21 19:58:12 - image_processor - DEBUG - [image_processing.py:36] - Convolution completed in 0.0085 seconds
2025-12-21 19:58:12 - image_processor - DEBUG - [image_processing.py:30] - Convolution started. Image shape: (733, 1100), kernel shape: (3, 3)
2025-12-21 19:58:12 - image_processor - DEBUG - [image_processing.py:36] - Convolution completed in 0.0100 seconds
2025-12-21 19:58:12 - image_processor - DEBUG - [image_processing.py:91] - Non-maximum suppression started
2025-12-21 19:58:12 - image_processor - DEBUG - [image_processing.py:53] - RGB to grayscale conversion completed. Result shape: (2544, 1696)
2025-12-21 19:58:12 - image_processor - DEBUG - [image_processing.py:30] - Convolution started. Image shape: (2544, 1696), kernel shape: (3, 3)
2025-12-21 19:58:12 - image_processor - DEBUG - [image_processing.py:53] - RGB to grayscale conversion completed. Result shape: (2544, 1696)
2025-12-21 19:58:12 - image_processor - DEBUG - [image_processing.py:30] - Convolution started. Image shape: (2544, 1696), kernel shape: (3, 3)
2025-12-21 19:58:12 - image_processor - DEBUG - [image_processing.py:36] - Convolution completed in 0.0297 seconds
2025-12-21 19:58:12 - image_processor - DEBUG - [image_processing.py:30] - Convolution started. Image shape: (2544, 1696), kernel shape: (3, 3)
2025-12-21 19:58:12 - image_processor - DEBUG - [image_processing.py:36] - Convolution completed in 0.0419 seconds
2025-12-21 19:58:12 - image_processor - DEBUG - [image_processing.py:30] - Convolution started. Image shape: (2544, 1696), kernel shape: (3, 3)
2025-12-21 19:58:12 - image_processor - DEBUG - [image_processing.py:36] - Convolution completed in 0.0420 seconds
2025-12-21 19:58:12 - image_processor - DEBUG - [image_processing.py:36] - Convolution completed in 0.0372 seconds
2025-12-21 19:58:12 - image_processor - DEBUG - [image_processing.py:91] - Non-maximum suppression started
2025-12-21 19:58:12 - image_processor - DEBUG - [image_processing.py:91] - Non-maximum suppression started
2025-12-21 19:58:13 - image_processor - DEBUG - [image_processing.py:113] - Non-maximum suppression completed
2025-12-21 19:58:13 - image_processor - DEBUG - [image_processing.py:139] - Edge detection completed in 0.8044 seconds
2025-12-21 19:58:13 - image_processor - DEBUG - [parallel_convolution.py:53] - Library edge detection worker finished for image 9 (PID 12024)
2025-12-21 19:58:13 - image_processor - DEBUG - [image_processing.py:113] - Non-maximum suppression completed
2025-12-21 19:58:13 - image_processor - DEBUG - [image_processing.py:139] - Edge detection completed in 0.7924 seconds
2025-12-21 19:58:13 - image_processor - DEBUG - [parallel_convolution.py:33] - Convolution worker finished for image 9 (PID 25796)
2025-12-21 19:58:16 - image_processor - DEBUG - [image_processing.py:113] - Non-maximum suppression completed
2025-12-21 19:58:16 - image_processor - DEBUG - [image_processing.py:139] - Edge detection completed in 3.9413 seconds
2025-12-21 19:58:16 - image_processor - DEBUG - [parallel_convolution.py:33] - Convolution worker finished for image 10 (PID 11104)
2025-12-21 19:58:16 - image_processor - INFO - [parallel_convolution.py:137] - Parallel custom edge detection completed for 2 images
2025-12-21 19:58:16 - image_processor - DEBUG - [image_processing.py:113] - Non-maximum suppression completed
2025-12-21 19:58:16 - image_processor - DEBUG - [image_processing.py:139] - Edge detection completed in 4.0280 seconds
2025-12-21 19:58:16 - image_processor - DEBUG - [parallel_convolution.py:53] - Library edge detection worker finished for image 10 (PID 16032)
2025-12-21 19:58:16 - image_processor - INFO - [parallel_convolution.py:154] - Parallel library edge detection completed for 2 images
2025-12-21 19:58:16 - image_processor - DEBUG - [async_pipeline.py:113] - Edge detection completed
2025-12-21 19:58:16 - image_processor - INFO - [parallel_convolution.py:166] - Starting parallel arithmetic operations for 2 images
2025-12-21 19:58:16 - image_processor - DEBUG - [parallel_convolution.py:70] - Arithmetic operations worker started for image 9 (PID 20440, breed: Turkish Van)
2025-12-21 19:58:16 - image_processor - DEBUG - [abstract_image.py:141] - Addition operation started
2025-12-21 19:58:16 - image_processor - DEBUG - [abstract_image.py:129] - Converting grayscale to RGB (3 channels)
2025-12-21 19:58:16 - image_processor - DEBUG - [abstract_image.py:166] - Addition operation completed. Result shape: (733, 1100, 3)
2025-12-21 19:58:16 - image_processor - DEBUG - [image_processing.py:24] - ImageProcessing instance created
2025-12-21 19:58:16 - image_processor - DEBUG - [abstract_image.py:35] - CatImage created: breed=Turkish Van+processed, shape=(733, 1100, 3), url=combined_Turkish Van...
2025-12-21 19:58:16 - image_processor - DEBUG - [abstract_image.py:173] - Subtraction operation started
2025-12-21 19:58:16 - image_processor - DEBUG - [abstract_image.py:129] - Converting grayscale to RGB (3 channels)
2025-12-21 19:58:17 - image_processor - DEBUG - [parallel_convolution.py:70] - Arithmetic operations worker started for image 10 (PID 14756, breed: York Chocolate)
2025-12-21 19:58:17 - image_processor - DEBUG - [abstract_image.py:141] - Addition operation started
2025-12-21 19:58:17 - image_processor - DEBUG - [abstract_image.py:129] - Converting grayscale to RGB (3 channels)
2025-12-21 19:58:17 - image_processor - DEBUG - [abstract_image.py:198] - Subtraction operation completed. Result shape: (733, 1100, 3)
2025-12-21 19:58:17 - image_processor - DEBUG - [image_processing.py:24] - ImageProcessing instance created
2025-12-21 19:58:17 - image_processor - DEBUG - [abstract_image.py:35] - CatImage created: breed=Turkish Van-processed, shape=(733, 1100, 3), url=subtracted_Turkish Van...
2025-12-21 19:58:17 - image_processor - DEBUG - [abstract_image.py:141] - Addition operation started
2025-12-21 19:58:17 - image_processor - DEBUG - [abstract_image.py:129] - Converting grayscale to RGB (3 channels)
2025-12-21 19:58:17 - image_processor - DEBUG - [abstract_image.py:166] - Addition operation completed. Result shape: (733, 1100, 3)
2025-12-21 19:58:17 - image_processor - DEBUG - [image_processing.py:24] - ImageProcessing instance created
2025-12-21 19:58:17 - image_processor - DEBUG - [abstract_image.py:35] - CatImage created: breed=Turkish Van+processed, shape=(733, 1100, 3), url=combined_Turkish Van...
2025-12-21 19:58:17 - image_processor - DEBUG - [abstract_image.py:173] - Subtraction operation started
2025-12-21 19:58:17 - image_processor - DEBUG - [abstract_image.py:129] - Converting grayscale to RGB (3 channels)
2025-12-21 19:58:17 - image_processor - DEBUG - [abstract_image.py:198] - Subtraction operation completed. Result shape: (733, 1100, 3)
2025-12-21 19:58:17 - image_processor - DEBUG - [image_processing.py:24] - ImageProcessing instance created
2025-12-21 19:58:17 - image_processor - DEBUG - [abstract_image.py:35] - CatImage created: breed=Turkish Van-processed, shape=(733, 1100, 3), url=subtracted_Turkish Van...
2025-12-21 19:58:17 - image_processor - DEBUG - [parallel_convolution.py:85] - Arithmetic operations worker finished for image 9 (PID 20440)
2025-12-21 19:58:17 - image_processor - DEBUG - [abstract_image.py:166] - Addition operation completed. Result shape: (2544, 1696, 3)
2025-12-21 19:58:17 - image_processor - DEBUG - [image_processing.py:24] - ImageProcessing instance created
2025-12-21 19:58:17 - image_processor - DEBUG - [abstract_image.py:35] - CatImage created: breed=York Chocolate+processed, shape=(2544, 1696, 3), url=combined_York Chocolate...
2025-12-21 19:58:17 - image_processor - DEBUG - [abstract_image.py:173] - Subtraction operation started
2025-12-21 19:58:17 - image_processor - DEBUG - [abstract_image.py:129] - Converting grayscale to RGB (3 channels)
2025-12-21 19:58:17 - image_processor - DEBUG - [abstract_image.py:198] - Subtraction operation completed. Result shape: (2544, 1696, 3)
2025-12-21 19:58:17 - image_processor - DEBUG - [image_processing.py:24] - ImageProcessing instance created
2025-12-21 19:58:17 - image_processor - DEBUG - [abstract_image.py:35] - CatImage created: breed=York Chocolate-processed, shape=(2544, 1696, 3), url=subtracted_York Chocolate...
2025-12-21 19:58:17 - image_processor - DEBUG - [abstract_image.py:141] - Addition operation started
2025-12-21 19:58:17 - image_processor - DEBUG - [abstract_image.py:129] - Converting grayscale to RGB (3 channels)
2025-12-21 19:58:17 - image_processor - DEBUG - [abstract_image.py:166] - Addition operation completed. Result shape: (2544, 1696, 3)
2025-12-21 19:58:17 - image_processor - DEBUG - [image_processing.py:24] - ImageProcessing instance created
2025-12-21 19:58:17 - image_processor - DEBUG - [abstract_image.py:35] - CatImage created: breed=York Chocolate+processed, shape=(2544, 1696, 3), url=combined_York Chocolate...
2025-12-21 19:58:17 - image_processor - DEBUG - [abstract_image.py:173] - Subtraction operation started
2025-12-21 19:58:17 - image_processor - DEBUG - [abstract_image.py:129] - Converting grayscale to RGB (3 channels)
2025-12-21 19:58:17 - image_processor - DEBUG - [abstract_image.py:198] - Subtraction operation completed. Result shape: (2544, 1696, 3)
2025-12-21 19:58:17 - image_processor - DEBUG - [image_processing.py:24] - ImageProcessing instance created
2025-12-21 19:58:17 - image_processor - DEBUG - [abstract_image.py:35] - CatImage created: breed=York Chocolate-processed, shape=(2544, 1696, 3), url=subtracted_York Chocolate...
2025-12-21 19:58:17 - image_processor - DEBUG - [parallel_convolution.py:85] - Arithmetic operations worker finished for image 10 (PID 14756)
2025-12-21 19:58:17 - image_processor - INFO - [parallel_convolution.py:193] - Parallel arithmetic operations completed for 2 images
2025-12-21 19:58:17 - image_processor - DEBUG - [async_pipeline.py:124] - Arithmetic operations completed
2025-12-21 19:58:17 - image_processor - DEBUG - [async_pipeline.py:152] - Chunk processed: 2 images with all operations completed
2025-12-21 19:58:17 - image_processor - DEBUG - [async_pipeline.py:187] - Saving image 9 (Turkish Van)
2025-12-21 19:58:17 - image_processor - DEBUG - [async_pipeline.py:187] - Saving image 10 (York Chocolate)
2025-12-21 19:58:18 - image_processor - DEBUG - [async_pipeline.py:203] - Image 9 saved (3 files)
2025-12-21 19:58:18 - image_processor - DEBUG - [async_pipeline.py:203] - Image 10 saved (3 files)
2025-12-21 19:58:18 - image_processor - INFO - [async_pipeline.py:79] - Stage 1 completed: All chunks downloaded
2025-12-21 19:58:18 - image_processor - INFO - [async_pipeline.py:155] - Stage 2 completed: All convolutions and operations done
2025-12-21 19:58:18 - image_processor - INFO - [async_pipeline.py:177] - Stage 3 completed: 10 images saved
2025-12-21 19:58:18 - image_processor - INFO - [async_pipeline.py:230] - Pipeline execution completed successfully. Results saved to: C:\Users\vracksup\Documents\LAB-PPT\LAB-1\image_processing_project\image_processor\out
2025-12-21 19:59:24 - image_processor - DEBUG - [async_image_processor.py:51] - AsyncImageProcessor initialized for cat API
2025-12-21 19:59:24 - image_processor - INFO - [parallel_convolution.py:119] - ParallelConvolutionProcessor initialized with 12 processes (all CPU cores)
2025-12-21 19:59:24 - image_processor - INFO - [async_pipeline.py:53] - AsyncImagePipeline initialized for cat API with chunk_size=2
2025-12-21 19:59:24 - image_processor - INFO - [async_pipeline.py:223] - Pipeline execution started. Total images: 10, Chunk size: 2
2025-12-21 19:59:24 - image_processor - INFO - [async_pipeline.py:164] - Stage 3 started: Saving results
2025-12-21 19:59:24 - image_processor - INFO - [async_pipeline.py:88] - Stage 2 started: Convolution & Arithmetic Operations
2025-12-21 19:59:24 - image_processor - INFO - [async_pipeline.py:59] - Stage 1 started: Downloading 10 images with chunk_size=2
2025-12-21 19:59:24 - image_processor - INFO - [async_image_processor.py:67] - Fetching 10 image URLs from cat API
2025-12-21 19:59:25 - image_processor - INFO - [async_image_processor.py:96] - Successfully fetched 10 image URLs
2025-12-21 19:59:25 - image_processor - INFO - [async_pipeline.py:64] - Total 10 images will be processed in 5 chunk(s)
2025-12-21 19:59:25 - image_processor - INFO - [async_pipeline.py:70] - Processing chunk 1/5: images 1 to 2
2025-12-21 19:59:25 - image_processor - INFO - [async_image_processor.py:144] - Starting parallel download of 2 images
2025-12-21 19:59:25 - image_processor - DEBUG - [async_image_processor.py:113] - Downloading image 1 (breed: Abyssinian)
2025-12-21 19:59:25 - image_processor - DEBUG - [async_image_processor.py:113] - Downloading image 2 (breed: Bengal)
2025-12-21 19:59:27 - image_processor - DEBUG - [async_image_processor.py:131] - Image 2 downloaded successfully (shape: (937, 750, 3))
2025-12-21 19:59:28 - image_processor - DEBUG - [async_image_processor.py:131] - Image 1 downloaded successfully (shape: (2609, 3114, 3))
2025-12-21 19:59:28 - image_processor - INFO - [async_image_processor.py:155] - Parallel download completed: 2/2 successful
2025-12-21 19:59:28 - image_processor - DEBUG - [async_image_processor.py:163] - Creating image objects from 2 metadata entries
2025-12-21 19:59:28 - image_processor - DEBUG - [image_processing.py:24] - ImageProcessing instance created
2025-12-21 19:59:28 - image_processor - DEBUG - [abstract_image.py:35] - CatImage created: breed=Abyssinian, shape=(2609, 3114, 3), url=https://cdn2.thecatapi.com/images/KWdLHmOqc.jpg...
2025-12-21 19:59:28 - image_processor - DEBUG - [async_image_processor.py:184] - Image object created for index 1 (breed: Abyssinian)
2025-12-21 19:59:28 - image_processor - DEBUG - [image_processing.py:24] - ImageProcessing instance created
2025-12-21 19:59:28 - image_processor - DEBUG - [abstract_image.py:35] - CatImage created: breed=Bengal, shape=(937, 750, 3), url=https://cdn2.thecatapi.com/images/VZ3qFLIe3.jpg...
2025-12-21 19:59:28 - image_processor - DEBUG - [async_image_processor.py:184] - Image object created for index 2 (breed: Bengal)
2025-12-21 19:59:28 - image_processor - INFO - [async_image_processor.py:186] - Created 2 image objects
2025-12-21 19:59:28 - image_processor - DEBUG - [async_pipeline.py:76] - Chunk 1: 2 images ready for processing
2025-12-21 19:59:28 - image_processor - DEBUG - [async_pipeline.py:95] - Processing chunk of 2 images
2025-12-21 19:59:28 - image_processor - INFO - [parallel_convolution.py:127] - Starting parallel custom edge detection for 2 images
2025-12-21 19:59:28 - image_processor - INFO - [parallel_convolution.py:144] - Starting parallel library edge detection for 2 images
2025-12-21 19:59:28 - image_processor - DEBUG - [parallel_convolution.py:28] - Convolution worker started for image 2 (PID 13780, breed: Bengal)
2025-12-21 19:59:28 - image_processor - DEBUG - [image_processing.py:24] - ImageProcessing instance created
2025-12-21 19:59:28 - image_processor - DEBUG - [image_processing.py:120] - Edge detection (Canny) started
2025-12-21 19:59:28 - image_processor - DEBUG - [image_processing.py:46] - RGB to grayscale conversion started. Image shape: (937, 750, 3)
2025-12-21 19:59:28 - image_processor - DEBUG - [parallel_convolution.py:48] - Library edge detection worker started for image 2 (PID 24140, breed: Bengal)
2025-12-21 19:59:28 - image_processor - DEBUG - [image_processing.py:24] - ImageProcessing instance created
2025-12-21 19:59:28 - image_processor - DEBUG - [image_processing.py:120] - Edge detection (Canny) started
2025-12-21 19:59:28 - image_processor - DEBUG - [image_processing.py:46] - RGB to grayscale conversion started. Image shape: (937, 750, 3)
2025-12-21 19:59:28 - image_processor - DEBUG - [parallel_convolution.py:28] - Convolution worker started for image 1 (PID 14256, breed: Abyssinian)
2025-12-21 19:59:28 - image_processor - DEBUG - [image_processing.py:24] - ImageProcessing instance created
2025-12-21 19:59:28 - image_processor - DEBUG - [image_processing.py:120] - Edge detection (Canny) started
2025-12-21 19:59:28 - image_processor - DEBUG - [image_processing.py:46] - RGB to grayscale conversion started. Image shape: (2609, 3114, 3)
2025-12-21 19:59:28 - image_processor - DEBUG - [parallel_convolution.py:48] - Library edge detection worker started for image 1 (PID 9960, breed: Abyssinian)
2025-12-21 19:59:28 - image_processor - DEBUG - [image_processing.py:24] - ImageProcessing instance created
2025-12-21 19:59:28 - image_processor - DEBUG - [image_processing.py:120] - Edge detection (Canny) started
2025-12-21 19:59:28 - image_processor - DEBUG - [image_processing.py:46] - RGB to grayscale conversion started. Image shape: (2609, 3114, 3)
2025-12-21 19:59:28 - image_processor - DEBUG - [image_processing.py:53] - RGB to grayscale conversion completed. Result shape: (937, 750)
2025-12-21 19:59:28 - image_processor - DEBUG - [image_processing.py:30] - Convolution started. Image shape: (937, 750), kernel shape: (3, 3)
2025-12-21 19:59:28 - image_processor - DEBUG - [image_processing.py:53] - RGB to grayscale conversion completed. Result shape: (937, 750)
2025-12-21 19:59:28 - image_processor - DEBUG - [image_processing.py:30] - Convolution started. Image shape: (937, 750), kernel shape: (3, 3)
2025-12-21 19:59:28 - image_processor - DEBUG - [image_processing.py:36] - Convolution completed in 0.0058 seconds
2025-12-21 19:59:28 - image_processor - DEBUG - [image_processing.py:30] - Convolution started. Image shape: (937, 750), kernel shape: (3, 3)
2025-12-21 19:59:28 - image_processor - DEBUG - [image_processing.py:36] - Convolution completed in 0.0104 seconds
2025-12-21 19:59:28 - image_processor - DEBUG - [image_processing.py:30] - Convolution started. Image shape: (937, 750), kernel shape: (3, 3)
2025-12-21 19:59:28 - image_processor - DEBUG - [image_processing.py:36] - Convolution completed in 0.0059 seconds
2025-12-21 19:59:28 - image_processor - DEBUG - [image_processing.py:36] - Convolution completed in 0.0084 seconds
2025-12-21 19:59:28 - image_processor - DEBUG - [image_processing.py:91] - Non-maximum suppression started
2025-12-21 19:59:28 - image_processor - DEBUG - [image_processing.py:91] - Non-maximum suppression started
2025-12-21 19:59:29 - image_processor - DEBUG - [image_processing.py:53] - RGB to grayscale conversion completed. Result shape: (2609, 3114)
2025-12-21 19:59:29 - image_processor - DEBUG - [image_processing.py:53] - RGB to grayscale conversion completed. Result shape: (2609, 3114)
2025-12-21 19:59:29 - image_processor - DEBUG - [image_processing.py:30] - Convolution started. Image shape: (2609, 3114), kernel shape: (3, 3)
2025-12-21 19:59:29 - image_processor - DEBUG - [image_processing.py:30] - Convolution started. Image shape: (2609, 3114), kernel shape: (3, 3)
2025-12-21 19:59:29 - image_processor - DEBUG - [image_processing.py:36] - Convolution completed in 0.0591 seconds
2025-12-21 19:59:29 - image_processor - DEBUG - [image_processing.py:30] - Convolution started. Image shape: (2609, 3114), kernel shape: (3, 3)
2025-12-21 19:59:29 - image_processor - DEBUG - [image_processing.py:36] - Convolution completed in 0.0595 seconds
2025-12-21 19:59:29 - image_processor - DEBUG - [image_processing.py:30] - Convolution started. Image shape: (2609, 3114), kernel shape: (3, 3)
2025-12-21 19:59:29 - image_processor - DEBUG - [image_processing.py:36] - Convolution completed in 0.0602 seconds
2025-12-21 19:59:29 - image_processor - DEBUG - [image_processing.py:36] - Convolution completed in 0.0806 seconds
2025-12-21 19:59:29 - image_processor - DEBUG - [image_processing.py:91] - Non-maximum suppression started
2025-12-21 19:59:29 - image_processor - DEBUG - [image_processing.py:91] - Non-maximum suppression started
2025-12-21 19:59:29 - image_processor - DEBUG - [image_processing.py:113] - Non-maximum suppression completed
2025-12-21 19:59:29 - image_processor - DEBUG - [image_processing.py:139] - Edge detection completed in 0.7293 seconds
2025-12-21 19:59:29 - image_processor - DEBUG - [parallel_convolution.py:33] - Convolution worker finished for image 2 (PID 13780)
2025-12-21 19:59:29 - image_processor - DEBUG - [image_processing.py:113] - Non-maximum suppression completed
2025-12-21 19:59:29 - image_processor - DEBUG - [image_processing.py:139] - Edge detection completed in 0.7341 seconds
2025-12-21 19:59:29 - image_processor - DEBUG - [parallel_convolution.py:53] - Library edge detection worker finished for image 2 (PID 24140)
2025-12-21 19:59:36 - image_processor - DEBUG - [image_processing.py:113] - Non-maximum suppression completed
2025-12-21 19:59:36 - image_processor - DEBUG - [image_processing.py:139] - Edge detection completed in 7.8215 seconds
2025-12-21 19:59:36 - image_processor - DEBUG - [parallel_convolution.py:53] - Library edge detection worker finished for image 1 (PID 9960)
2025-12-21 19:59:36 - image_processor - INFO - [parallel_convolution.py:154] - Parallel library edge detection completed for 2 images
2025-12-21 19:59:36 - image_processor - DEBUG - [image_processing.py:113] - Non-maximum suppression completed
2025-12-21 19:59:36 - image_processor - DEBUG - [image_processing.py:139] - Edge detection completed in 8.0530 seconds
2025-12-21 19:59:36 - image_processor - DEBUG - [parallel_convolution.py:33] - Convolution worker finished for image 1 (PID 14256)
2025-12-21 19:59:36 - image_processor - INFO - [parallel_convolution.py:137] - Parallel custom edge detection completed for 2 images
2025-12-21 19:59:36 - image_processor - DEBUG - [async_pipeline.py:113] - Edge detection completed
2025-12-21 19:59:36 - image_processor - INFO - [parallel_convolution.py:166] - Starting parallel arithmetic operations for 2 images
2025-12-21 19:59:37 - image_processor - DEBUG - [parallel_convolution.py:70] - Arithmetic operations worker started for image 2 (PID 22556, breed: Bengal)
2025-12-21 19:59:37 - image_processor - DEBUG - [abstract_image.py:141] - Addition operation started
2025-12-21 19:59:37 - image_processor - DEBUG - [abstract_image.py:129] - Converting grayscale to RGB (3 channels)
2025-12-21 19:59:37 - image_processor - DEBUG - [parallel_convolution.py:70] - Arithmetic operations worker started for image 1 (PID 24536, breed: Abyssinian)
2025-12-21 19:59:37 - image_processor - DEBUG - [abstract_image.py:141] - Addition operation started
2025-12-21 19:59:37 - image_processor - DEBUG - [abstract_image.py:129] - Converting grayscale to RGB (3 channels)
2025-12-21 19:59:37 - image_processor - DEBUG - [abstract_image.py:166] - Addition operation completed. Result shape: (937, 750, 3)
2025-12-21 19:59:37 - image_processor - DEBUG - [image_processing.py:24] - ImageProcessing instance created
2025-12-21 19:59:37 - image_processor - DEBUG - [abstract_image.py:35] - CatImage created: breed=Bengal+processed, shape=(937, 750, 3), url=combined_Bengal...
2025-12-21 19:59:37 - image_processor - DEBUG - [abstract_image.py:173] - Subtraction operation started
2025-12-21 19:59:37 - image_processor - DEBUG - [abstract_image.py:129] - Converting grayscale to RGB (3 channels)
2025-12-21 19:59:37 - image_processor - DEBUG - [abstract_image.py:198] - Subtraction operation completed. Result shape: (937, 750, 3)
2025-12-21 19:59:37 - image_processor - DEBUG - [image_processing.py:24] - ImageProcessing instance created
2025-12-21 19:59:37 - image_processor - DEBUG - [abstract_image.py:35] - CatImage created: breed=Bengal-processed, shape=(937, 750, 3), url=subtracted_Bengal...
2025-12-21 19:59:37 - image_processor - DEBUG - [abstract_image.py:141] - Addition operation started
2025-12-21 19:59:37 - image_processor - DEBUG - [abstract_image.py:129] - Converting grayscale to RGB (3 channels)
2025-12-21 19:59:37 - image_processor - DEBUG - [abstract_image.py:166] - Addition operation completed. Result shape: (937, 750, 3)
2025-12-21 19:59:37 - image_processor - DEBUG - [image_processing.py:24] - ImageProcessing instance created
2025-12-21 19:59:37 - image_processor - DEBUG - [abstract_image.py:35] - CatImage created: breed=Bengal+processed, shape=(937, 750, 3), url=combined_Bengal...
2025-12-21 19:59:37 - image_processor - DEBUG - [abstract_image.py:173] - Subtraction operation started
2025-12-21 19:59:37 - image_processor - DEBUG - [abstract_image.py:129] - Converting grayscale to RGB (3 channels)
2025-12-21 19:59:37 - image_processor - DEBUG - [abstract_image.py:198] - Subtraction operation completed. Result shape: (937, 750, 3)
2025-12-21 19:59:37 - image_processor - DEBUG - [image_processing.py:24] - ImageProcessing instance created
2025-12-21 19:59:37 - image_processor - DEBUG - [abstract_image.py:35] - CatImage created: breed=Bengal-processed, shape=(937, 750, 3), url=subtracted_Bengal...
2025-12-21 19:59:37 - image_processor - DEBUG - [parallel_convolution.py:85] - Arithmetic operations worker finished for image 2 (PID 22556)
2025-12-21 19:59:37 - image_processor - DEBUG - [abstract_image.py:166] - Addition operation completed. Result shape: (2609, 3114, 3)
2025-12-21 19:59:37 - image_processor - DEBUG - [image_processing.py:24] - ImageProcessing instance created
2025-12-21 19:59:37 - image_processor - DEBUG - [abstract_image.py:35] - CatImage created: breed=Abyssinian+processed, shape=(2609, 3114, 3), url=combined_Abyssinian...
2025-12-21 19:59:37 - image_processor - DEBUG - [abstract_image.py:173] - Subtraction operation started
2025-12-21 19:59:37 - image_processor - DEBUG - [abstract_image.py:129] - Converting grayscale to RGB (3 channels)
2025-12-21 19:59:38 - image_processor - DEBUG - [abstract_image.py:198] - Subtraction operation completed. Result shape: (2609, 3114, 3)
2025-12-21 19:59:38 - image_processor - DEBUG - [image_processing.py:24] - ImageProcessing instance created
2025-12-21 19:59:38 - image_processor - DEBUG - [abstract_image.py:35] - CatImage created: breed=Abyssinian-processed, shape=(2609, 3114, 3), url=subtracted_Abyssinian...
2025-12-21 19:59:38 - image_processor - DEBUG - [abstract_image.py:141] - Addition operation started
2025-12-21 19:59:38 - image_processor - DEBUG - [abstract_image.py:129] - Converting grayscale to RGB (3 channels)
2025-12-21 19:59:38 - image_processor - DEBUG - [abstract_image.py:166] - Addition operation completed. Result shape: (2609, 3114, 3)
2025-12-21 19:59:38 - image_processor - DEBUG - [image_processing.py:24] - ImageProcessing instance created
2025-12-21 19:59:38 - image_processor - DEBUG - [abstract_image.py:35] - CatImage created: breed=Abyssinian+processed, shape=(2609, 3114, 3), url=combined_Abyssinian...
2025-12-21 19:59:38 - image_processor - DEBUG - [abstract_image.py:173] - Subtraction operation started
2025-12-21 19:59:38 - image_processor - DEBUG - [abstract_image.py:129] - Converting grayscale to RGB (3 channels)
2025-12-21 19:59:38 - image_processor - DEBUG - [abstract_image.py:198] - Subtraction operation completed. Result shape: (2609, 3114, 3)
2025-12-21 19:59:38 - image_processor - DEBUG - [image_processing.py:24] - ImageProcessing instance created
2025-12-21 19:59:38 - image_processor - DEBUG - [abstract_image.py:35] - CatImage created: breed=Abyssinian-processed, shape=(2609, 3114, 3), url=subtracted_Abyssinian...
2025-12-21 19:59:38 - image_processor - DEBUG - [parallel_convolution.py:85] - Arithmetic operations worker finished for image 1 (PID 24536)
2025-12-21 19:59:38 - image_processor - INFO - [parallel_convolution.py:193] - Parallel arithmetic operations completed for 2 images
2025-12-21 19:59:38 - image_processor - DEBUG - [async_pipeline.py:124] - Arithmetic operations completed
2025-12-21 19:59:38 - image_processor - DEBUG - [async_pipeline.py:152] - Chunk processed: 2 images with all operations completed
2025-12-21 19:59:38 - image_processor - DEBUG - [async_pipeline.py:187] - Saving image 1 (Abyssinian)
2025-12-21 19:59:38 - image_processor - DEBUG - [async_pipeline.py:187] - Saving image 2 (Bengal)
2025-12-21 19:59:39 - image_processor - DEBUG - [async_pipeline.py:203] - Image 2 saved (3 files)
2025-12-21 19:59:39 - image_processor - DEBUG - [async_pipeline.py:203] - Image 1 saved (3 files)
2025-12-21 19:59:39 - image_processor - INFO - [async_pipeline.py:70] - Processing chunk 2/5: images 3 to 4
2025-12-21 19:59:39 - image_processor - INFO - [async_image_processor.py:144] - Starting parallel download of 2 images
2025-12-21 19:59:39 - image_processor - DEBUG - [async_image_processor.py:113] - Downloading image 3 (breed: Exotic Shorthair)
2025-12-21 19:59:39 - image_processor - DEBUG - [async_image_processor.py:113] - Downloading image 4 (breed: Japanese Bobtail)
2025-12-21 19:59:41 - image_processor - DEBUG - [async_image_processor.py:131] - Image 3 downloaded successfully (shape: (1200, 1600, 3))
2025-12-21 19:59:41 - image_processor - DEBUG - [async_image_processor.py:131] - Image 4 downloaded successfully (shape: (2047, 1553, 3))
2025-12-21 19:59:41 - image_processor - INFO - [async_image_processor.py:155] - Parallel download completed: 2/2 successful
2025-12-21 19:59:41 - image_processor - DEBUG - [async_image_processor.py:163] - Creating image objects from 2 metadata entries
2025-12-21 19:59:41 - image_processor - DEBUG - [image_processing.py:24] - ImageProcessing instance created
2025-12-21 19:59:41 - image_processor - DEBUG - [abstract_image.py:35] - CatImage created: breed=Exotic Shorthair, shape=(1200, 1600, 3), url=https://cdn2.thecatapi.com/images/HT902S6ra.jpg...
2025-12-21 19:59:41 - image_processor - DEBUG - [async_image_processor.py:184] - Image object created for index 3 (breed: Exotic Shorthair)
2025-12-21 19:59:41 - image_processor - DEBUG - [image_processing.py:24] - ImageProcessing instance created
2025-12-21 19:59:41 - image_processor - DEBUG - [abstract_image.py:35] - CatImage created: breed=Japanese Bobtail, shape=(2047, 1553, 3), url=https://cdn2.thecatapi.com/images/QCcTOaIQW.jpg...
2025-12-21 19:59:41 - image_processor - DEBUG - [async_image_processor.py:184] - Image object created for index 4 (breed: Japanese Bobtail)
2025-12-21 19:59:41 - image_processor - INFO - [async_image_processor.py:186] - Created 2 image objects
2025-12-21 19:59:41 - image_processor - DEBUG - [async_pipeline.py:76] - Chunk 2: 2 images ready for processing
2025-12-21 19:59:41 - image_processor - DEBUG - [async_pipeline.py:95] - Processing chunk of 2 images
2025-12-21 19:59:41 - image_processor - INFO - [parallel_convolution.py:127] - Starting parallel custom edge detection for 2 images
2025-12-21 19:59:41 - image_processor - INFO - [parallel_convolution.py:144] - Starting parallel library edge detection for 2 images
2025-12-21 19:59:42 - image_processor - DEBUG - [parallel_convolution.py:28] - Convolution worker started for image 3 (PID 25440, breed: Exotic Shorthair)
2025-12-21 19:59:42 - image_processor - DEBUG - [image_processing.py:24] - ImageProcessing instance created
2025-12-21 19:59:42 - image_processor - DEBUG - [image_processing.py:120] - Edge detection (Canny) started
2025-12-21 19:59:42 - image_processor - DEBUG - [image_processing.py:46] - RGB to grayscale conversion started. Image shape: (1200, 1600, 3)
2025-12-21 19:59:42 - image_processor - DEBUG - [parallel_convolution.py:48] - Library edge detection worker started for image 3 (PID 24212, breed: Exotic Shorthair)
2025-12-21 19:59:42 - image_processor - DEBUG - [image_processing.py:24] - ImageProcessing instance created
2025-12-21 19:59:42 - image_processor - DEBUG - [image_processing.py:120] - Edge detection (Canny) started
2025-12-21 19:59:42 - image_processor - DEBUG - [image_processing.py:46] - RGB to grayscale conversion started. Image shape: (1200, 1600, 3)
2025-12-21 19:59:42 - image_processor - DEBUG - [parallel_convolution.py:48] - Library edge detection worker started for image 4 (PID 24768, breed: Japanese Bobtail)
2025-12-21 19:59:42 - image_processor - DEBUG - [image_processing.py:24] - ImageProcessing instance created
2025-12-21 19:59:42 - image_processor - DEBUG - [image_processing.py:120] - Edge detection (Canny) started
2025-12-21 19:59:42 - image_processor - DEBUG - [image_processing.py:46] - RGB to grayscale conversion started. Image shape: (2047, 1553, 3)
2025-12-21 19:59:42 - image_processor - DEBUG - [parallel_convolution.py:28] - Convolution worker started for image 4 (PID 23804, breed: Japanese Bobtail)
2025-12-21 19:59:42 - image_processor - DEBUG - [image_processing.py:24] - ImageProcessing instance created
2025-12-21 19:59:42 - image_processor - DEBUG - [image_processing.py:120] - Edge detection (Canny) started
2025-12-21 19:59:42 - image_processor - DEBUG - [image_processing.py:46] - RGB to grayscale conversion started. Image shape: (2047, 1553, 3)
2025-12-21 19:59:42 - image_processor - DEBUG - [image_processing.py:53] - RGB to grayscale conversion completed. Result shape: (1200, 1600)
2025-12-21 19:59:42 - image_processor - DEBUG - [image_processing.py:53] - RGB to grayscale conversion completed. Result shape: (1200, 1600)
2025-12-21 19:59:42 - image_processor - DEBUG - [image_processing.py:30] - Convolution started. Image shape: (1200, 1600), kernel shape: (3, 3)
2025-12-21 19:59:42 - image_processor - DEBUG - [image_processing.py:30] - Convolution started. Image shape: (1200, 1600), kernel shape: (3, 3)
2025-12-21 19:59:42 - image_processor - DEBUG - [image_processing.py:36] - Convolution completed in 0.0135 seconds
2025-12-21 19:59:42 - image_processor - DEBUG - [image_processing.py:36] - Convolution completed in 0.0143 seconds
2025-12-21 19:59:42 - image_processor - DEBUG - [image_processing.py:30] - Convolution started. Image shape: (1200, 1600), kernel shape: (3, 3)
2025-12-21 19:59:42 - image_processor - DEBUG - [image_processing.py:30] - Convolution started. Image shape: (1200, 1600), kernel shape: (3, 3)
2025-12-21 19:59:42 - image_processor - DEBUG - [image_processing.py:53] - RGB to grayscale conversion completed. Result shape: (2047, 1553)
2025-12-21 19:59:42 - image_processor - DEBUG - [image_processing.py:30] - Convolution started. Image shape: (2047, 1553), kernel shape: (3, 3)
2025-12-21 19:59:42 - image_processor - DEBUG - [image_processing.py:36] - Convolution completed in 0.0134 seconds
2025-12-21 19:59:42 - image_processor - DEBUG - [image_processing.py:36] - Convolution completed in 0.0131 seconds
2025-12-21 19:59:42 - image_processor - DEBUG - [image_processing.py:53] - RGB to grayscale conversion completed. Result shape: (2047, 1553)
2025-12-21 19:59:42 - image_processor - DEBUG - [image_processing.py:30] - Convolution started. Image shape: (2047, 1553), kernel shape: (3, 3)
2025-12-21 19:59:42 - image_processor - DEBUG - [image_processing.py:36] - Convolution completed in 0.0288 seconds
2025-12-21 19:59:42 - image_processor - DEBUG - [image_processing.py:30] - Convolution started. Image shape: (2047, 1553), kernel shape: (3, 3)
2025-12-21 19:59:42 - image_processor - DEBUG - [image_processing.py:91] - Non-maximum suppression started
2025-12-21 19:59:42 - image_processor - DEBUG - [image_processing.py:36] - Convolution completed in 0.0281 seconds
2025-12-21 19:59:42 - image_processor - DEBUG - [image_processing.py:91] - Non-maximum suppression started
2025-12-21 19:59:42 - image_processor - DEBUG - [image_processing.py:30] - Convolution started. Image shape: (2047, 1553), kernel shape: (3, 3)
2025-12-21 19:59:42 - image_processor - DEBUG - [image_processing.py:36] - Convolution completed in 0.0232 seconds
2025-12-21 19:59:42 - image_processor - DEBUG - [image_processing.py:36] - Convolution completed in 0.0281 seconds
2025-12-21 19:59:42 - image_processor - DEBUG - [image_processing.py:91] - Non-maximum suppression started
2025-12-21 19:59:42 - image_processor - DEBUG - [image_processing.py:91] - Non-maximum suppression started
2025-12-21 19:59:44 - image_processor - DEBUG - [image_processing.py:113] - Non-maximum suppression completed
2025-12-21 19:59:44 - image_processor - DEBUG - [image_processing.py:139] - Edge detection completed in 1.8184 seconds
2025-12-21 19:59:44 - image_processor - DEBUG - [image_processing.py:113] - Non-maximum suppression completed
2025-12-21 19:59:44 - image_processor - DEBUG - [parallel_convolution.py:33] - Convolution worker finished for image 3 (PID 25440)
2025-12-21 19:59:44 - image_processor - DEBUG - [image_processing.py:139] - Edge detection completed in 1.8194 seconds
2025-12-21 19:59:44 - image_processor - DEBUG - [parallel_convolution.py:53] - Library edge detection worker finished for image 3 (PID 24212)
2025-12-21 19:59:45 - image_processor - DEBUG - [image_processing.py:113] - Non-maximum suppression completed
2025-12-21 19:59:45 - image_processor - DEBUG - [image_processing.py:139] - Edge detection completed in 2.8694 seconds
2025-12-21 19:59:45 - image_processor - DEBUG - [parallel_convolution.py:33] - Convolution worker finished for image 4 (PID 23804)
2025-12-21 19:59:45 - image_processor - INFO - [parallel_convolution.py:137] - Parallel custom edge detection completed for 2 images
2025-12-21 19:59:45 - image_processor - DEBUG - [image_processing.py:113] - Non-maximum suppression completed
2025-12-21 19:59:45 - image_processor - DEBUG - [image_processing.py:139] - Edge detection completed in 3.0920 seconds
2025-12-21 19:59:45 - image_processor - DEBUG - [parallel_convolution.py:53] - Library edge detection worker finished for image 4 (PID 24768)
2025-12-21 19:59:45 - image_processor - INFO - [parallel_convolution.py:154] - Parallel library edge detection completed for 2 images
2025-12-21 19:59:45 - image_processor - DEBUG - [async_pipeline.py:113] - Edge detection completed
2025-12-21 19:59:45 - image_processor - INFO - [parallel_convolution.py:166] - Starting parallel arithmetic operations for 2 images
2025-12-21 19:59:45 - image_processor - DEBUG - [parallel_convolution.py:70] - Arithmetic operations worker started for image 3 (PID 19460, breed: Exotic Shorthair)
2025-12-21 19:59:45 - image_processor - DEBUG - [abstract_image.py:141] - Addition operation started
2025-12-21 19:59:45 - image_processor - DEBUG - [abstract_image.py:129] - Converting grayscale to RGB (3 channels)
2025-12-21 19:59:45 - image_processor - DEBUG - [parallel_convolution.py:70] - Arithmetic operations worker started for image 4 (PID 24528, breed: Japanese Bobtail)
2025-12-21 19:59:45 - image_processor - DEBUG - [abstract_image.py:141] - Addition operation started
2025-12-21 19:59:45 - image_processor - DEBUG - [abstract_image.py:129] - Converting grayscale to RGB (3 channels)
2025-12-21 19:59:45 - image_processor - DEBUG - [abstract_image.py:166] - Addition operation completed. Result shape: (1200, 1600, 3)
2025-12-21 19:59:45 - image_processor - DEBUG - [image_processing.py:24] - ImageProcessing instance created
2025-12-21 19:59:45 - image_processor - DEBUG - [abstract_image.py:35] - CatImage created: breed=Exotic Shorthair+processed, shape=(1200, 1600, 3), url=combined_Exotic Shorthair...
2025-12-21 19:59:45 - image_processor - DEBUG - [abstract_image.py:173] - Subtraction operation started
2025-12-21 19:59:45 - image_processor - DEBUG - [abstract_image.py:129] - Converting grayscale to RGB (3 channels)
2025-12-21 19:59:46 - image_processor - DEBUG - [abstract_image.py:166] - Addition operation completed. Result shape: (2047, 1553, 3)
2025-12-21 19:59:46 - image_processor - DEBUG - [image_processing.py:24] - ImageProcessing instance created
2025-12-21 19:59:46 - image_processor - DEBUG - [abstract_image.py:35] - CatImage created: breed=Japanese Bobtail+processed, shape=(2047, 1553, 3), url=combined_Japanese Bobtail...
2025-12-21 19:59:46 - image_processor - DEBUG - [abstract_image.py:173] - Subtraction operation started
2025-12-21 19:59:46 - image_processor - DEBUG - [abstract_image.py:129] - Converting grayscale to RGB (3 channels)
2025-12-21 19:59:46 - image_processor - DEBUG - [abstract_image.py:198] - Subtraction operation completed. Result shape: (1200, 1600, 3)
2025-12-21 19:59:46 - image_processor - DEBUG - [image_processing.py:24] - ImageProcessing instance created
2025-12-21 19:59:46 - image_processor - DEBUG - [abstract_image.py:35] - CatImage created: breed=Exotic Shorthair-processed, shape=(1200, 1600, 3), url=subtracted_Exotic Shorthair...
2025-12-21 19:59:46 - image_processor - DEBUG - [abstract_image.py:141] - Addition operation started
2025-12-21 19:59:46 - image_processor - DEBUG - [abstract_image.py:129] - Converting grayscale to RGB (3 channels)
2025-12-21 19:59:46 - image_processor - DEBUG - [abstract_image.py:166] - Addition operation completed. Result shape: (1200, 1600, 3)
2025-12-21 19:59:46 - image_processor - DEBUG - [image_processing.py:24] - ImageProcessing instance created
2025-12-21 19:59:46 - image_processor - DEBUG - [abstract_image.py:35] - CatImage created: breed=Exotic Shorthair+processed, shape=(1200, 1600, 3), url=combined_Exotic Shorthair...
2025-12-21 19:59:46 - image_processor - DEBUG - [abstract_image.py:173] - Subtraction operation started
2025-12-21 19:59:46 - image_processor - DEBUG - [abstract_image.py:129] - Converting grayscale to RGB (3 channels)
2025-12-21 19:59:46 - image_processor - DEBUG - [abstract_image.py:198] - Subtraction operation completed. Result shape: (2047, 1553, 3)
2025-12-21 19:59:46 - image_processor - DEBUG - [image_processing.py:24] - ImageProcessing instance created
2025-12-21 19:59:46 - image_processor - DEBUG - [abstract_image.py:35] - CatImage created: breed=Japanese Bobtail-processed, shape=(2047, 1553, 3), url=subtracted_Japanese Bobtail...
2025-12-21 19:59:46 - image_processor - DEBUG - [abstract_image.py:141] - Addition operation started
2025-12-21 19:59:46 - image_processor - DEBUG - [abstract_image.py:129] - Converting grayscale to RGB (3 channels)
2025-12-21 19:59:46 - image_processor - DEBUG - [abstract_image.py:198] - Subtraction operation completed. Result shape: (1200, 1600, 3)
2025-12-21 19:59:46 - image_processor - DEBUG - [image_processing.py:24] - ImageProcessing instance created
2025-12-21 19:59:46 - image_processor - DEBUG - [abstract_image.py:35] - CatImage created: breed=Exotic Shorthair-processed, shape=(1200, 1600, 3), url=subtracted_Exotic Shorthair...
2025-12-21 19:59:46 - image_processor - DEBUG - [parallel_convolution.py:85] - Arithmetic operations worker finished for image 3 (PID 19460)
2025-12-21 19:59:46 - image_processor - DEBUG - [abstract_image.py:166] - Addition operation completed. Result shape: (2047, 1553, 3)
2025-12-21 19:59:46 - image_processor - DEBUG - [image_processing.py:24] - ImageProcessing instance created
2025-12-21 19:59:46 - image_processor - DEBUG - [abstract_image.py:35] - CatImage created: breed=Japanese Bobtail+processed, shape=(2047, 1553, 3), url=combined_Japanese Bobtail...
2025-12-21 19:59:46 - image_processor - DEBUG - [abstract_image.py:173] - Subtraction operation started
2025-12-21 19:59:46 - image_processor - DEBUG - [abstract_image.py:129] - Converting grayscale to RGB (3 channels)
2025-12-21 19:59:46 - image_processor - DEBUG - [abstract_image.py:198] - Subtraction operation completed. Result shape: (2047, 1553, 3)
2025-12-21 19:59:46 - image_processor - DEBUG - [image_processing.py:24] - ImageProcessing instance created
2025-12-21 19:59:46 - image_processor - DEBUG - [abstract_image.py:35] - CatImage created: breed=Japanese Bobtail-processed, shape=(2047, 1553, 3), url=subtracted_Japanese Bobtail...
2025-12-21 19:59:46 - image_processor - DEBUG - [parallel_convolution.py:85] - Arithmetic operations worker finished for image 4 (PID 24528)
2025-12-21 19:59:46 - image_processor - INFO - [parallel_convolution.py:193] - Parallel arithmetic operations completed for 2 images
2025-12-21 19:59:46 - image_processor - DEBUG - [async_pipeline.py:124] - Arithmetic operations completed
2025-12-21 19:59:46 - image_processor - DEBUG - [async_pipeline.py:152] - Chunk processed: 2 images with all operations completed
2025-12-21 19:59:46 - image_processor - DEBUG - [async_pipeline.py:187] - Saving image 3 (Exotic Shorthair)
2025-12-21 19:59:46 - image_processor - DEBUG - [async_pipeline.py:187] - Saving image 4 (Japanese Bobtail)
2025-12-21 19:59:46 - image_processor - DEBUG - [async_pipeline.py:203] - Image 3 saved (3 files)
2025-12-21 19:59:46 - image_processor - DEBUG - [async_pipeline.py:203] - Image 4 saved (3 files)
2025-12-21 19:59:46 - image_processor - INFO - [async_pipeline.py:70] - Processing chunk 3/5: images 5 to 6
2025-12-21 19:59:46 - image_processor - INFO - [async_image_processor.py:144] - Starting parallel download of 2 images
2025-12-21 19:59:46 - image_processor - DEBUG - [async_image_processor.py:113] - Downloading image 5 (breed: Korat)
2025-12-21 19:59:46 - image_processor - DEBUG - [async_image_processor.py:113] - Downloading image 6 (breed: Munchkin)
2025-12-21 19:59:48 - image_processor - DEBUG - [async_image_processor.py:131] - Image 5 downloaded successfully (shape: (1350, 1080, 3))
2025-12-21 19:59:48 - image_processor - DEBUG - [async_image_processor.py:131] - Image 6 downloaded successfully (shape: (650, 1250, 3))
2025-12-21 19:59:48 - image_processor - INFO - [async_image_processor.py:155] - Parallel download completed: 2/2 successful
2025-12-21 19:59:48 - image_processor - DEBUG - [async_image_processor.py:163] - Creating image objects from 2 metadata entries
2025-12-21 19:59:48 - image_processor - DEBUG - [image_processing.py:24] - ImageProcessing instance created
2025-12-21 19:59:48 - image_processor - DEBUG - [abstract_image.py:35] - CatImage created: breed=Korat, shape=(1350, 1080, 3), url=https://cdn2.thecatapi.com/images/xPuWATvp9.jpg...
2025-12-21 19:59:48 - image_processor - DEBUG - [async_image_processor.py:184] - Image object created for index 5 (breed: Korat)
2025-12-21 19:59:48 - image_processor - DEBUG - [image_processing.py:24] - ImageProcessing instance created
2025-12-21 19:59:48 - image_processor - DEBUG - [abstract_image.py:35] - CatImage created: breed=Munchkin, shape=(650, 1250, 3), url=https://cdn2.thecatapi.com/images/B1dwPGuL0.jpg...
2025-12-21 19:59:48 - image_processor - DEBUG - [async_image_processor.py:184] - Image object created for index 6 (breed: Munchkin)
2025-12-21 19:59:48 - image_processor - INFO - [async_image_processor.py:186] - Created 2 image objects
2025-12-21 19:59:48 - image_processor - DEBUG - [async_pipeline.py:76] - Chunk 3: 2 images ready for processing
2025-12-21 19:59:48 - image_processor - DEBUG - [async_pipeline.py:95] - Processing chunk of 2 images
2025-12-21 19:59:48 - image_processor - INFO - [parallel_convolution.py:127] - Starting parallel custom edge detection for 2 images
2025-12-21 19:59:48 - image_processor - INFO - [parallel_convolution.py:144] - Starting parallel library edge detection for 2 images
2025-12-21 19:59:48 - image_processor - DEBUG - [parallel_convolution.py:48] - Library edge detection worker started for image 5 (PID 17304, breed: Korat)
2025-12-21 19:59:48 - image_processor - DEBUG - [image_processing.py:24] - ImageProcessing instance created
2025-12-21 19:59:48 - image_processor - DEBUG - [image_processing.py:120] - Edge detection (Canny) started
2025-12-21 19:59:48 - image_processor - DEBUG - [image_processing.py:46] - RGB to grayscale conversion started. Image shape: (1350, 1080, 3)
2025-12-21 19:59:48 - image_processor - DEBUG - [parallel_convolution.py:48] - Library edge detection worker started for image 6 (PID 24048, breed: Munchkin)
2025-12-21 19:59:48 - image_processor - DEBUG - [image_processing.py:24] - ImageProcessing instance created
2025-12-21 19:59:48 - image_processor - DEBUG - [image_processing.py:120] - Edge detection (Canny) started
2025-12-21 19:59:48 - image_processor - DEBUG - [image_processing.py:46] - RGB to grayscale conversion started. Image shape: (650, 1250, 3)
2025-12-21 19:59:48 - image_processor - DEBUG - [parallel_convolution.py:28] - Convolution worker started for image 5 (PID 25988, breed: Korat)
2025-12-21 19:59:48 - image_processor - DEBUG - [image_processing.py:24] - ImageProcessing instance created
2025-12-21 19:59:48 - image_processor - DEBUG - [image_processing.py:120] - Edge detection (Canny) started
2025-12-21 19:59:48 - image_processor - DEBUG - [image_processing.py:46] - RGB to grayscale conversion started. Image shape: (1350, 1080, 3)
2025-12-21 19:59:48 - image_processor - DEBUG - [parallel_convolution.py:28] - Convolution worker started for image 6 (PID 21720, breed: Munchkin)
2025-12-21 19:59:48 - image_processor - DEBUG - [image_processing.py:24] - ImageProcessing instance created
2025-12-21 19:59:48 - image_processor - DEBUG - [image_processing.py:120] - Edge detection (Canny) started
2025-12-21 19:59:48 - image_processor - DEBUG - [image_processing.py:46] - RGB to grayscale conversion started. Image shape: (650, 1250, 3)
2025-12-21 19:59:48 - image_processor - DEBUG - [image_processing.py:53] - RGB to grayscale conversion completed. Result shape: (1350, 1080)
2025-12-21 19:59:48 - image_processor - DEBUG - [image_processing.py:30] - Convolution started. Image shape: (1350, 1080), kernel shape: (3, 3)
2025-12-21 19:59:48 - image_processor - DEBUG - [image_processing.py:53] - RGB to grayscale conversion completed. Result shape: (650, 1250)
2025-12-21 19:59:48 - image_processor - DEBUG - [image_processing.py:30] - Convolution started. Image shape: (650, 1250), kernel shape: (3, 3)
2025-12-21 19:59:48 - image_processor - DEBUG - [image_processing.py:53] - RGB to grayscale conversion completed. Result shape: (650, 1250)
2025-12-21 19:59:48 - image_processor - DEBUG - [image_processing.py:30] - Convolution started. Image shape: (650, 1250), kernel shape: (3, 3)
2025-12-21 19:59:48 - image_processor - DEBUG - [image_processing.py:36] - Convolution completed in 0.0098 seconds
2025-12-21 19:59:48 - image_processor - DEBUG - [image_processing.py:53] - RGB to grayscale conversion completed. Result shape: (1350, 1080)
2025-12-21 19:59:48 - image_processor - DEBUG - [image_processing.py:30] - Convolution started. Image shape: (1350, 1080), kernel shape: (3, 3)
2025-12-21 19:59:48 - image_processor - DEBUG - [image_processing.py:36] - Convolution completed in 0.0059 seconds
2025-12-21 19:59:48 - image_processor - DEBUG - [image_processing.py:30] - Convolution started. Image shape: (650, 1250), kernel shape: (3, 3)
2025-12-21 19:59:48 - image_processor - DEBUG - [image_processing.py:36] - Convolution completed in 0.0058 seconds
2025-12-21 19:59:48 - image_processor - DEBUG - [image_processing.py:30] - Convolution started. Image shape: (650, 1250), kernel shape: (3, 3)
2025-12-21 19:59:48 - image_processor - DEBUG - [image_processing.py:36] - Convolution completed in 0.0054 seconds
2025-12-21 19:59:48 - image_processor - DEBUG - [image_processing.py:36] - Convolution completed in 0.0055 seconds
2025-12-21 19:59:48 - image_processor - DEBUG - [image_processing.py:36] - Convolution completed in 0.0101 seconds
2025-12-21 19:59:48 - image_processor - DEBUG - [image_processing.py:36] - Convolution completed in 0.0101 seconds
2025-12-21 19:59:48 - image_processor - DEBUG - [image_processing.py:30] - Convolution started. Image shape: (1350, 1080), kernel shape: (3, 3)
2025-12-21 19:59:48 - image_processor - DEBUG - [image_processing.py:36] - Convolution completed in 0.0103 seconds
2025-12-21 19:59:48 - image_processor - DEBUG - [image_processing.py:91] - Non-maximum suppression started
2025-12-21 19:59:48 - image_processor - DEBUG - [image_processing.py:91] - Non-maximum suppression started
2025-12-21 19:59:48 - image_processor - DEBUG - [image_processing.py:91] - Non-maximum suppression started
2025-12-21 19:59:48 - image_processor - DEBUG - [image_processing.py:91] - Non-maximum suppression started
2025-12-21 19:59:49 - image_processor - DEBUG - [image_processing.py:113] - Non-maximum suppression completed
2025-12-21 19:59:49 - image_processor - DEBUG - [image_processing.py:139] - Edge detection completed in 0.7768 seconds
2025-12-21 19:59:49 - image_processor - DEBUG - [parallel_convolution.py:33] - Convolution worker finished for image 6 (PID 21720)
2025-12-21 19:59:49 - image_processor - DEBUG - [image_processing.py:113] - Non-maximum suppression completed
2025-12-21 19:59:49 - image_processor - DEBUG - [image_processing.py:139] - Edge detection completed in 0.7866 seconds
2025-12-21 19:59:49 - image_processor - DEBUG - [parallel_convolution.py:53] - Library edge detection worker finished for image 6 (PID 24048)
2025-12-21 19:59:50 - image_processor - DEBUG - [image_processing.py:113] - Non-maximum suppression completed
2025-12-21 19:59:50 - image_processor - DEBUG - [image_processing.py:139] - Edge detection completed in 1.3547 seconds
2025-12-21 19:59:50 - image_processor - DEBUG - [parallel_convolution.py:53] - Library edge detection worker finished for image 5 (PID 17304)
2025-12-21 19:59:50 - image_processor - DEBUG - [image_processing.py:113] - Non-maximum suppression completed
2025-12-21 19:59:50 - image_processor - DEBUG - [image_processing.py:139] - Edge detection completed in 1.3499 seconds
2025-12-21 19:59:50 - image_processor - DEBUG - [parallel_convolution.py:33] - Convolution worker finished for image 5 (PID 25988)
2025-12-21 19:59:50 - image_processor - INFO - [parallel_convolution.py:154] - Parallel library edge detection completed for 2 images
2025-12-21 19:59:50 - image_processor - INFO - [parallel_convolution.py:137] - Parallel custom edge detection completed for 2 images
2025-12-21 19:59:50 - image_processor - DEBUG - [async_pipeline.py:113] - Edge detection completed
2025-12-21 19:59:50 - image_processor - INFO - [parallel_convolution.py:166] - Starting parallel arithmetic operations for 2 images
2025-12-21 19:59:50 - image_processor - DEBUG - [parallel_convolution.py:70] - Arithmetic operations worker started for image 6 (PID 6332, breed: Munchkin)
2025-12-21 19:59:50 - image_processor - DEBUG - [abstract_image.py:141] - Addition operation started
2025-12-21 19:59:50 - image_processor - DEBUG - [abstract_image.py:129] - Converting grayscale to RGB (3 channels)
2025-12-21 19:59:50 - image_processor - DEBUG - [parallel_convolution.py:70] - Arithmetic operations worker started for image 5 (PID 24580, breed: Korat)
2025-12-21 19:59:50 - image_processor - DEBUG - [abstract_image.py:141] - Addition operation started
2025-12-21 19:59:50 - image_processor - DEBUG - [abstract_image.py:129] - Converting grayscale to RGB (3 channels)
2025-12-21 19:59:50 - image_processor - DEBUG - [abstract_image.py:166] - Addition operation completed. Result shape: (650, 1250, 3)
2025-12-21 19:59:50 - image_processor - DEBUG - [image_processing.py:24] - ImageProcessing instance created
2025-12-21 19:59:50 - image_processor - DEBUG - [abstract_image.py:35] - CatImage created: breed=Munchkin+processed, shape=(650, 1250, 3), url=combined_Munchkin...
2025-12-21 19:59:50 - image_processor - DEBUG - [abstract_image.py:173] - Subtraction operation started
2025-12-21 19:59:50 - image_processor - DEBUG - [abstract_image.py:129] - Converting grayscale to RGB (3 channels)
2025-12-21 19:59:50 - image_processor - DEBUG - [abstract_image.py:166] - Addition operation completed. Result shape: (1350, 1080, 3)
2025-12-21 19:59:50 - image_processor - DEBUG - [image_processing.py:24] - ImageProcessing instance created
2025-12-21 19:59:50 - image_processor - DEBUG - [abstract_image.py:35] - CatImage created: breed=Korat+processed, shape=(1350, 1080, 3), url=combined_Korat...
2025-12-21 19:59:50 - image_processor - DEBUG - [abstract_image.py:173] - Subtraction operation started
2025-12-21 19:59:50 - image_processor - DEBUG - [abstract_image.py:129] - Converting grayscale to RGB (3 channels)
2025-12-21 19:59:50 - image_processor - DEBUG - [abstract_image.py:198] - Subtraction operation completed. Result shape: (650, 1250, 3)
2025-12-21 19:59:50 - image_processor - DEBUG - [image_processing.py:24] - ImageProcessing instance created
2025-12-21 19:59:50 - image_processor - DEBUG - [abstract_image.py:35] - CatImage created: breed=Munchkin-processed, shape=(650, 1250, 3), url=subtracted_Munchkin...
2025-12-21 19:59:50 - image_processor - DEBUG - [abstract_image.py:141] - Addition operation started
2025-12-21 19:59:50 - image_processor - DEBUG - [abstract_image.py:129] - Converting grayscale to RGB (3 channels)
2025-12-21 19:59:50 - image_processor - DEBUG - [abstract_image.py:166] - Addition operation completed. Result shape: (650, 1250, 3)
2025-12-21 19:59:50 - image_processor - DEBUG - [image_processing.py:24] - ImageProcessing instance created
2025-12-21 19:59:50 - image_processor - DEBUG - [abstract_image.py:35] - CatImage created: breed=Munchkin+processed, shape=(650, 1250, 3), url=combined_Munchkin...
2025-12-21 19:59:50 - image_processor - DEBUG - [abstract_image.py:173] - Subtraction operation started
2025-12-21 19:59:50 - image_processor - DEBUG - [abstract_image.py:129] - Converting grayscale to RGB (3 channels)
2025-12-21 19:59:50 - image_processor - DEBUG - [abstract_image.py:198] - Subtraction operation completed. Result shape: (1350, 1080, 3)
2025-12-21 19:59:50 - image_processor - DEBUG - [image_processing.py:24] - ImageProcessing instance created
2025-12-21 19:59:50 - image_processor - DEBUG - [abstract_image.py:35] - CatImage created: breed=Korat-processed, shape=(1350, 1080, 3), url=subtracted_Korat...
2025-12-21 19:59:50 - image_processor - DEBUG - [abstract_image.py:141] - Addition operation started
2025-12-21 19:59:50 - image_processor - DEBUG - [abstract_image.py:129] - Converting grayscale to RGB (3 channels)
2025-12-21 19:59:50 - image_processor - DEBUG - [abstract_image.py:198] - Subtraction operation completed. Result shape: (650, 1250, 3)
2025-12-21 19:59:50 - image_processor - DEBUG - [image_processing.py:24] - ImageProcessing instance created
2025-12-21 19:59:50 - image_processor - DEBUG - [abstract_image.py:35] - CatImage created: breed=Munchkin-processed, shape=(650, 1250, 3), url=subtracted_Munchkin...
2025-12-21 19:59:50 - image_processor - DEBUG - [parallel_convolution.py:85] - Arithmetic operations worker finished for image 6 (PID 6332)
2025-12-21 19:59:50 - image_processor - DEBUG - [abstract_image.py:166] - Addition operation completed. Result shape: (1350, 1080, 3)
2025-12-21 19:59:50 - image_processor - DEBUG - [image_processing.py:24] - ImageProcessing instance created
2025-12-21 19:59:50 - image_processor - DEBUG - [abstract_image.py:35] - CatImage created: breed=Korat+processed, shape=(1350, 1080, 3), url=combined_Korat...
2025-12-21 19:59:50 - image_processor - DEBUG - [abstract_image.py:173] - Subtraction operation started
2025-12-21 19:59:50 - image_processor - DEBUG - [abstract_image.py:129] - Converting grayscale to RGB (3 channels)
2025-12-21 19:59:50 - image_processor - DEBUG - [abstract_image.py:198] - Subtraction operation completed. Result shape: (1350, 1080, 3)
2025-12-21 19:59:50 - image_processor - DEBUG - [image_processing.py:24] - ImageProcessing instance created
2025-12-21 19:59:50 - image_processor - DEBUG - [abstract_image.py:35] - CatImage created: breed=Korat-processed, shape=(1350, 1080, 3), url=subtracted_Korat...
2025-12-21 19:59:50 - image_processor - DEBUG - [parallel_convolution.py:85] - Arithmetic operations worker finished for image 5 (PID 24580)
2025-12-21 19:59:51 - image_processor - INFO - [parallel_convolution.py:193] - Parallel arithmetic operations completed for 2 images
2025-12-21 19:59:51 - image_processor - DEBUG - [async_pipeline.py:124] - Arithmetic operations completed
2025-12-21 19:59:51 - image_processor - DEBUG - [async_pipeline.py:152] - Chunk processed: 2 images with all operations completed
2025-12-21 19:59:51 - image_processor - DEBUG - [async_pipeline.py:187] - Saving image 5 (Korat)
2025-12-21 19:59:51 - image_processor - DEBUG - [async_pipeline.py:187] - Saving image 6 (Munchkin)
2025-12-21 19:59:51 - image_processor - DEBUG - [async_pipeline.py:203] - Image 5 saved (3 files)
2025-12-21 19:59:51 - image_processor - DEBUG - [async_pipeline.py:203] - Image 6 saved (3 files)
2025-12-21 19:59:51 - image_processor - INFO - [async_pipeline.py:70] - Processing chunk 4/5: images 7 to 8
2025-12-21 19:59:51 - image_processor - INFO - [async_image_processor.py:144] - Starting parallel download of 2 images
2025-12-21 19:59:51 - image_processor - DEBUG - [async_image_processor.py:113] - Downloading image 7 (breed: Oriental)
2025-12-21 19:59:51 - image_processor - DEBUG - [async_image_processor.py:113] - Downloading image 8 (breed: Ragdoll)
2025-12-21 19:59:52 - image_processor - DEBUG - [async_image_processor.py:131] - Image 7 downloaded successfully (shape: (1280, 1168, 3))
2025-12-21 19:59:52 - image_processor - DEBUG - [async_image_processor.py:131] - Image 8 downloaded successfully (shape: (1592, 1800, 3))
2025-12-21 19:59:52 - image_processor - INFO - [async_image_processor.py:155] - Parallel download completed: 2/2 successful
2025-12-21 19:59:52 - image_processor - DEBUG - [async_image_processor.py:163] - Creating image objects from 2 metadata entries
2025-12-21 19:59:52 - image_processor - DEBUG - [image_processing.py:24] - ImageProcessing instance created
2025-12-21 19:59:52 - image_processor - DEBUG - [abstract_image.py:35] - CatImage created: breed=Oriental, shape=(1280, 1168, 3), url=https://cdn2.thecatapi.com/images/rWWY0_rWU.jpg...
2025-12-21 19:59:52 - image_processor - DEBUG - [async_image_processor.py:184] - Image object created for index 7 (breed: Oriental)
2025-12-21 19:59:52 - image_processor - DEBUG - [image_processing.py:24] - ImageProcessing instance created
2025-12-21 19:59:52 - image_processor - DEBUG - [abstract_image.py:35] - CatImage created: breed=Ragdoll, shape=(1592, 1800, 3), url=https://cdn2.thecatapi.com/images/eF3HSMIB_.jpg...
2025-12-21 19:59:52 - image_processor - DEBUG - [async_image_processor.py:184] - Image object created for index 8 (breed: Ragdoll)
2025-12-21 19:59:52 - image_processor - INFO - [async_image_processor.py:186] - Created 2 image objects
2025-12-21 19:59:52 - image_processor - DEBUG - [async_pipeline.py:76] - Chunk 4: 2 images ready for processing
2025-12-21 19:59:52 - image_processor - DEBUG - [async_pipeline.py:95] - Processing chunk of 2 images
2025-12-21 19:59:52 - image_processor - INFO - [parallel_convolution.py:127] - Starting parallel custom edge detection for 2 images
2025-12-21 19:59:52 - image_processor - INFO - [parallel_convolution.py:144] - Starting parallel library edge detection for 2 images
2025-12-21 19:59:53 - image_processor - DEBUG - [parallel_convolution.py:48] - Library edge detection worker started for image 8 (PID 25024, breed: Ragdoll)
2025-12-21 19:59:53 - image_processor - DEBUG - [image_processing.py:24] - ImageProcessing instance created
2025-12-21 19:59:53 - image_processor - DEBUG - [image_processing.py:120] - Edge detection (Canny) started
2025-12-21 19:59:53 - image_processor - DEBUG - [image_processing.py:46] - RGB to grayscale conversion started. Image shape: (1592, 1800, 3)
2025-12-21 19:59:53 - image_processor - DEBUG - [parallel_convolution.py:48] - Library edge detection worker started for image 7 (PID 25676, breed: Oriental)
2025-12-21 19:59:53 - image_processor - DEBUG - [image_processing.py:24] - ImageProcessing instance created
2025-12-21 19:59:53 - image_processor - DEBUG - [image_processing.py:120] - Edge detection (Canny) started
2025-12-21 19:59:53 - image_processor - DEBUG - [image_processing.py:46] - RGB to grayscale conversion started. Image shape: (1280, 1168, 3)
2025-12-21 19:59:53 - image_processor - DEBUG - [parallel_convolution.py:28] - Convolution worker started for image 8 (PID 12680, breed: Ragdoll)
2025-12-21 19:59:53 - image_processor - DEBUG - [image_processing.py:24] - ImageProcessing instance created
2025-12-21 19:59:53 - image_processor - DEBUG - [image_processing.py:120] - Edge detection (Canny) started
2025-12-21 19:59:53 - image_processor - DEBUG - [image_processing.py:46] - RGB to grayscale conversion started. Image shape: (1592, 1800, 3)
2025-12-21 19:59:53 - image_processor - DEBUG - [parallel_convolution.py:28] - Convolution worker started for image 7 (PID 8824, breed: Oriental)
2025-12-21 19:59:53 - image_processor - DEBUG - [image_processing.py:24] - ImageProcessing instance created
2025-12-21 19:59:53 - image_processor - DEBUG - [image_processing.py:120] - Edge detection (Canny) started
2025-12-21 19:59:53 - image_processor - DEBUG - [image_processing.py:46] - RGB to grayscale conversion started. Image shape: (1280, 1168, 3)
2025-12-21 19:59:53 - image_processor - DEBUG - [image_processing.py:53] - RGB to grayscale conversion completed. Result shape: (1280, 1168)
2025-12-21 19:59:53 - image_processor - DEBUG - [image_processing.py:30] - Convolution started. Image shape: (1280, 1168), kernel shape: (3, 3)
2025-12-21 19:59:53 - image_processor - DEBUG - [image_processing.py:53] - RGB to grayscale conversion completed. Result shape: (1280, 1168)
2025-12-21 19:59:53 - image_processor - DEBUG - [image_processing.py:30] - Convolution started. Image shape: (1280, 1168), kernel shape: (3, 3)
2025-12-21 19:59:53 - image_processor - DEBUG - [image_processing.py:36] - Convolution completed in 0.0100 seconds
2025-12-21 19:59:53 - image_processor - DEBUG - [image_processing.py:30] - Convolution started. Image shape: (1280, 1168), kernel shape: (3, 3)
2025-12-21 19:59:53 - image_processor - DEBUG - [image_processing.py:36] - Convolution completed in 0.0100 seconds
2025-12-21 19:59:53 - image_processor - DEBUG - [image_processing.py:36] - Convolution completed in 0.0199 seconds
2025-12-21 19:59:53 - image_processor - DEBUG - [image_processing.py:53] - RGB to grayscale conversion completed. Result shape: (1592, 1800)
2025-12-21 19:59:53 - image_processor - DEBUG - [image_processing.py:30] - Convolution started. Image shape: (1280, 1168), kernel shape: (3, 3)
2025-12-21 19:59:53 - image_processor - DEBUG - [image_processing.py:30] - Convolution started. Image shape: (1592, 1800), kernel shape: (3, 3)
2025-12-21 19:59:53 - image_processor - DEBUG - [image_processing.py:53] - RGB to grayscale conversion completed. Result shape: (1592, 1800)
2025-12-21 19:59:53 - image_processor - DEBUG - [image_processing.py:30] - Convolution started. Image shape: (1592, 1800), kernel shape: (3, 3)
2025-12-21 19:59:53 - image_processor - DEBUG - [image_processing.py:91] - Non-maximum suppression started
2025-12-21 19:59:53 - image_processor - DEBUG - [image_processing.py:36] - Convolution completed in 0.0248 seconds
2025-12-21 19:59:53 - image_processor - DEBUG - [image_processing.py:36] - Convolution completed in 0.0277 seconds
2025-12-21 19:59:53 - image_processor - DEBUG - [image_processing.py:30] - Convolution started. Image shape: (1592, 1800), kernel shape: (3, 3)
2025-12-21 19:59:53 - image_processor - DEBUG - [image_processing.py:36] - Convolution completed in 0.0244 seconds
2025-12-21 19:59:53 - image_processor - DEBUG - [image_processing.py:30] - Convolution started. Image shape: (1592, 1800), kernel shape: (3, 3)
2025-12-21 19:59:53 - image_processor - DEBUG - [image_processing.py:36] - Convolution completed in 0.0200 seconds
2025-12-21 19:59:53 - image_processor - DEBUG - [image_processing.py:91] - Non-maximum suppression started
2025-12-21 19:59:53 - image_processor - DEBUG - [image_processing.py:36] - Convolution completed in 0.0328 seconds
2025-12-21 19:59:53 - image_processor - DEBUG - [image_processing.py:91] - Non-maximum suppression started
2025-12-21 19:59:53 - image_processor - DEBUG - [image_processing.py:91] - Non-maximum suppression started
2025-12-21 19:59:54 - image_processor - DEBUG - [image_processing.py:113] - Non-maximum suppression completed
2025-12-21 19:59:54 - image_processor - DEBUG - [image_processing.py:139] - Edge detection completed in 1.4243 seconds
2025-12-21 19:59:54 - image_processor - DEBUG - [parallel_convolution.py:53] - Library edge detection worker finished for image 7 (PID 25676)
2025-12-21 19:59:55 - image_processor - DEBUG - [image_processing.py:113] - Non-maximum suppression completed
2025-12-21 19:59:55 - image_processor - DEBUG - [image_processing.py:139] - Edge detection completed in 1.5312 seconds
2025-12-21 19:59:55 - image_processor - DEBUG - [parallel_convolution.py:33] - Convolution worker finished for image 7 (PID 8824)
2025-12-21 19:59:56 - image_processor - DEBUG - [image_processing.py:113] - Non-maximum suppression completed
2025-12-21 19:59:56 - image_processor - DEBUG - [image_processing.py:139] - Edge detection completed in 2.7403 seconds
2025-12-21 19:59:56 - image_processor - DEBUG - [parallel_convolution.py:53] - Library edge detection worker finished for image 8 (PID 25024)
2025-12-21 19:59:56 - image_processor - INFO - [parallel_convolution.py:154] - Parallel library edge detection completed for 2 images
2025-12-21 19:59:56 - image_processor - DEBUG - [image_processing.py:113] - Non-maximum suppression completed
2025-12-21 19:59:56 - image_processor - DEBUG - [image_processing.py:139] - Edge detection completed in 2.8026 seconds
2025-12-21 19:59:56 - image_processor - DEBUG - [parallel_convolution.py:33] - Convolution worker finished for image 8 (PID 12680)
2025-12-21 19:59:56 - image_processor - INFO - [parallel_convolution.py:137] - Parallel custom edge detection completed for 2 images
2025-12-21 19:59:56 - image_processor - DEBUG - [async_pipeline.py:113] - Edge detection completed
2025-12-21 19:59:56 - image_processor - INFO - [parallel_convolution.py:166] - Starting parallel arithmetic operations for 2 images
2025-12-21 19:59:56 - image_processor - DEBUG - [parallel_convolution.py:70] - Arithmetic operations worker started for image 7 (PID 13412, breed: Oriental)
2025-12-21 19:59:56 - image_processor - DEBUG - [abstract_image.py:141] - Addition operation started
2025-12-21 19:59:56 - image_processor - DEBUG - [abstract_image.py:129] - Converting grayscale to RGB (3 channels)
2025-12-21 19:59:56 - image_processor - DEBUG - [parallel_convolution.py:70] - Arithmetic operations worker started for image 8 (PID 12692, breed: Ragdoll)
2025-12-21 19:59:56 - image_processor - DEBUG - [abstract_image.py:141] - Addition operation started
2025-12-21 19:59:56 - image_processor - DEBUG - [abstract_image.py:129] - Converting grayscale to RGB (3 channels)
2025-12-21 19:59:56 - image_processor - DEBUG - [abstract_image.py:166] - Addition operation completed. Result shape: (1280, 1168, 3)
2025-12-21 19:59:56 - image_processor - DEBUG - [image_processing.py:24] - ImageProcessing instance created
2025-12-21 19:59:56 - image_processor - DEBUG - [abstract_image.py:35] - CatImage created: breed=Oriental+processed, shape=(1280, 1168, 3), url=combined_Oriental...
2025-12-21 19:59:56 - image_processor - DEBUG - [abstract_image.py:173] - Subtraction operation started
2025-12-21 19:59:56 - image_processor - DEBUG - [abstract_image.py:129] - Converting grayscale to RGB (3 channels)
2025-12-21 19:59:57 - image_processor - DEBUG - [abstract_image.py:198] - Subtraction operation completed. Result shape: (1280, 1168, 3)
2025-12-21 19:59:57 - image_processor - DEBUG - [image_processing.py:24] - ImageProcessing instance created
2025-12-21 19:59:57 - image_processor - DEBUG - [abstract_image.py:35] - CatImage created: breed=Oriental-processed, shape=(1280, 1168, 3), url=subtracted_Oriental...
2025-12-21 19:59:57 - image_processor - DEBUG - [abstract_image.py:141] - Addition operation started
2025-12-21 19:59:57 - image_processor - DEBUG - [abstract_image.py:129] - Converting grayscale to RGB (3 channels)
2025-12-21 19:59:57 - image_processor - DEBUG - [abstract_image.py:166] - Addition operation completed. Result shape: (1592, 1800, 3)
2025-12-21 19:59:57 - image_processor - DEBUG - [image_processing.py:24] - ImageProcessing instance created
2025-12-21 19:59:57 - image_processor - DEBUG - [abstract_image.py:35] - CatImage created: breed=Ragdoll+processed, shape=(1592, 1800, 3), url=combined_Ragdoll...
2025-12-21 19:59:57 - image_processor - DEBUG - [abstract_image.py:173] - Subtraction operation started
2025-12-21 19:59:57 - image_processor - DEBUG - [abstract_image.py:129] - Converting grayscale to RGB (3 channels)
2025-12-21 19:59:57 - image_processor - DEBUG - [abstract_image.py:166] - Addition operation completed. Result shape: (1280, 1168, 3)
2025-12-21 19:59:57 - image_processor - DEBUG - [image_processing.py:24] - ImageProcessing instance created
2025-12-21 19:59:57 - image_processor - DEBUG - [abstract_image.py:35] - CatImage created: breed=Oriental+processed, shape=(1280, 1168, 3), url=combined_Oriental...
2025-12-21 19:59:57 - image_processor - DEBUG - [abstract_image.py:173] - Subtraction operation started
2025-12-21 19:59:57 - image_processor - DEBUG - [abstract_image.py:129] - Converting grayscale to RGB (3 channels)
2025-12-21 19:59:57 - image_processor - DEBUG - [abstract_image.py:198] - Subtraction operation completed. Result shape: (1280, 1168, 3)
2025-12-21 19:59:57 - image_processor - DEBUG - [image_processing.py:24] - ImageProcessing instance created
2025-12-21 19:59:57 - image_processor - DEBUG - [abstract_image.py:35] - CatImage created: breed=Oriental-processed, shape=(1280, 1168, 3), url=subtracted_Oriental...
2025-12-21 19:59:57 - image_processor - DEBUG - [parallel_convolution.py:85] - Arithmetic operations worker finished for image 7 (PID 13412)
2025-12-21 19:59:57 - image_processor - DEBUG - [abstract_image.py:198] - Subtraction operation completed. Result shape: (1592, 1800, 3)
2025-12-21 19:59:57 - image_processor - DEBUG - [image_processing.py:24] - ImageProcessing instance created
2025-12-21 19:59:57 - image_processor - DEBUG - [abstract_image.py:35] - CatImage created: breed=Ragdoll-processed, shape=(1592, 1800, 3), url=subtracted_Ragdoll...
2025-12-21 19:59:57 - image_processor - DEBUG - [abstract_image.py:141] - Addition operation started
2025-12-21 19:59:57 - image_processor - DEBUG - [abstract_image.py:129] - Converting grayscale to RGB (3 channels)
2025-12-21 19:59:57 - image_processor - DEBUG - [abstract_image.py:166] - Addition operation completed. Result shape: (1592, 1800, 3)
2025-12-21 19:59:57 - image_processor - DEBUG - [image_processing.py:24] - ImageProcessing instance created
2025-12-21 19:59:57 - image_processor - DEBUG - [abstract_image.py:35] - CatImage created: breed=Ragdoll+processed, shape=(1592, 1800, 3), url=combined_Ragdoll...
2025-12-21 19:59:57 - image_processor - DEBUG - [abstract_image.py:173] - Subtraction operation started
2025-12-21 19:59:57 - image_processor - DEBUG - [abstract_image.py:129] - Converting grayscale to RGB (3 channels)
2025-12-21 19:59:57 - image_processor - DEBUG - [abstract_image.py:198] - Subtraction operation completed. Result shape: (1592, 1800, 3)
2025-12-21 19:59:57 - image_processor - DEBUG - [image_processing.py:24] - ImageProcessing instance created
2025-12-21 19:59:57 - image_processor - DEBUG - [abstract_image.py:35] - CatImage created: breed=Ragdoll-processed, shape=(1592, 1800, 3), url=subtracted_Ragdoll...
2025-12-21 19:59:57 - image_processor - DEBUG - [parallel_convolution.py:85] - Arithmetic operations worker finished for image 8 (PID 12692)
2025-12-21 19:59:57 - image_processor - INFO - [parallel_convolution.py:193] - Parallel arithmetic operations completed for 2 images
2025-12-21 19:59:57 - image_processor - DEBUG - [async_pipeline.py:124] - Arithmetic operations completed
2025-12-21 19:59:57 - image_processor - DEBUG - [async_pipeline.py:152] - Chunk processed: 2 images with all operations completed
2025-12-21 19:59:57 - image_processor - DEBUG - [async_pipeline.py:187] - Saving image 7 (Oriental)
2025-12-21 19:59:57 - image_processor - DEBUG - [async_pipeline.py:187] - Saving image 8 (Ragdoll)
2025-12-21 19:59:57 - image_processor - DEBUG - [async_pipeline.py:203] - Image 7 saved (3 files)
2025-12-21 19:59:57 - image_processor - DEBUG - [async_pipeline.py:203] - Image 8 saved (3 files)
2025-12-21 19:59:57 - image_processor - INFO - [async_pipeline.py:70] - Processing chunk 5/5: images 9 to 10
2025-12-21 19:59:57 - image_processor - INFO - [async_image_processor.py:144] - Starting parallel download of 2 images
2025-12-21 19:59:57 - image_processor - DEBUG - [async_image_processor.py:113] - Downloading image 9 (breed: Singapura)
2025-12-21 19:59:57 - image_processor - DEBUG - [async_image_processor.py:113] - Downloading image 10 (breed: Tonkinese)
2025-12-21 19:59:58 - image_processor - DEBUG - [async_image_processor.py:131] - Image 9 downloaded successfully (shape: (1080, 1080, 3))
2025-12-21 19:59:59 - image_processor - DEBUG - [async_image_processor.py:131] - Image 10 downloaded successfully (shape: (1080, 1080, 3))
2025-12-21 19:59:59 - image_processor - INFO - [async_image_processor.py:155] - Parallel download completed: 2/2 successful
2025-12-21 19:59:59 - image_processor - DEBUG - [async_image_processor.py:163] - Creating image objects from 2 metadata entries
2025-12-21 19:59:59 - image_processor - DEBUG - [image_processing.py:24] - ImageProcessing instance created
2025-12-21 19:59:59 - image_processor - DEBUG - [abstract_image.py:35] - CatImage created: breed=Singapura, shape=(1080, 1080, 3), url=https://cdn2.thecatapi.com/images/_PH33O5FA.jpg...
2025-12-21 19:59:59 - image_processor - DEBUG - [async_image_processor.py:184] - Image object created for index 9 (breed: Singapura)
2025-12-21 19:59:59 - image_processor - DEBUG - [image_processing.py:24] - ImageProcessing instance created
2025-12-21 19:59:59 - image_processor - DEBUG - [abstract_image.py:35] - CatImage created: breed=Tonkinese, shape=(1080, 1080, 3), url=https://cdn2.thecatapi.com/images/q95bpC4ct.jpg...
2025-12-21 19:59:59 - image_processor - DEBUG - [async_image_processor.py:184] - Image object created for index 10 (breed: Tonkinese)
2025-12-21 19:59:59 - image_processor - INFO - [async_image_processor.py:186] - Created 2 image objects
2025-12-21 19:59:59 - image_processor - DEBUG - [async_pipeline.py:76] - Chunk 5: 2 images ready for processing
2025-12-21 19:59:59 - image_processor - DEBUG - [async_pipeline.py:95] - Processing chunk of 2 images
2025-12-21 19:59:59 - image_processor - INFO - [parallel_convolution.py:127] - Starting parallel custom edge detection for 2 images
2025-12-21 19:59:59 - image_processor - INFO - [parallel_convolution.py:144] - Starting parallel library edge detection for 2 images
2025-12-21 19:59:59 - image_processor - DEBUG - [parallel_convolution.py:28] - Convolution worker started for image 10 (PID 24684, breed: Tonkinese)
2025-12-21 19:59:59 - image_processor - DEBUG - [parallel_convolution.py:48] - Library edge detection worker started for image 10 (PID 25084, breed: Tonkinese)
2025-12-21 19:59:59 - image_processor - DEBUG - [image_processing.py:24] - ImageProcessing instance created
2025-12-21 19:59:59 - image_processor - DEBUG - [image_processing.py:120] - Edge detection (Canny) started

2025-12-21 19:59:59 - image_processor - DEBUG - [image_processing.py:120] - Edge detection (Canny) started
2025-12-21 19:59:59 - image_processor - DEBUG - [parallel_convolution.py:48] - Library edge detection worker started for image 9 (PID 8856, breed: Singapura)
2025-12-21 19:59:59 - image_processor - DEBUG - [image_processing.py:46] - RGB to grayscale conversion started. Image shape: (1080, 1080, 3)
2025-12-21 19:59:59 - image_processor - DEBUG - [image_processing.py:46] - RGB to grayscale conversion started. Image shape: (1080, 1080, 3)
2025-12-21 19:59:59 - image_processor - DEBUG - [image_processing.py:24] - ImageProcessing instance created
2025-12-21 19:59:59 - image_processor - DEBUG - [parallel_convolution.py:28] - Convolution worker started for image 9 (PID 9500, breed: Singapura)
2025-12-21 19:59:59 - image_processor - DEBUG - [image_processing.py:46] - RGB to grayscale conversion started. Image shape: (1080, 1080, 3)
2025-12-21 19:59:59 - image_processor - DEBUG - [image_processing.py:24] - ImageProcessing instance created
2025-12-21 19:59:59 - image_processor - DEBUG - [image_processing.py:120] - Edge detection (Canny) started
2025-12-21 19:59:59 - image_processor - DEBUG - [image_processing.py:46] - RGB to grayscale conversion started. Image shape: (1080, 1080, 3)
2025-12-21 20:00:00 - image_processor - DEBUG - [image_processing.py:53] - RGB to grayscale conversion completed. Result shape: (1080, 1080)
2025-12-21 20:00:00 - image_processor - DEBUG - [image_processing.py:53] - RGB to grayscale conversion completed. Result shape: (1080, 1080)
2025-12-21 20:00:00 - image_processor - DEBUG - [image_processing.py:30] - Convolution started. Image shape: (1080, 1080), kernel shape: (3, 3)
2025-12-21 20:00:00 - image_processor - DEBUG - [image_processing.py:30] - Convolution started. Image shape: (1080, 1080), kernel shape: (3, 3)
2025-12-21 20:00:00 - image_processor - DEBUG - [image_processing.py:53] - RGB to grayscale conversion completed. Result shape: (1080, 1080)
2025-12-21 20:00:00 - image_processor - DEBUG - [image_processing.py:30] - Convolution started. Image shape: (1080, 1080), kernel shape: (3, 3)
2025-12-21 20:00:00 - image_processor - DEBUG - [image_processing.py:53] - RGB to grayscale conversion completed. Result shape: (1080, 1080)
2025-12-21 20:00:00 - image_processor - DEBUG - [image_processing.py:36] - Convolution completed in 0.0080 seconds
2025-12-21 20:00:00 - image_processor - DEBUG - [image_processing.py:30] - Convolution started. Image shape: (1080, 1080), kernel shape: (3, 3)
2025-12-21 20:00:00 - image_processor - DEBUG - [image_processing.py:36] - Convolution completed in 0.0079 seconds
2025-12-21 20:00:00 - image_processor - DEBUG - [image_processing.py:30] - Convolution started. Image shape: (1080, 1080), kernel shape: (3, 3)
2025-12-21 20:00:00 - image_processor - DEBUG - [image_processing.py:30] - Convolution started. Image shape: (1080, 1080), kernel shape: (3, 3)
2025-12-21 20:00:00 - image_processor - DEBUG - [image_processing.py:36] - Convolution completed in 0.0082 seconds
2025-12-21 20:00:00 - image_processor - DEBUG - [image_processing.py:36] - Convolution completed in 0.0112 seconds
2025-12-21 20:00:00 - image_processor - DEBUG - [image_processing.py:36] - Convolution completed in 0.0082 seconds
2025-12-21 20:00:00 - image_processor - DEBUG - [image_processing.py:30] - Convolution started. Image shape: (1080, 1080), kernel shape: (3, 3)
2025-12-21 20:00:00 - image_processor - DEBUG - [image_processing.py:36] - Convolution completed in 0.0123 seconds
2025-12-21 20:00:00 - image_processor - DEBUG - [image_processing.py:30] - Convolution started. Image shape: (1080, 1080), kernel shape: (3, 3)
2025-12-21 20:00:00 - image_processor - DEBUG - [image_processing.py:36] - Convolution completed in 0.0085 seconds
2025-12-21 20:00:00 - image_processor - DEBUG - [image_processing.py:36] - Convolution completed in 0.0083 seconds
2025-12-21 20:00:00 - image_processor - DEBUG - [image_processing.py:91] - Non-maximum suppression started
2025-12-21 20:00:00 - image_processor - DEBUG - [image_processing.py:91] - Non-maximum suppression started
2025-12-21 20:00:00 - image_processor - DEBUG - [image_processing.py:91] - Non-maximum suppression started
2025-12-21 20:00:00 - image_processor - DEBUG - [image_processing.py:91] - Non-maximum suppression started
2025-12-21 20:00:01 - image_processor - DEBUG - [image_processing.py:113] - Non-maximum suppression completed
2025-12-21 20:00:01 - image_processor - DEBUG - [image_processing.py:139] - Edge detection completed in 1.0473 seconds
2025-12-21 20:00:01 - image_processor - DEBUG - [parallel_convolution.py:33] - Convolution worker finished for image 9 (PID 9500)
2025-12-21 20:00:01 - image_processor - DEBUG - [image_processing.py:113] - Non-maximum suppression completed
2025-12-21 20:00:01 - image_processor - DEBUG - [image_processing.py:139] - Edge detection completed in 1.0825 seconds
2025-12-21 20:00:01 - image_processor - DEBUG - [parallel_convolution.py:53] - Library edge detection worker finished for image 9 (PID 8856)
2025-12-21 20:00:01 - image_processor - DEBUG - [image_processing.py:113] - Non-maximum suppression completed
2025-12-21 20:00:01 - image_processor - DEBUG - [image_processing.py:139] - Edge detection completed in 1.1098 seconds
2025-12-21 20:00:01 - image_processor - DEBUG - [parallel_convolution.py:33] - Convolution worker finished for image 10 (PID 24684)
2025-12-21 20:00:01 - image_processor - INFO - [parallel_convolution.py:137] - Parallel custom edge detection completed for 2 images
2025-12-21 20:00:01 - image_processor - DEBUG - [image_processing.py:113] - Non-maximum suppression completed
2025-12-21 20:00:01 - image_processor - DEBUG - [image_processing.py:139] - Edge detection completed in 1.1470 seconds
2025-12-21 20:00:01 - image_processor - DEBUG - [parallel_convolution.py:53] - Library edge detection worker finished for image 10 (PID 25084)
2025-12-21 20:00:01 - image_processor - INFO - [parallel_convolution.py:154] - Parallel library edge detection completed for 2 images
2025-12-21 20:00:01 - image_processor - DEBUG - [async_pipeline.py:113] - Edge detection completed
2025-12-21 20:00:01 - image_processor - INFO - [parallel_convolution.py:166] - Starting parallel arithmetic operations for 2 images
2025-12-21 20:00:01 - image_processor - DEBUG - [parallel_convolution.py:70] - Arithmetic operations worker started for image 9 (PID 16520, breed: Singapura)

2025-12-21 20:00:01 - image_processor - DEBUG - [abstract_image.py:141] - Addition operation started
2025-12-21 20:00:01 - image_processor - DEBUG - [abstract_image.py:141] - Addition operation started
2025-12-21 20:00:01 - image_processor - DEBUG - [abstract_image.py:129] - Converting grayscale to RGB (3 channels)
2025-12-21 20:00:01 - image_processor - DEBUG - [abstract_image.py:129] - Converting grayscale to RGB (3 channels)
2025-12-21 20:00:01 - image_processor - DEBUG - [abstract_image.py:166] - Addition operation completed. Result shape: (1080, 1080, 3)
2025-12-21 20:00:01 - image_processor - DEBUG - [image_processing.py:24] - ImageProcessing instance created
2025-12-21 20:00:01 - image_processor - DEBUG - [abstract_image.py:35] - CatImage created: breed=Tonkinese+processed, shape=(1080, 1080, 3), url=combined_Tonkinese...
2025-12-21 20:00:01 - image_processor - DEBUG - [abstract_image.py:166] - Addition operation completed. Result shape: (1080, 1080, 3)
2025-12-21 20:00:01 - image_processor - DEBUG - [abstract_image.py:173] - Subtraction operation started
2025-12-21 20:00:01 - image_processor - DEBUG - [abstract_image.py:129] - Converting grayscale to RGB (3 channels)
2025-12-21 20:00:01 - image_processor - DEBUG - [image_processing.py:24] - ImageProcessing instance created
2025-12-21 20:00:01 - image_processor - DEBUG - [abstract_image.py:35] - CatImage created: breed=Singapura+processed, shape=(1080, 1080, 3), url=combined_Singapura...
2025-12-21 20:00:01 - image_processor - DEBUG - [abstract_image.py:173] - Subtraction operation started
2025-12-21 20:00:01 - image_processor - DEBUG - [abstract_image.py:129] - Converting grayscale to RGB (3 channels)
2025-12-21 20:00:01 - image_processor - DEBUG - [abstract_image.py:198] - Subtraction operation completed. Result shape: (1080, 1080, 3)
2025-12-21 20:00:01 - image_processor - DEBUG - [image_processing.py:24] - ImageProcessing instance created
2025-12-21 20:00:01 - image_processor - DEBUG - [abstract_image.py:35] - CatImage created: breed=Tonkinese-processed, shape=(1080, 1080, 3), url=subtracted_Tonkinese...
2025-12-21 20:00:01 - image_processor - DEBUG - [abstract_image.py:198] - Subtraction operation completed. Result shape: (1080, 1080, 3)
2025-12-21 20:00:01 - image_processor - DEBUG - [image_processing.py:24] - ImageProcessing instance created
2025-12-21 20:00:01 - image_processor - DEBUG - [abstract_image.py:141] - Addition operation started
2025-12-21 20:00:01 - image_processor - DEBUG - [abstract_image.py:35] - CatImage created: breed=Singapura-processed, shape=(1080, 1080, 3), url=subtracted_Singapura...
2025-12-21 20:00:01 - image_processor - DEBUG - [abstract_image.py:129] - Converting grayscale to RGB (3 channels)
2025-12-21 20:00:01 - image_processor - DEBUG - [abstract_image.py:141] - Addition operation started
2025-12-21 20:00:01 - image_processor - DEBUG - [abstract_image.py:129] - Converting grayscale to RGB (3 channels)
2025-12-21 20:00:01 - image_processor - DEBUG - [abstract_image.py:166] - Addition operation completed. Result shape: (1080, 1080, 3)
2025-12-21 20:00:01 - image_processor - DEBUG - [image_processing.py:24] - ImageProcessing instance created
2025-12-21 20:00:01 - image_processor - DEBUG - [abstract_image.py:166] - Addition operation completed. Result shape: (1080, 1080, 3)
2025-12-21 20:00:01 - image_processor - DEBUG - [abstract_image.py:35] - CatImage created: breed=Tonkinese+processed, shape=(1080, 1080, 3), url=combined_Tonkinese...
2025-12-21 20:00:01 - image_processor - DEBUG - [image_processing.py:24] - ImageProcessing instance created
2025-12-21 20:00:01 - image_processor - DEBUG - [abstract_image.py:35] - CatImage created: breed=Singapura+processed, shape=(1080, 1080, 3), url=combined_Singapura...
2025-12-21 20:00:01 - image_processor - DEBUG - [abstract_image.py:173] - Subtraction operation started
2025-12-21 20:00:01 - image_processor - DEBUG - [abstract_image.py:129] - Converting grayscale to RGB (3 channels)
2025-12-21 20:00:01 - image_processor - DEBUG - [abstract_image.py:173] - Subtraction operation started
2025-12-21 20:00:01 - image_processor - DEBUG - [abstract_image.py:129] - Converting grayscale to RGB (3 channels)
2025-12-21 20:00:01 - image_processor - DEBUG - [abstract_image.py:198] - Subtraction operation completed. Result shape: (1080, 1080, 3)
2025-12-21 20:00:01 - image_processor - DEBUG - [abstract_image.py:198] - Subtraction operation completed. Result shape: (1080, 1080, 3)
2025-12-21 20:00:01 - image_processor - DEBUG - [image_processing.py:24] - ImageProcessing instance created
2025-12-21 20:00:01 - image_processor - DEBUG - [image_processing.py:24] - ImageProcessing instance created
2025-12-21 20:00:01 - image_processor - DEBUG - [abstract_image.py:35] - CatImage created: breed=Tonkinese-processed, shape=(1080, 1080, 3), url=subtracted_Tonkinese...
2025-12-21 20:00:01 - image_processor - DEBUG - [abstract_image.py:35] - CatImage created: breed=Singapura-processed, shape=(1080, 1080, 3), url=subtracted_Singapura...
2025-12-21 20:00:01 - image_processor - DEBUG - [parallel_convolution.py:85] - Arithmetic operations worker finished for image 10 (PID 18048)
2025-12-21 20:00:01 - image_processor - DEBUG - [parallel_convolution.py:85] - Arithmetic operations worker finished for image 9 (PID 16520)
2025-12-21 20:00:01 - image_processor - INFO - [parallel_convolution.py:193] - Parallel arithmetic operations completed for 2 images
2025-12-21 20:00:01 - image_processor - DEBUG - [async_pipeline.py:124] - Arithmetic operations completed
2025-12-21 20:00:01 - image_processor - DEBUG - [async_pipeline.py:152] - Chunk processed: 2 images with all operations completed
2025-12-21 20:00:01 - image_processor - DEBUG - [async_pipeline.py:187] - Saving image 9 (Singapura)
2025-12-21 20:00:01 - image_processor - DEBUG - [async_pipeline.py:187] - Saving image 10 (Tonkinese)
2025-12-21 20:00:02 - image_processor - DEBUG - [async_pipeline.py:203] - Image 9 saved (3 files)
2025-12-21 20:00:02 - image_processor - DEBUG - [async_pipeline.py:203] - Image 10 saved (3 files)
2025-12-21 20:00:02 - image_processor - INFO - [async_pipeline.py:79] - Stage 1 completed: All chunks downloaded
2025-12-21 20:00:02 - image_processor - INFO - [async_pipeline.py:155] - Stage 2 completed: All convolutions and operations done
2025-12-21 20:00:02 - image_processor - INFO - [async_pipeline.py:177] - Stage 3 completed: 10 images saved
2025-12-21 20:00:02 - image_processor - INFO - [async_pipeline.py:230] - Pipeline execution completed successfully. Results saved to: C:\Users\vracksup\Documents\LAB-PPT\LAB-1\image_processing_project\image_processor\out
