2025-12-13 15:13:27 - image_processor - DEBUG - [async_image_processor.py:44] - AsyncImageProcessor initialized for cat API
2025-12-13 15:13:27 - image_processor - DEBUG - [async_image_processor.py:44] - AsyncImageProcessor initialized for dog API
2025-12-13 15:13:27 - image_processor - INFO - [tests.py:287] - TEST 1: AsyncImageProcessor initialization
2025-12-13 15:13:27 - image_processor - INFO - [tests.py:305] - [PASSED] AsyncImageProcessor initialization test
2025-12-13 15:13:27 - image_processor - DEBUG - [async_image_processor.py:44] - AsyncImageProcessor initialized for cat API
2025-12-13 15:13:27 - image_processor - DEBUG - [async_image_processor.py:44] - AsyncImageProcessor initialized for dog API
2025-12-13 15:13:27 - image_processor - INFO - [tests.py:375] - TEST 4: Create image objects from metadata
2025-12-13 15:13:27 - image_processor - DEBUG - [async_image_processor.py:156] - Creating image objects from 2 metadata entries
2025-12-13 15:13:27 - image_processor - DEBUG - [image_processing.py:23] - ImageProcessing instance created
2025-12-13 15:13:27 - image_processor - DEBUG - [abstract_image.py:34] - CatImage created: breed=Siamese, shape=(100, 100, 3), url=http://example.com/cat.jpg...
2025-12-13 15:13:27 - image_processor - DEBUG - [async_image_processor.py:177] - Image object created for index 1 (breed: Siamese)
2025-12-13 15:13:27 - image_processor - DEBUG - [image_processing.py:23] - ImageProcessing instance created
2025-12-13 15:13:27 - image_processor - DEBUG - [abstract_image.py:34] - CatImage created: breed=Persian, shape=(100, 100), url=http://example.com/cat_gray.jpg...
2025-12-13 15:13:27 - image_processor - DEBUG - [async_image_processor.py:177] - Image object created for index 2 (breed: Persian)
2025-12-13 15:13:27 - image_processor - INFO - [async_image_processor.py:179] - Created 2 image objects
2025-12-13 15:13:27 - image_processor - INFO - [tests.py:404] - [PASSED] Create image objects from metadata test
2025-12-13 15:13:27 - image_processor - DEBUG - [async_image_processor.py:44] - AsyncImageProcessor initialized for cat API
2025-12-13 15:13:27 - image_processor - DEBUG - [async_image_processor.py:44] - AsyncImageProcessor initialized for dog API
2025-12-13 15:13:27 - image_processor - INFO - [tests.py:343] - TEST 3: ImageMetadata assignment
2025-12-13 15:13:27 - image_processor - INFO - [tests.py:363] - [PASSED] ImageMetadata assignment test
2025-12-13 15:13:27 - image_processor - DEBUG - [async_image_processor.py:44] - AsyncImageProcessor initialized for cat API
2025-12-13 15:13:27 - image_processor - DEBUG - [async_image_processor.py:44] - AsyncImageProcessor initialized for dog API
2025-12-13 15:13:27 - image_processor - INFO - [tests.py:317] - TEST 2: ImageMetadata creation
2025-12-13 15:13:27 - image_processor - INFO - [tests.py:332] - [PASSED] ImageMetadata creation test
2025-12-13 15:13:27 - image_processor - DEBUG - [image_processing.py:23] - ImageProcessing instance created
2025-12-13 15:13:27 - image_processor - DEBUG - [abstract_image.py:34] - CatImage created: breed=Siamese, shape=(100, 100, 3), url=http://example.com/cat.jpg...
2025-12-13 15:13:27 - image_processor - DEBUG - [image_processing.py:23] - ImageProcessing instance created
2025-12-13 15:13:27 - image_processor - DEBUG - [abstract_image.py:34] - CatImage created: breed=Persian, shape=(100, 100), url=http://example.com/cat_gray.jpg...
2025-12-13 15:13:27 - image_processor - INFO - [tests.py:213] - TEST 5: Convolution operation
2025-12-13 15:13:27 - image_processor - DEBUG - [abstract_image.py:219] - Converting ColorCatImage to grayscale: Siamese
2025-12-13 15:13:27 - image_processor - DEBUG - [image_processing.py:45] - RGB to grayscale conversion started. Image shape: (100, 100, 3)
2025-12-13 15:13:27 - image_processor - DEBUG - [image_processing.py:52] - RGB to grayscale conversion completed. Result shape: (100, 100)
2025-12-13 15:13:27 - image_processor - DEBUG - [image_processing.py:23] - ImageProcessing instance created
2025-12-13 15:13:27 - image_processor - DEBUG - [abstract_image.py:34] - CatImage created: breed=Siamese, shape=(100, 100), url=http://example.com/cat.jpg...
2025-12-13 15:13:27 - image_processor - DEBUG - [image_processing.py:29] - Convolution started. Image shape: (100, 100), kernel shape: (3, 3)
2025-12-13 15:13:27 - image_processor - DEBUG - [image_processing.py:35] - Convolution completed in 0.0005 seconds
2025-12-13 15:13:27 - image_processor - INFO - [tests.py:235] - [PASSED] Convolution operation test
2025-12-13 15:13:27 - image_processor - DEBUG - [image_processing.py:23] - ImageProcessing instance created
2025-12-13 15:13:27 - image_processor - DEBUG - [abstract_image.py:34] - CatImage created: breed=Siamese, shape=(100, 100, 3), url=http://example.com/cat.jpg...
2025-12-13 15:13:27 - image_processor - DEBUG - [image_processing.py:23] - ImageProcessing instance created
2025-12-13 15:13:27 - image_processor - DEBUG - [abstract_image.py:34] - CatImage created: breed=Persian, shape=(100, 100), url=http://example.com/cat_gray.jpg...
2025-12-13 15:13:27 - image_processor - INFO - [tests.py:90] - TEST 2: Grayscale to Color conversion
2025-12-13 15:13:27 - image_processor - DEBUG - [abstract_image.py:246] - Converting GrayscaleCatImage to color: Persian
2025-12-13 15:13:27 - image_processor - DEBUG - [image_processing.py:23] - ImageProcessing instance created
2025-12-13 15:13:27 - image_processor - DEBUG - [abstract_image.py:34] - CatImage created: breed=Persian, shape=(100, 100, 3), url=http://example.com/cat_gray.jpg...
2025-12-13 15:13:27 - image_processor - INFO - [tests.py:121] - [PASSED] Grayscale to Color conversion test
2025-12-13 15:13:27 - image_processor - DEBUG - [image_processing.py:23] - ImageProcessing instance created
2025-12-13 15:13:27 - image_processor - DEBUG - [abstract_image.py:34] - CatImage created: breed=Siamese, shape=(100, 100, 3), url=http://example.com/cat.jpg...
2025-12-13 15:13:27 - image_processor - DEBUG - [image_processing.py:23] - ImageProcessing instance created
2025-12-13 15:13:27 - image_processor - DEBUG - [abstract_image.py:34] - CatImage created: breed=Persian, shape=(100, 100), url=http://example.com/cat_gray.jpg...
2025-12-13 15:13:27 - image_processor - INFO - [tests.py:134] - TEST 3: Image addition operation
2025-12-13 15:13:27 - image_processor - DEBUG - [image_processing.py:23] - ImageProcessing instance created
2025-12-13 15:13:27 - image_processor - DEBUG - [abstract_image.py:34] - CatImage created: breed=Maine Coon, shape=(100, 100, 3), url=http://example.com/cat2.jpg...
2025-12-13 15:13:27 - image_processor - DEBUG - [abstract_image.py:140] - Addition operation started
2025-12-13 15:13:27 - image_processor - DEBUG - [abstract_image.py:165] - Addition operation completed. Result shape: (100, 100, 3)
2025-12-13 15:13:27 - image_processor - DEBUG - [image_processing.py:23] - ImageProcessing instance created
2025-12-13 15:13:27 - image_processor - DEBUG - [abstract_image.py:34] - CatImage created: breed=Siamese+Maine Coon, shape=(100, 100, 3), url=combined_Siamese...
2025-12-13 15:13:27 - image_processor - INFO - [tests.py:160] - [PASSED] Image addition test
2025-12-13 15:13:27 - image_processor - DEBUG - [image_processing.py:23] - ImageProcessing instance created
2025-12-13 15:13:27 - image_processor - DEBUG - [abstract_image.py:34] - CatImage created: breed=Siamese, shape=(100, 100, 3), url=http://example.com/cat.jpg...
2025-12-13 15:13:27 - image_processor - DEBUG - [image_processing.py:23] - ImageProcessing instance created
2025-12-13 15:13:27 - image_processor - DEBUG - [abstract_image.py:34] - CatImage created: breed=Persian, shape=(100, 100), url=http://example.com/cat_gray.jpg...
2025-12-13 15:13:27 - image_processor - INFO - [tests.py:246] - TEST 6: Image dimensions
2025-12-13 15:13:27 - image_processor - DEBUG - [abstract_image.py:75] - Image dimensions: 100x100
2025-12-13 15:13:27 - image_processor - INFO - [tests.py:259] - [PASSED] Image dimensions test
2025-12-13 15:13:27 - image_processor - DEBUG - [image_processing.py:23] - ImageProcessing instance created
2025-12-13 15:13:27 - image_processor - DEBUG - [abstract_image.py:34] - CatImage created: breed=Siamese, shape=(100, 100, 3), url=http://example.com/cat.jpg...
2025-12-13 15:13:27 - image_processor - DEBUG - [image_processing.py:23] - ImageProcessing instance created
2025-12-13 15:13:27 - image_processor - DEBUG - [abstract_image.py:34] - CatImage created: breed=Persian, shape=(100, 100), url=http://example.com/cat_gray.jpg...
2025-12-13 15:13:27 - image_processor - INFO - [tests.py:172] - TEST 4: Image subtraction operation
2025-12-13 15:13:27 - image_processor - DEBUG - [image_processing.py:23] - ImageProcessing instance created
2025-12-13 15:13:27 - image_processor - DEBUG - [abstract_image.py:34] - CatImage created: breed=Bengal, shape=(100, 100, 3), url=http://example.com/cat2.jpg...
2025-12-13 15:13:27 - image_processor - DEBUG - [abstract_image.py:172] - Subtraction operation started
2025-12-13 15:13:27 - image_processor - DEBUG - [abstract_image.py:197] - Subtraction operation completed. Result shape: (100, 100, 3)
2025-12-13 15:13:27 - image_processor - DEBUG - [image_processing.py:23] - ImageProcessing instance created
2025-12-13 15:13:27 - image_processor - DEBUG - [abstract_image.py:34] - CatImage created: breed=Siamese-Bengal, shape=(100, 100, 3), url=subtracted_Siamese...
2025-12-13 15:13:27 - image_processor - INFO - [tests.py:197] - [PASSED] Image subtraction test
2025-12-13 15:13:27 - image_processor - DEBUG - [image_processing.py:23] - ImageProcessing instance created
2025-12-13 15:13:27 - image_processor - DEBUG - [abstract_image.py:34] - CatImage created: breed=Siamese, shape=(100, 100, 3), url=http://example.com/cat.jpg...
2025-12-13 15:13:27 - image_processor - DEBUG - [image_processing.py:23] - ImageProcessing instance created
2025-12-13 15:13:27 - image_processor - DEBUG - [abstract_image.py:34] - CatImage created: breed=Persian, shape=(100, 100), url=http://example.com/cat_gray.jpg...
2025-12-13 15:13:27 - image_processor - INFO - [tests.py:55] - TEST 1: RGB to Grayscale conversion
2025-12-13 15:13:27 - image_processor - DEBUG - [abstract_image.py:219] - Converting ColorCatImage to grayscale: Siamese
2025-12-13 15:13:27 - image_processor - DEBUG - [image_processing.py:45] - RGB to grayscale conversion started. Image shape: (100, 100, 3)
2025-12-13 15:13:27 - image_processor - DEBUG - [image_processing.py:52] - RGB to grayscale conversion completed. Result shape: (100, 100)
2025-12-13 15:13:27 - image_processor - DEBUG - [image_processing.py:23] - ImageProcessing instance created
2025-12-13 15:13:27 - image_processor - DEBUG - [abstract_image.py:34] - CatImage created: breed=Siamese, shape=(100, 100), url=http://example.com/cat.jpg...
2025-12-13 15:13:27 - image_processor - INFO - [tests.py:78] - [PASSED] RGB to Grayscale conversion test
2025-12-13 15:13:27 - image_processor - DEBUG - [image_processing.py:23] - ImageProcessing instance created
2025-12-13 15:13:27 - image_processor - INFO - [tests.py:427] - TEST: Edge detection
2025-12-13 15:13:27 - image_processor - DEBUG - [image_processing.py:119] - Edge detection (Canny) started
2025-12-13 15:13:27 - image_processor - DEBUG - [image_processing.py:45] - RGB to grayscale conversion started. Image shape: (100, 100, 3)
2025-12-13 15:13:27 - image_processor - DEBUG - [image_processing.py:52] - RGB to grayscale conversion completed. Result shape: (100, 100)
2025-12-13 15:13:27 - image_processor - DEBUG - [image_processing.py:29] - Convolution started. Image shape: (100, 100), kernel shape: (3, 3)
2025-12-13 15:13:27 - image_processor - DEBUG - [image_processing.py:35] - Convolution completed in 0.0002 seconds
2025-12-13 15:13:27 - image_processor - DEBUG - [image_processing.py:29] - Convolution started. Image shape: (100, 100), kernel shape: (3, 3)
2025-12-13 15:13:27 - image_processor - DEBUG - [image_processing.py:35] - Convolution completed in 0.0002 seconds
2025-12-13 15:13:27 - image_processor - DEBUG - [image_processing.py:90] - Non-maximum suppression started
2025-12-13 15:13:27 - image_processor - DEBUG - [image_processing.py:112] - Non-maximum suppression completed
2025-12-13 15:13:27 - image_processor - DEBUG - [image_processing.py:138] - Edge detection completed in 0.0251 seconds
2025-12-13 15:13:27 - image_processor - INFO - [tests.py:437] - [PASSED] Edge detection test
2025-12-13 15:13:27 - image_processor - DEBUG - [image_processing.py:23] - ImageProcessing instance created
2025-12-13 15:13:27 - image_processor - INFO - [tests.py:444] - TEST: RGB to grayscale
2025-12-13 15:13:27 - image_processor - DEBUG - [image_processing.py:45] - RGB to grayscale conversion started. Image shape: (100, 100, 3)
2025-12-13 15:13:27 - image_processor - DEBUG - [image_processing.py:52] - RGB to grayscale conversion completed. Result shape: (100, 100)
2025-12-13 15:13:27 - image_processor - INFO - [tests.py:455] - [PASSED] RGB to grayscale test
2025-12-20 00:17:57 - image_processor - DEBUG - [async_image_processor.py:44] - AsyncImageProcessor initialized for cat API
2025-12-20 00:17:57 - image_processor - INFO - [parallel_convolution.py:119] - ParallelConvolutionProcessor initialized with 8 processes (all CPU cores)
2025-12-20 00:17:57 - image_processor - INFO - [async_pipeline.py:53] - AsyncImagePipeline initialized for cat API with chunk_size=5
2025-12-20 00:17:57 - image_processor - INFO - [async_pipeline.py:223] - Pipeline execution started. Total images: 10, Chunk size: 5
2025-12-20 00:17:57 - image_processor - INFO - [async_pipeline.py:164] - Stage 3 started: Saving results
2025-12-20 00:17:57 - image_processor - INFO - [async_pipeline.py:88] - Stage 2 started: Convolution & Arithmetic Operations
2025-12-20 00:17:57 - image_processor - INFO - [async_pipeline.py:59] - Stage 1 started: Downloading 10 images with chunk_size=5
2025-12-20 00:17:57 - image_processor - INFO - [async_image_processor.py:60] - Fetching 10 image URLs from cat API
2025-12-20 00:17:59 - image_processor - INFO - [async_image_processor.py:89] - Successfully fetched 10 image URLs
2025-12-20 00:17:59 - image_processor - INFO - [async_pipeline.py:64] - Total 10 images will be processed in 2 chunk(s)
2025-12-20 00:17:59 - image_processor - INFO - [async_pipeline.py:70] - Processing chunk 1/2: images 1 to 5
2025-12-20 00:17:59 - image_processor - INFO - [async_image_processor.py:137] - Starting parallel download of 5 images
2025-12-20 00:17:59 - image_processor - DEBUG - [async_image_processor.py:106] - Downloading image 1 (breed: Japanese Bobtail)
2025-12-20 00:17:59 - image_processor - DEBUG - [async_image_processor.py:106] - Downloading image 2 (breed: Norwegian Forest Cat)
2025-12-20 00:17:59 - image_processor - DEBUG - [async_image_processor.py:106] - Downloading image 3 (breed: Ocicat)
2025-12-20 00:17:59 - image_processor - DEBUG - [async_image_processor.py:106] - Downloading image 4 (breed: Ocicat)
2025-12-20 00:17:59 - image_processor - DEBUG - [async_image_processor.py:106] - Downloading image 5 (breed: Ragdoll)
2025-12-20 00:19:00 - image_processor - WARNING - [async_image_processor.py:127] - Image 1: timeout during download
2025-12-20 00:19:00 - image_processor - WARNING - [async_image_processor.py:127] - Image 3: timeout during download
2025-12-20 00:19:00 - image_processor - WARNING - [async_image_processor.py:127] - Image 5: timeout during download
2025-12-20 00:19:00 - image_processor - WARNING - [async_image_processor.py:127] - Image 2: timeout during download
2025-12-20 00:19:00 - image_processor - WARNING - [async_image_processor.py:127] - Image 4: timeout during download
2025-12-20 00:19:00 - image_processor - INFO - [async_image_processor.py:148] - Parallel download completed: 0/5 successful
2025-12-20 00:19:00 - image_processor - DEBUG - [async_image_processor.py:156] - Creating image objects from 0 metadata entries
2025-12-20 00:19:00 - image_processor - INFO - [async_image_processor.py:179] - Created 0 image objects
2025-12-20 00:19:00 - image_processor - INFO - [async_pipeline.py:70] - Processing chunk 2/2: images 6 to 10
2025-12-20 00:19:00 - image_processor - INFO - [async_image_processor.py:137] - Starting parallel download of 5 images
2025-12-20 00:19:00 - image_processor - DEBUG - [async_image_processor.py:106] - Downloading image 6 (breed: Scottish Fold)
2025-12-20 00:19:00 - image_processor - DEBUG - [async_image_processor.py:106] - Downloading image 7 (breed: Scottish Fold)
2025-12-20 00:19:00 - image_processor - DEBUG - [async_image_processor.py:106] - Downloading image 8 (breed: Siberian)
2025-12-20 00:19:00 - image_processor - DEBUG - [async_image_processor.py:106] - Downloading image 9 (breed: Singapura)
2025-12-20 00:19:00 - image_processor - DEBUG - [async_image_processor.py:106] - Downloading image 10 (breed: Sphynx)
2025-12-20 00:20:01 - image_processor - WARNING - [async_image_processor.py:127] - Image 7: timeout during download
2025-12-20 00:20:01 - image_processor - WARNING - [async_image_processor.py:127] - Image 8: timeout during download
2025-12-20 00:20:01 - image_processor - WARNING - [async_image_processor.py:127] - Image 9: timeout during download
2025-12-20 00:20:01 - image_processor - WARNING - [async_image_processor.py:127] - Image 10: timeout during download
2025-12-20 00:20:01 - image_processor - WARNING - [async_image_processor.py:127] - Image 6: timeout during download
2025-12-20 00:20:01 - image_processor - INFO - [async_image_processor.py:148] - Parallel download completed: 0/5 successful
2025-12-20 00:20:01 - image_processor - DEBUG - [async_image_processor.py:156] - Creating image objects from 0 metadata entries
2025-12-20 00:20:01 - image_processor - INFO - [async_image_processor.py:179] - Created 0 image objects
2025-12-20 00:20:01 - image_processor - INFO - [async_pipeline.py:79] - Stage 1 completed: All chunks downloaded
2025-12-20 00:20:01 - image_processor - INFO - [async_pipeline.py:155] - Stage 2 completed: All convolutions and operations done
2025-12-20 00:20:01 - image_processor - INFO - [async_pipeline.py:177] - Stage 3 completed: 0 images saved
2025-12-20 00:20:01 - image_processor - INFO - [async_pipeline.py:230] - Pipeline execution completed successfully. Results saved to: C:\Users\Bruss\OneDrive\Рабочий стол\LAB-1\LAB-1\image_processing_project\image_processor\results_async
2025-12-20 00:20:29 - image_processor - DEBUG - [async_image_processor.py:44] - AsyncImageProcessor initialized for cat API
2025-12-20 00:20:29 - image_processor - INFO - [parallel_convolution.py:119] - ParallelConvolutionProcessor initialized with 8 processes (all CPU cores)
2025-12-20 00:20:29 - image_processor - INFO - [async_pipeline.py:53] - AsyncImagePipeline initialized for cat API with chunk_size=5
2025-12-20 00:20:29 - image_processor - INFO - [async_pipeline.py:223] - Pipeline execution started. Total images: 10, Chunk size: 5
2025-12-20 00:20:29 - image_processor - INFO - [async_pipeline.py:164] - Stage 3 started: Saving results
2025-12-20 00:20:29 - image_processor - INFO - [async_pipeline.py:88] - Stage 2 started: Convolution & Arithmetic Operations
2025-12-20 00:20:29 - image_processor - INFO - [async_pipeline.py:59] - Stage 1 started: Downloading 10 images with chunk_size=5
2025-12-20 00:20:29 - image_processor - INFO - [async_image_processor.py:60] - Fetching 10 image URLs from cat API
2025-12-20 00:20:31 - image_processor - INFO - [async_image_processor.py:89] - Successfully fetched 10 image URLs
2025-12-20 00:20:31 - image_processor - INFO - [async_pipeline.py:64] - Total 10 images will be processed in 2 chunk(s)
2025-12-20 00:20:31 - image_processor - INFO - [async_pipeline.py:70] - Processing chunk 1/2: images 1 to 5
2025-12-20 00:20:31 - image_processor - INFO - [async_image_processor.py:137] - Starting parallel download of 5 images
2025-12-20 00:20:31 - image_processor - DEBUG - [async_image_processor.py:106] - Downloading image 1 (breed: British Shorthair)
2025-12-20 00:20:31 - image_processor - DEBUG - [async_image_processor.py:106] - Downloading image 2 (breed: Exotic Shorthair)
2025-12-20 00:20:31 - image_processor - DEBUG - [async_image_processor.py:106] - Downloading image 3 (breed: Havana Brown)
2025-12-20 00:20:31 - image_processor - DEBUG - [async_image_processor.py:106] - Downloading image 4 (breed: Himalayan)
2025-12-20 00:20:31 - image_processor - DEBUG - [async_image_processor.py:106] - Downloading image 5 (breed: Scottish Fold)
2025-12-20 00:20:32 - image_processor - DEBUG - [async_image_processor.py:124] - Image 4 downloaded successfully (shape: (646, 970, 3))
2025-12-20 00:20:32 - image_processor - DEBUG - [async_image_processor.py:124] - Image 1 downloaded successfully (shape: (450, 800, 3))
2025-12-20 00:20:32 - image_processor - DEBUG - [async_image_processor.py:124] - Image 2 downloaded successfully (shape: (792, 1188, 3))
2025-12-20 00:20:33 - image_processor - DEBUG - [async_image_processor.py:124] - Image 5 downloaded successfully (shape: (1080, 1080, 3))
2025-12-20 00:20:33 - image_processor - DEBUG - [async_image_processor.py:124] - Image 3 downloaded successfully (shape: (1365, 2048, 3))
2025-12-20 00:20:33 - image_processor - INFO - [async_image_processor.py:148] - Parallel download completed: 5/5 successful
2025-12-20 00:20:33 - image_processor - DEBUG - [async_image_processor.py:156] - Creating image objects from 5 metadata entries
2025-12-20 00:20:33 - image_processor - DEBUG - [image_processing.py:24] - ImageProcessing instance created
2025-12-20 00:20:33 - image_processor - DEBUG - [abstract_image.py:35] - CatImage created: breed=British Shorthair, shape=(450, 800, 3), url=https://cdn2.thecatapi.com/images/b6Co9acGP.jpg...
2025-12-20 00:20:33 - image_processor - DEBUG - [async_image_processor.py:177] - Image object created for index 1 (breed: British Shorthair)
2025-12-20 00:20:33 - image_processor - DEBUG - [image_processing.py:24] - ImageProcessing instance created
2025-12-20 00:20:33 - image_processor - DEBUG - [abstract_image.py:35] - CatImage created: breed=Exotic Shorthair, shape=(792, 1188, 3), url=https://cdn2.thecatapi.com/images/u3V0SSE-F.jpg...
2025-12-20 00:20:33 - image_processor - DEBUG - [async_image_processor.py:177] - Image object created for index 2 (breed: Exotic Shorthair)
2025-12-20 00:20:33 - image_processor - DEBUG - [image_processing.py:24] - ImageProcessing instance created
2025-12-20 00:20:33 - image_processor - DEBUG - [abstract_image.py:35] - CatImage created: breed=Havana Brown, shape=(1365, 2048, 3), url=https://cdn2.thecatapi.com/images/iFH9iWpDg.jpg...
2025-12-20 00:20:33 - image_processor - DEBUG - [async_image_processor.py:177] - Image object created for index 3 (breed: Havana Brown)
2025-12-20 00:20:33 - image_processor - DEBUG - [image_processing.py:24] - ImageProcessing instance created
2025-12-20 00:20:33 - image_processor - DEBUG - [abstract_image.py:35] - CatImage created: breed=Himalayan, shape=(646, 970, 3), url=https://cdn2.thecatapi.com/images/Rx_gYvR2e.jpg...
2025-12-20 00:20:33 - image_processor - DEBUG - [async_image_processor.py:177] - Image object created for index 4 (breed: Himalayan)
2025-12-20 00:20:33 - image_processor - DEBUG - [image_processing.py:24] - ImageProcessing instance created
2025-12-20 00:20:33 - image_processor - DEBUG - [abstract_image.py:35] - CatImage created: breed=Scottish Fold, shape=(1080, 1080, 3), url=https://cdn2.thecatapi.com/images/TOozwr2OD.jpg...
2025-12-20 00:20:33 - image_processor - DEBUG - [async_image_processor.py:177] - Image object created for index 5 (breed: Scottish Fold)
2025-12-20 00:20:33 - image_processor - INFO - [async_image_processor.py:179] - Created 5 image objects
2025-12-20 00:20:33 - image_processor - DEBUG - [async_pipeline.py:76] - Chunk 1: 5 images ready for processing
2025-12-20 00:20:33 - image_processor - DEBUG - [async_pipeline.py:95] - Processing chunk of 5 images
2025-12-20 00:20:33 - image_processor - INFO - [parallel_convolution.py:127] - Starting parallel custom edge detection for 5 images
2025-12-20 00:20:33 - image_processor - INFO - [parallel_convolution.py:144] - Starting parallel library edge detection for 5 images
2025-12-20 00:20:35 - image_processor - DEBUG - [parallel_convolution.py:48] - Library edge detection worker started for image 1 (PID 10168, breed: British Shorthair)
2025-12-20 00:20:35 - image_processor - DEBUG - [image_processing.py:24] - ImageProcessing instance created
2025-12-20 00:20:35 - image_processor - DEBUG - [image_processing.py:120] - Edge detection (Canny) started
2025-12-20 00:20:35 - image_processor - DEBUG - [image_processing.py:46] - RGB to grayscale conversion started. Image shape: (450, 800, 3)
2025-12-20 00:20:35 - image_processor - DEBUG - [image_processing.py:53] - RGB to grayscale conversion completed. Result shape: (450, 800)
2025-12-20 00:20:35 - image_processor - DEBUG - [image_processing.py:30] - Convolution started. Image shape: (450, 800), kernel shape: (3, 3)
2025-12-20 00:20:35 - image_processor - DEBUG - [image_processing.py:36] - Convolution completed in 0.0054 seconds
2025-12-20 00:20:35 - image_processor - DEBUG - [image_processing.py:30] - Convolution started. Image shape: (450, 800), kernel shape: (3, 3)
2025-12-20 00:20:35 - image_processor - DEBUG - [image_processing.py:36] - Convolution completed in 0.0053 seconds
2025-12-20 00:20:35 - image_processor - DEBUG - [image_processing.py:91] - Non-maximum suppression started
2025-12-20 00:20:35 - image_processor - DEBUG - [parallel_convolution.py:48] - Library edge detection worker started for image 2 (PID 12052, breed: Exotic Shorthair)
2025-12-20 00:20:35 - image_processor - DEBUG - [image_processing.py:24] - ImageProcessing instance created
2025-12-20 00:20:35 - image_processor - DEBUG - [image_processing.py:120] - Edge detection (Canny) started
2025-12-20 00:20:35 - image_processor - DEBUG - [image_processing.py:46] - RGB to grayscale conversion started. Image shape: (792, 1188, 3)
2025-12-20 00:20:35 - image_processor - DEBUG - [parallel_convolution.py:28] - Convolution worker started for image 1 (PID 576, breed: British Shorthair)
2025-12-20 00:20:35 - image_processor - DEBUG - [image_processing.py:24] - ImageProcessing instance created
2025-12-20 00:20:35 - image_processor - DEBUG - [image_processing.py:120] - Edge detection (Canny) started
2025-12-20 00:20:35 - image_processor - DEBUG - [image_processing.py:46] - RGB to grayscale conversion started. Image shape: (450, 800, 3)
2025-12-20 00:20:35 - image_processor - DEBUG - [image_processing.py:53] - RGB to grayscale conversion completed. Result shape: (450, 800)
2025-12-20 00:20:35 - image_processor - DEBUG - [image_processing.py:30] - Convolution started. Image shape: (450, 800), kernel shape: (3, 3)
2025-12-20 00:20:35 - image_processor - DEBUG - [image_processing.py:36] - Convolution completed in 0.0054 seconds
2025-12-20 00:20:35 - image_processor - DEBUG - [image_processing.py:30] - Convolution started. Image shape: (450, 800), kernel shape: (3, 3)
2025-12-20 00:20:35 - image_processor - DEBUG - [image_processing.py:36] - Convolution completed in 0.0055 seconds
2025-12-20 00:20:35 - image_processor - DEBUG - [image_processing.py:53] - RGB to grayscale conversion completed. Result shape: (792, 1188)
2025-12-20 00:20:35 - image_processor - DEBUG - [image_processing.py:30] - Convolution started. Image shape: (792, 1188), kernel shape: (3, 3)
2025-12-20 00:20:35 - image_processor - DEBUG - [image_processing.py:91] - Non-maximum suppression started
2025-12-20 00:20:35 - image_processor - DEBUG - [image_processing.py:36] - Convolution completed in 0.0156 seconds
2025-12-20 00:20:35 - image_processor - DEBUG - [image_processing.py:30] - Convolution started. Image shape: (792, 1188), kernel shape: (3, 3)
2025-12-20 00:20:35 - image_processor - DEBUG - [image_processing.py:36] - Convolution completed in 0.0165 seconds
2025-12-20 00:20:35 - image_processor - DEBUG - [image_processing.py:91] - Non-maximum suppression started
2025-12-20 00:20:35 - image_processor - DEBUG - [parallel_convolution.py:28] - Convolution worker started for image 2 (PID 2088, breed: Exotic Shorthair)
2025-12-20 00:20:35 - image_processor - DEBUG - [image_processing.py:24] - ImageProcessing instance created
2025-12-20 00:20:35 - image_processor - DEBUG - [image_processing.py:120] - Edge detection (Canny) started
2025-12-20 00:20:35 - image_processor - DEBUG - [image_processing.py:46] - RGB to grayscale conversion started. Image shape: (792, 1188, 3)
2025-12-20 00:20:36 - image_processor - DEBUG - [image_processing.py:53] - RGB to grayscale conversion completed. Result shape: (792, 1188)
2025-12-20 00:20:36 - image_processor - DEBUG - [image_processing.py:30] - Convolution started. Image shape: (792, 1188), kernel shape: (3, 3)
2025-12-20 00:20:36 - image_processor - DEBUG - [image_processing.py:36] - Convolution completed in 0.0146 seconds
2025-12-20 00:20:36 - image_processor - DEBUG - [image_processing.py:30] - Convolution started. Image shape: (792, 1188), kernel shape: (3, 3)
2025-12-20 00:20:36 - image_processor - DEBUG - [image_processing.py:36] - Convolution completed in 0.0138 seconds
2025-12-20 00:20:36 - image_processor - DEBUG - [parallel_convolution.py:48] - Library edge detection worker started for image 3 (PID 8764, breed: Havana Brown)
2025-12-20 00:20:36 - image_processor - DEBUG - [image_processing.py:24] - ImageProcessing instance created
2025-12-20 00:20:36 - image_processor - DEBUG - [image_processing.py:120] - Edge detection (Canny) started
2025-12-20 00:20:36 - image_processor - DEBUG - [image_processing.py:46] - RGB to grayscale conversion started. Image shape: (1365, 2048, 3)
2025-12-20 00:20:36 - image_processor - DEBUG - [image_processing.py:91] - Non-maximum suppression started
2025-12-20 00:20:36 - image_processor - DEBUG - [parallel_convolution.py:48] - Library edge detection worker started for image 4 (PID 11332, breed: Himalayan)
2025-12-20 00:20:36 - image_processor - DEBUG - [image_processing.py:24] - ImageProcessing instance created
2025-12-20 00:20:36 - image_processor - DEBUG - [image_processing.py:120] - Edge detection (Canny) started
2025-12-20 00:20:36 - image_processor - DEBUG - [image_processing.py:46] - RGB to grayscale conversion started. Image shape: (646, 970, 3)
2025-12-20 00:20:36 - image_processor - DEBUG - [image_processing.py:53] - RGB to grayscale conversion completed. Result shape: (646, 970)
2025-12-20 00:20:36 - image_processor - DEBUG - [image_processing.py:30] - Convolution started. Image shape: (646, 970), kernel shape: (3, 3)
2025-12-20 00:20:36 - image_processor - DEBUG - [image_processing.py:36] - Convolution completed in 0.0163 seconds
2025-12-20 00:20:36 - image_processor - DEBUG - [image_processing.py:30] - Convolution started. Image shape: (646, 970), kernel shape: (3, 3)
2025-12-20 00:20:36 - image_processor - DEBUG - [image_processing.py:36] - Convolution completed in 0.0114 seconds
2025-12-20 00:20:36 - image_processor - DEBUG - [parallel_convolution.py:48] - Library edge detection worker started for image 5 (PID 14828, breed: Scottish Fold)
2025-12-20 00:20:36 - image_processor - DEBUG - [image_processing.py:24] - ImageProcessing instance created
2025-12-20 00:20:36 - image_processor - DEBUG - [image_processing.py:120] - Edge detection (Canny) started
2025-12-20 00:20:36 - image_processor - DEBUG - [image_processing.py:46] - RGB to grayscale conversion started. Image shape: (1080, 1080, 3)
2025-12-20 00:20:36 - image_processor - DEBUG - [image_processing.py:91] - Non-maximum suppression started
2025-12-20 00:20:36 - image_processor - DEBUG - [parallel_convolution.py:28] - Convolution worker started for image 3 (PID 18992, breed: Havana Brown)
2025-12-20 00:20:36 - image_processor - DEBUG - [image_processing.py:24] - ImageProcessing instance created
2025-12-20 00:20:36 - image_processor - DEBUG - [image_processing.py:120] - Edge detection (Canny) started
2025-12-20 00:20:36 - image_processor - DEBUG - [image_processing.py:46] - RGB to grayscale conversion started. Image shape: (1365, 2048, 3)
2025-12-20 00:20:36 - image_processor - DEBUG - [image_processing.py:53] - RGB to grayscale conversion completed. Result shape: (1365, 2048)
2025-12-20 00:20:36 - image_processor - DEBUG - [image_processing.py:30] - Convolution started. Image shape: (1365, 2048), kernel shape: (3, 3)
2025-12-20 00:20:36 - image_processor - DEBUG - [image_processing.py:53] - RGB to grayscale conversion completed. Result shape: (1080, 1080)
2025-12-20 00:20:36 - image_processor - DEBUG - [image_processing.py:30] - Convolution started. Image shape: (1080, 1080), kernel shape: (3, 3)
2025-12-20 00:20:36 - image_processor - DEBUG - [image_processing.py:36] - Convolution completed in 0.0436 seconds
2025-12-20 00:20:36 - image_processor - DEBUG - [image_processing.py:30] - Convolution started. Image shape: (1080, 1080), kernel shape: (3, 3)
2025-12-20 00:20:36 - image_processor - DEBUG - [image_processing.py:36] - Convolution completed in 0.0190 seconds
2025-12-20 00:20:36 - image_processor - DEBUG - [image_processing.py:36] - Convolution completed in 0.1135 seconds
2025-12-20 00:20:36 - image_processor - DEBUG - [image_processing.py:30] - Convolution started. Image shape: (1365, 2048), kernel shape: (3, 3)
2025-12-20 00:20:36 - image_processor - DEBUG - [image_processing.py:91] - Non-maximum suppression started
2025-12-20 00:20:36 - image_processor - DEBUG - [image_processing.py:53] - RGB to grayscale conversion completed. Result shape: (1365, 2048)
2025-12-20 00:20:36 - image_processor - DEBUG - [image_processing.py:36] - Convolution completed in 0.0511 seconds
2025-12-20 00:20:36 - image_processor - DEBUG - [image_processing.py:30] - Convolution started. Image shape: (1365, 2048), kernel shape: (3, 3)
2025-12-20 00:20:36 - image_processor - DEBUG - [parallel_convolution.py:28] - Convolution worker started for image 4 (PID 17360, breed: Himalayan)
2025-12-20 00:20:36 - image_processor - DEBUG - [image_processing.py:24] - ImageProcessing instance created
2025-12-20 00:20:36 - image_processor - DEBUG - [image_processing.py:120] - Edge detection (Canny) started
2025-12-20 00:20:36 - image_processor - DEBUG - [image_processing.py:46] - RGB to grayscale conversion started. Image shape: (646, 970, 3)
2025-12-20 00:20:36 - image_processor - DEBUG - [image_processing.py:36] - Convolution completed in 0.1058 seconds
2025-12-20 00:20:36 - image_processor - DEBUG - [image_processing.py:30] - Convolution started. Image shape: (1365, 2048), kernel shape: (3, 3)
2025-12-20 00:20:36 - image_processor - DEBUG - [image_processing.py:53] - RGB to grayscale conversion completed. Result shape: (646, 970)
2025-12-20 00:20:36 - image_processor - DEBUG - [image_processing.py:30] - Convolution started. Image shape: (646, 970), kernel shape: (3, 3)
2025-12-20 00:20:36 - image_processor - DEBUG - [image_processing.py:36] - Convolution completed in 0.0150 seconds
2025-12-20 00:20:36 - image_processor - DEBUG - [image_processing.py:30] - Convolution started. Image shape: (646, 970), kernel shape: (3, 3)
2025-12-20 00:20:36 - image_processor - DEBUG - [image_processing.py:113] - Non-maximum suppression completed
2025-12-20 00:20:36 - image_processor - DEBUG - [image_processing.py:139] - Edge detection completed in 0.8370 seconds
2025-12-20 00:20:36 - image_processor - DEBUG - [parallel_convolution.py:53] - Library edge detection worker finished for image 1 (PID 10168)
2025-12-20 00:20:36 - image_processor - DEBUG - [parallel_convolution.py:28] - Convolution worker started for image 5 (PID 12004, breed: Scottish Fold)
2025-12-20 00:20:36 - image_processor - DEBUG - [image_processing.py:24] - ImageProcessing instance created
2025-12-20 00:20:36 - image_processor - DEBUG - [image_processing.py:120] - Edge detection (Canny) started
2025-12-20 00:20:36 - image_processor - DEBUG - [image_processing.py:46] - RGB to grayscale conversion started. Image shape: (1080, 1080, 3)
2025-12-20 00:20:36 - image_processor - DEBUG - [image_processing.py:36] - Convolution completed in 0.0323 seconds
2025-12-20 00:20:36 - image_processor - DEBUG - [image_processing.py:91] - Non-maximum suppression started
2025-12-20 00:20:36 - image_processor - DEBUG - [image_processing.py:36] - Convolution completed in 0.0838 seconds
2025-12-20 00:20:36 - image_processor - DEBUG - [image_processing.py:91] - Non-maximum suppression started
2025-12-20 00:20:36 - image_processor - DEBUG - [image_processing.py:113] - Non-maximum suppression completed
2025-12-20 00:20:36 - image_processor - DEBUG - [image_processing.py:139] - Edge detection completed in 0.8613 seconds
2025-12-20 00:20:36 - image_processor - DEBUG - [parallel_convolution.py:33] - Convolution worker finished for image 1 (PID 576)
2025-12-20 00:20:36 - image_processor - DEBUG - [image_processing.py:53] - RGB to grayscale conversion completed. Result shape: (1080, 1080)
2025-12-20 00:20:36 - image_processor - DEBUG - [image_processing.py:30] - Convolution started. Image shape: (1080, 1080), kernel shape: (3, 3)
2025-12-20 00:20:36 - image_processor - DEBUG - [image_processing.py:36] - Convolution completed in 0.0240 seconds
2025-12-20 00:20:36 - image_processor - DEBUG - [image_processing.py:30] - Convolution started. Image shape: (1080, 1080), kernel shape: (3, 3)
2025-12-20 00:20:36 - image_processor - DEBUG - [image_processing.py:36] - Convolution completed in 0.0244 seconds
2025-12-20 00:20:36 - image_processor - DEBUG - [image_processing.py:91] - Non-maximum suppression started
2025-12-20 00:20:36 - image_processor - DEBUG - [image_processing.py:91] - Non-maximum suppression started
2025-12-20 00:20:37 - image_processor - DEBUG - [image_processing.py:113] - Non-maximum suppression completed
2025-12-20 00:20:37 - image_processor - DEBUG - [image_processing.py:139] - Edge detection completed in 1.8428 seconds
2025-12-20 00:20:37 - image_processor - DEBUG - [parallel_convolution.py:53] - Library edge detection worker finished for image 4 (PID 11332)
2025-12-20 00:20:38 - image_processor - DEBUG - [image_processing.py:113] - Non-maximum suppression completed
2025-12-20 00:20:38 - image_processor - DEBUG - [image_processing.py:113] - Non-maximum suppression completed
2025-12-20 00:20:38 - image_processor - DEBUG - [image_processing.py:139] - Edge detection completed in 2.3537 seconds
2025-12-20 00:20:38 - image_processor - DEBUG - [image_processing.py:139] - Edge detection completed in 1.6951 seconds
2025-12-20 00:20:38 - image_processor - DEBUG - [parallel_convolution.py:33] - Convolution worker finished for image 4 (PID 17360)
2025-12-20 00:20:38 - image_processor - DEBUG - [parallel_convolution.py:53] - Library edge detection worker finished for image 2 (PID 12052)
2025-12-20 00:20:38 - image_processor - DEBUG - [image_processing.py:113] - Non-maximum suppression completed
2025-12-20 00:20:38 - image_processor - DEBUG - [image_processing.py:139] - Edge detection completed in 2.3502 seconds
2025-12-20 00:20:38 - image_processor - DEBUG - [parallel_convolution.py:33] - Convolution worker finished for image 2 (PID 2088)
2025-12-20 00:20:39 - image_processor - DEBUG - [image_processing.py:113] - Non-maximum suppression completed
2025-12-20 00:20:39 - image_processor - DEBUG - [image_processing.py:139] - Edge detection completed in 2.8437 seconds
2025-12-20 00:20:39 - image_processor - DEBUG - [parallel_convolution.py:53] - Library edge detection worker finished for image 5 (PID 14828)
2025-12-20 00:20:39 - image_processor - DEBUG - [image_processing.py:113] - Non-maximum suppression completed
2025-12-20 00:20:39 - image_processor - DEBUG - [image_processing.py:139] - Edge detection completed in 2.5574 seconds
2025-12-20 00:20:39 - image_processor - DEBUG - [parallel_convolution.py:33] - Convolution worker finished for image 5 (PID 12004)
2025-12-20 00:20:43 - image_processor - DEBUG - [image_processing.py:113] - Non-maximum suppression completed
2025-12-20 00:20:43 - image_processor - DEBUG - [image_processing.py:139] - Edge detection completed in 7.2113 seconds
2025-12-20 00:20:43 - image_processor - DEBUG - [parallel_convolution.py:53] - Library edge detection worker finished for image 3 (PID 8764)
2025-12-20 00:20:43 - image_processor - DEBUG - [image_processing.py:113] - Non-maximum suppression completed
2025-12-20 00:20:43 - image_processor - INFO - [parallel_convolution.py:154] - Parallel library edge detection completed for 5 images
2025-12-20 00:20:43 - image_processor - DEBUG - [image_processing.py:139] - Edge detection completed in 7.1057 seconds
2025-12-20 00:20:43 - image_processor - DEBUG - [parallel_convolution.py:33] - Convolution worker finished for image 3 (PID 18992)
2025-12-20 00:20:43 - image_processor - INFO - [parallel_convolution.py:137] - Parallel custom edge detection completed for 5 images
2025-12-20 00:20:43 - image_processor - DEBUG - [async_pipeline.py:113] - Edge detection completed
2025-12-20 00:20:43 - image_processor - INFO - [parallel_convolution.py:166] - Starting parallel arithmetic operations for 5 images
2025-12-20 00:20:44 - image_processor - DEBUG - [parallel_convolution.py:70] - Arithmetic operations worker started for image 1 (PID 4700, breed: British Shorthair)
2025-12-20 00:20:44 - image_processor - DEBUG - [abstract_image.py:141] - Addition operation started
2025-12-20 00:20:44 - image_processor - DEBUG - [abstract_image.py:129] - Converting grayscale to RGB (3 channels)
2025-12-20 00:20:44 - image_processor - DEBUG - [parallel_convolution.py:70] - Arithmetic operations worker started for image 2 (PID 21296, breed: Exotic Shorthair)
2025-12-20 00:20:44 - image_processor - DEBUG - [abstract_image.py:141] - Addition operation started
2025-12-20 00:20:44 - image_processor - DEBUG - [abstract_image.py:129] - Converting grayscale to RGB (3 channels)
2025-12-20 00:20:44 - image_processor - DEBUG - [abstract_image.py:166] - Addition operation completed. Result shape: (450, 800, 3)
2025-12-20 00:20:44 - image_processor - DEBUG - [image_processing.py:24] - ImageProcessing instance created
2025-12-20 00:20:44 - image_processor - DEBUG - [abstract_image.py:35] - CatImage created: breed=British Shorthair+processed, shape=(450, 800, 3), url=combined_British Shorthair...
2025-12-20 00:20:44 - image_processor - DEBUG - [abstract_image.py:173] - Subtraction operation started
2025-12-20 00:20:44 - image_processor - DEBUG - [abstract_image.py:129] - Converting grayscale to RGB (3 channels)
2025-12-20 00:20:44 - image_processor - DEBUG - [abstract_image.py:198] - Subtraction operation completed. Result shape: (450, 800, 3)
2025-12-20 00:20:44 - image_processor - DEBUG - [image_processing.py:24] - ImageProcessing instance created
2025-12-20 00:20:44 - image_processor - DEBUG - [abstract_image.py:35] - CatImage created: breed=British Shorthair-processed, shape=(450, 800, 3), url=subtracted_British Shorthair...
2025-12-20 00:20:44 - image_processor - DEBUG - [abstract_image.py:141] - Addition operation started
2025-12-20 00:20:44 - image_processor - DEBUG - [abstract_image.py:129] - Converting grayscale to RGB (3 channels)
2025-12-20 00:20:44 - image_processor - DEBUG - [abstract_image.py:166] - Addition operation completed. Result shape: (450, 800, 3)
2025-12-20 00:20:44 - image_processor - DEBUG - [image_processing.py:24] - ImageProcessing instance created
2025-12-20 00:20:44 - image_processor - DEBUG - [abstract_image.py:35] - CatImage created: breed=British Shorthair+processed, shape=(450, 800, 3), url=combined_British Shorthair...
2025-12-20 00:20:44 - image_processor - DEBUG - [abstract_image.py:173] - Subtraction operation started
2025-12-20 00:20:44 - image_processor - DEBUG - [abstract_image.py:129] - Converting grayscale to RGB (3 channels)
2025-12-20 00:20:44 - image_processor - DEBUG - [parallel_convolution.py:70] - Arithmetic operations worker started for image 3 (PID 5860, breed: Havana Brown)
2025-12-20 00:20:44 - image_processor - DEBUG - [abstract_image.py:141] - Addition operation started
2025-12-20 00:20:44 - image_processor - DEBUG - [abstract_image.py:129] - Converting grayscale to RGB (3 channels)
2025-12-20 00:20:44 - image_processor - DEBUG - [parallel_convolution.py:70] - Arithmetic operations worker started for image 4 (PID 20900, breed: Himalayan)
2025-12-20 00:20:44 - image_processor - DEBUG - [abstract_image.py:141] - Addition operation started
2025-12-20 00:20:44 - image_processor - DEBUG - [abstract_image.py:129] - Converting grayscale to RGB (3 channels)
2025-12-20 00:20:44 - image_processor - DEBUG - [abstract_image.py:166] - Addition operation completed. Result shape: (792, 1188, 3)
2025-12-20 00:20:44 - image_processor - DEBUG - [image_processing.py:24] - ImageProcessing instance created
2025-12-20 00:20:44 - image_processor - DEBUG - [abstract_image.py:35] - CatImage created: breed=Exotic Shorthair+processed, shape=(792, 1188, 3), url=combined_Exotic Shorthair...
2025-12-20 00:20:44 - image_processor - DEBUG - [abstract_image.py:173] - Subtraction operation started
2025-12-20 00:20:44 - image_processor - DEBUG - [abstract_image.py:129] - Converting grayscale to RGB (3 channels)
2025-12-20 00:20:44 - image_processor - DEBUG - [abstract_image.py:198] - Subtraction operation completed. Result shape: (450, 800, 3)
2025-12-20 00:20:44 - image_processor - DEBUG - [image_processing.py:24] - ImageProcessing instance created
2025-12-20 00:20:44 - image_processor - DEBUG - [abstract_image.py:35] - CatImage created: breed=British Shorthair-processed, shape=(450, 800, 3), url=subtracted_British Shorthair...
2025-12-20 00:20:44 - image_processor - DEBUG - [parallel_convolution.py:85] - Arithmetic operations worker finished for image 1 (PID 4700)
2025-12-20 00:20:44 - image_processor - DEBUG - [parallel_convolution.py:70] - Arithmetic operations worker started for image 5 (PID 17112, breed: Scottish Fold)
2025-12-20 00:20:44 - image_processor - DEBUG - [abstract_image.py:141] - Addition operation started
2025-12-20 00:20:44 - image_processor - DEBUG - [abstract_image.py:129] - Converting grayscale to RGB (3 channels)
2025-12-20 00:20:44 - image_processor - DEBUG - [abstract_image.py:166] - Addition operation completed. Result shape: (646, 970, 3)
2025-12-20 00:20:44 - image_processor - DEBUG - [image_processing.py:24] - ImageProcessing instance created
2025-12-20 00:20:44 - image_processor - DEBUG - [abstract_image.py:35] - CatImage created: breed=Himalayan+processed, shape=(646, 970, 3), url=combined_Himalayan...
2025-12-20 00:20:44 - image_processor - DEBUG - [abstract_image.py:173] - Subtraction operation started
2025-12-20 00:20:44 - image_processor - DEBUG - [abstract_image.py:129] - Converting grayscale to RGB (3 channels)
2025-12-20 00:20:44 - image_processor - DEBUG - [abstract_image.py:198] - Subtraction operation completed. Result shape: (792, 1188, 3)
2025-12-20 00:20:44 - image_processor - DEBUG - [image_processing.py:24] - ImageProcessing instance created
2025-12-20 00:20:44 - image_processor - DEBUG - [abstract_image.py:35] - CatImage created: breed=Exotic Shorthair-processed, shape=(792, 1188, 3), url=subtracted_Exotic Shorthair...
2025-12-20 00:20:44 - image_processor - DEBUG - [abstract_image.py:141] - Addition operation started
2025-12-20 00:20:44 - image_processor - DEBUG - [abstract_image.py:129] - Converting grayscale to RGB (3 channels)
2025-12-20 00:20:44 - image_processor - DEBUG - [abstract_image.py:198] - Subtraction operation completed. Result shape: (646, 970, 3)
2025-12-20 00:20:44 - image_processor - DEBUG - [image_processing.py:24] - ImageProcessing instance created
2025-12-20 00:20:44 - image_processor - DEBUG - [abstract_image.py:35] - CatImage created: breed=Himalayan-processed, shape=(646, 970, 3), url=subtracted_Himalayan...
2025-12-20 00:20:44 - image_processor - DEBUG - [abstract_image.py:141] - Addition operation started
2025-12-20 00:20:44 - image_processor - DEBUG - [abstract_image.py:129] - Converting grayscale to RGB (3 channels)
2025-12-20 00:20:44 - image_processor - DEBUG - [abstract_image.py:166] - Addition operation completed. Result shape: (1080, 1080, 3)
2025-12-20 00:20:44 - image_processor - DEBUG - [image_processing.py:24] - ImageProcessing instance created
2025-12-20 00:20:44 - image_processor - DEBUG - [abstract_image.py:35] - CatImage created: breed=Scottish Fold+processed, shape=(1080, 1080, 3), url=combined_Scottish Fold...
2025-12-20 00:20:44 - image_processor - DEBUG - [abstract_image.py:173] - Subtraction operation started
2025-12-20 00:20:44 - image_processor - DEBUG - [abstract_image.py:129] - Converting grayscale to RGB (3 channels)
2025-12-20 00:20:44 - image_processor - DEBUG - [abstract_image.py:166] - Addition operation completed. Result shape: (646, 970, 3)
2025-12-20 00:20:44 - image_processor - DEBUG - [image_processing.py:24] - ImageProcessing instance created
2025-12-20 00:20:44 - image_processor - DEBUG - [abstract_image.py:35] - CatImage created: breed=Himalayan+processed, shape=(646, 970, 3), url=combined_Himalayan...
2025-12-20 00:20:44 - image_processor - DEBUG - [abstract_image.py:173] - Subtraction operation started
2025-12-20 00:20:44 - image_processor - DEBUG - [abstract_image.py:129] - Converting grayscale to RGB (3 channels)
2025-12-20 00:20:44 - image_processor - DEBUG - [abstract_image.py:166] - Addition operation completed. Result shape: (792, 1188, 3)
2025-12-20 00:20:44 - image_processor - DEBUG - [image_processing.py:24] - ImageProcessing instance created
2025-12-20 00:20:44 - image_processor - DEBUG - [abstract_image.py:35] - CatImage created: breed=Exotic Shorthair+processed, shape=(792, 1188, 3), url=combined_Exotic Shorthair...
2025-12-20 00:20:44 - image_processor - DEBUG - [abstract_image.py:173] - Subtraction operation started
2025-12-20 00:20:44 - image_processor - DEBUG - [abstract_image.py:129] - Converting grayscale to RGB (3 channels)
2025-12-20 00:20:44 - image_processor - DEBUG - [abstract_image.py:198] - Subtraction operation completed. Result shape: (646, 970, 3)
2025-12-20 00:20:44 - image_processor - DEBUG - [image_processing.py:24] - ImageProcessing instance created
2025-12-20 00:20:44 - image_processor - DEBUG - [abstract_image.py:35] - CatImage created: breed=Himalayan-processed, shape=(646, 970, 3), url=subtracted_Himalayan...
2025-12-20 00:20:44 - image_processor - DEBUG - [parallel_convolution.py:85] - Arithmetic operations worker finished for image 4 (PID 20900)
2025-12-20 00:20:44 - image_processor - DEBUG - [abstract_image.py:198] - Subtraction operation completed. Result shape: (1080, 1080, 3)
2025-12-20 00:20:44 - image_processor - DEBUG - [image_processing.py:24] - ImageProcessing instance created
2025-12-20 00:20:44 - image_processor - DEBUG - [abstract_image.py:35] - CatImage created: breed=Scottish Fold-processed, shape=(1080, 1080, 3), url=subtracted_Scottish Fold...
2025-12-20 00:20:44 - image_processor - DEBUG - [abstract_image.py:141] - Addition operation started
2025-12-20 00:20:44 - image_processor - DEBUG - [abstract_image.py:129] - Converting grayscale to RGB (3 channels)
2025-12-20 00:20:44 - image_processor - DEBUG - [abstract_image.py:166] - Addition operation completed. Result shape: (1365, 2048, 3)
2025-12-20 00:20:44 - image_processor - DEBUG - [image_processing.py:24] - ImageProcessing instance created
2025-12-20 00:20:44 - image_processor - DEBUG - [abstract_image.py:35] - CatImage created: breed=Havana Brown+processed, shape=(1365, 2048, 3), url=combined_Havana Brown...
2025-12-20 00:20:44 - image_processor - DEBUG - [abstract_image.py:173] - Subtraction operation started
2025-12-20 00:20:44 - image_processor - DEBUG - [abstract_image.py:129] - Converting grayscale to RGB (3 channels)
2025-12-20 00:20:44 - image_processor - DEBUG - [abstract_image.py:198] - Subtraction operation completed. Result shape: (792, 1188, 3)
2025-12-20 00:20:44 - image_processor - DEBUG - [image_processing.py:24] - ImageProcessing instance created
2025-12-20 00:20:44 - image_processor - DEBUG - [abstract_image.py:35] - CatImage created: breed=Exotic Shorthair-processed, shape=(792, 1188, 3), url=subtracted_Exotic Shorthair...
2025-12-20 00:20:44 - image_processor - DEBUG - [parallel_convolution.py:85] - Arithmetic operations worker finished for image 2 (PID 21296)
2025-12-20 00:20:44 - image_processor - DEBUG - [abstract_image.py:166] - Addition operation completed. Result shape: (1080, 1080, 3)
2025-12-20 00:20:44 - image_processor - DEBUG - [image_processing.py:24] - ImageProcessing instance created
2025-12-20 00:20:44 - image_processor - DEBUG - [abstract_image.py:35] - CatImage created: breed=Scottish Fold+processed, shape=(1080, 1080, 3), url=combined_Scottish Fold...
2025-12-20 00:20:44 - image_processor - DEBUG - [abstract_image.py:173] - Subtraction operation started
2025-12-20 00:20:44 - image_processor - DEBUG - [abstract_image.py:129] - Converting grayscale to RGB (3 channels)
2025-12-20 00:20:44 - image_processor - DEBUG - [abstract_image.py:198] - Subtraction operation completed. Result shape: (1080, 1080, 3)
2025-12-20 00:20:44 - image_processor - DEBUG - [image_processing.py:24] - ImageProcessing instance created
2025-12-20 00:20:44 - image_processor - DEBUG - [abstract_image.py:35] - CatImage created: breed=Scottish Fold-processed, shape=(1080, 1080, 3), url=subtracted_Scottish Fold...
2025-12-20 00:20:44 - image_processor - DEBUG - [parallel_convolution.py:85] - Arithmetic operations worker finished for image 5 (PID 17112)
2025-12-20 00:20:45 - image_processor - DEBUG - [abstract_image.py:198] - Subtraction operation completed. Result shape: (1365, 2048, 3)
2025-12-20 00:20:45 - image_processor - DEBUG - [image_processing.py:24] - ImageProcessing instance created
2025-12-20 00:20:45 - image_processor - DEBUG - [abstract_image.py:35] - CatImage created: breed=Havana Brown-processed, shape=(1365, 2048, 3), url=subtracted_Havana Brown...
2025-12-20 00:20:45 - image_processor - DEBUG - [abstract_image.py:141] - Addition operation started
2025-12-20 00:20:45 - image_processor - DEBUG - [abstract_image.py:129] - Converting grayscale to RGB (3 channels)
2025-12-20 00:20:45 - image_processor - DEBUG - [abstract_image.py:166] - Addition operation completed. Result shape: (1365, 2048, 3)
2025-12-20 00:20:45 - image_processor - DEBUG - [image_processing.py:24] - ImageProcessing instance created
2025-12-20 00:20:45 - image_processor - DEBUG - [abstract_image.py:35] - CatImage created: breed=Havana Brown+processed, shape=(1365, 2048, 3), url=combined_Havana Brown...
2025-12-20 00:20:45 - image_processor - DEBUG - [abstract_image.py:173] - Subtraction operation started
2025-12-20 00:20:45 - image_processor - DEBUG - [abstract_image.py:129] - Converting grayscale to RGB (3 channels)
2025-12-20 00:20:45 - image_processor - DEBUG - [abstract_image.py:198] - Subtraction operation completed. Result shape: (1365, 2048, 3)
2025-12-20 00:20:45 - image_processor - DEBUG - [image_processing.py:24] - ImageProcessing instance created
2025-12-20 00:20:45 - image_processor - DEBUG - [abstract_image.py:35] - CatImage created: breed=Havana Brown-processed, shape=(1365, 2048, 3), url=subtracted_Havana Brown...
2025-12-20 00:20:45 - image_processor - DEBUG - [parallel_convolution.py:85] - Arithmetic operations worker finished for image 3 (PID 5860)
2025-12-20 00:20:45 - image_processor - INFO - [parallel_convolution.py:193] - Parallel arithmetic operations completed for 5 images
2025-12-20 00:20:45 - image_processor - DEBUG - [async_pipeline.py:124] - Arithmetic operations completed
2025-12-20 00:20:45 - image_processor - DEBUG - [async_pipeline.py:152] - Chunk processed: 5 images with all operations completed
2025-12-20 00:20:45 - image_processor - DEBUG - [async_pipeline.py:187] - Saving image 1 (British Shorthair)
2025-12-20 00:20:45 - image_processor - DEBUG - [async_pipeline.py:187] - Saving image 2 (Exotic Shorthair)
2025-12-20 00:20:45 - image_processor - DEBUG - [async_pipeline.py:187] - Saving image 3 (Havana Brown)
2025-12-20 00:20:45 - image_processor - DEBUG - [async_pipeline.py:187] - Saving image 4 (Himalayan)
2025-12-20 00:20:45 - image_processor - DEBUG - [async_pipeline.py:187] - Saving image 5 (Scottish Fold)
2025-12-20 00:20:46 - image_processor - DEBUG - [async_pipeline.py:203] - Image 1 saved (3 files)
2025-12-20 00:20:46 - image_processor - DEBUG - [async_pipeline.py:203] - Image 2 saved (3 files)
2025-12-20 00:20:46 - image_processor - DEBUG - [async_pipeline.py:203] - Image 3 saved (3 files)
2025-12-20 00:20:46 - image_processor - DEBUG - [async_pipeline.py:203] - Image 4 saved (3 files)
2025-12-20 00:20:46 - image_processor - DEBUG - [async_pipeline.py:203] - Image 5 saved (3 files)
2025-12-20 00:20:46 - image_processor - INFO - [async_pipeline.py:70] - Processing chunk 2/2: images 6 to 10
2025-12-20 00:20:46 - image_processor - INFO - [async_image_processor.py:137] - Starting parallel download of 5 images
2025-12-20 00:20:46 - image_processor - DEBUG - [async_image_processor.py:106] - Downloading image 6 (breed: Snowshoe)
2025-12-20 00:20:46 - image_processor - DEBUG - [async_image_processor.py:106] - Downloading image 7 (breed: Tonkinese)
2025-12-20 00:20:46 - image_processor - DEBUG - [async_image_processor.py:106] - Downloading image 8 (breed: Toyger)
2025-12-20 00:20:46 - image_processor - DEBUG - [async_image_processor.py:106] - Downloading image 9 (breed: Turkish Angora)
2025-12-20 00:20:46 - image_processor - DEBUG - [async_image_processor.py:106] - Downloading image 10 (breed: Turkish Van)
2025-12-20 00:20:47 - image_processor - DEBUG - [async_image_processor.py:124] - Image 7 downloaded successfully (shape: (1080, 1080, 3))
2025-12-20 00:20:47 - image_processor - DEBUG - [async_image_processor.py:124] - Image 8 downloaded successfully (shape: (1080, 1080, 3))
2025-12-20 00:20:47 - image_processor - DEBUG - [async_image_processor.py:124] - Image 9 downloaded successfully (shape: (1080, 1080, 3))
2025-12-20 00:20:47 - image_processor - DEBUG - [async_image_processor.py:124] - Image 10 downloaded successfully (shape: (1330, 1127, 3))
2025-12-20 00:20:48 - image_processor - DEBUG - [async_image_processor.py:124] - Image 6 downloaded successfully (shape: (750, 750, 3))
2025-12-20 00:20:48 - image_processor - INFO - [async_image_processor.py:148] - Parallel download completed: 5/5 successful
2025-12-20 00:20:48 - image_processor - DEBUG - [async_image_processor.py:156] - Creating image objects from 5 metadata entries
2025-12-20 00:20:48 - image_processor - DEBUG - [image_processing.py:24] - ImageProcessing instance created
2025-12-20 00:20:48 - image_processor - DEBUG - [abstract_image.py:35] - CatImage created: breed=Snowshoe, shape=(750, 750, 3), url=https://cdn2.thecatapi.com/images/t4f-Ov8YD.jpg...
2025-12-20 00:20:48 - image_processor - DEBUG - [async_image_processor.py:177] - Image object created for index 6 (breed: Snowshoe)
2025-12-20 00:20:48 - image_processor - DEBUG - [image_processing.py:24] - ImageProcessing instance created
2025-12-20 00:20:48 - image_processor - DEBUG - [abstract_image.py:35] - CatImage created: breed=Tonkinese, shape=(1080, 1080, 3), url=https://cdn2.thecatapi.com/images/pB_IDnwMf.jpg...
2025-12-20 00:20:48 - image_processor - DEBUG - [async_image_processor.py:177] - Image object created for index 7 (breed: Tonkinese)
2025-12-20 00:20:48 - image_processor - DEBUG - [image_processing.py:24] - ImageProcessing instance created
2025-12-20 00:20:48 - image_processor - DEBUG - [abstract_image.py:35] - CatImage created: breed=Toyger, shape=(1080, 1080, 3), url=https://cdn2.thecatapi.com/images/O3F3_S1XN.jpg...
2025-12-20 00:20:48 - image_processor - DEBUG - [async_image_processor.py:177] - Image object created for index 8 (breed: Toyger)
2025-12-20 00:20:48 - image_processor - DEBUG - [image_processing.py:24] - ImageProcessing instance created
2025-12-20 00:20:48 - image_processor - DEBUG - [abstract_image.py:35] - CatImage created: breed=Turkish Angora, shape=(1080, 1080, 3), url=https://cdn2.thecatapi.com/images/41Fe8q9vU.jpg...
2025-12-20 00:20:48 - image_processor - DEBUG - [async_image_processor.py:177] - Image object created for index 9 (breed: Turkish Angora)
2025-12-20 00:20:48 - image_processor - DEBUG - [image_processing.py:24] - ImageProcessing instance created
2025-12-20 00:20:48 - image_processor - DEBUG - [abstract_image.py:35] - CatImage created: breed=Turkish Van, shape=(1330, 1127, 3), url=https://cdn2.thecatapi.com/images/RvfGGt00v.jpg...
2025-12-20 00:20:48 - image_processor - DEBUG - [async_image_processor.py:177] - Image object created for index 10 (breed: Turkish Van)
2025-12-20 00:20:48 - image_processor - INFO - [async_image_processor.py:179] - Created 5 image objects
2025-12-20 00:20:48 - image_processor - DEBUG - [async_pipeline.py:76] - Chunk 2: 5 images ready for processing
2025-12-20 00:20:48 - image_processor - DEBUG - [async_pipeline.py:95] - Processing chunk of 5 images
2025-12-20 00:20:48 - image_processor - INFO - [parallel_convolution.py:127] - Starting parallel custom edge detection for 5 images
2025-12-20 00:20:48 - image_processor - INFO - [parallel_convolution.py:144] - Starting parallel library edge detection for 5 images
2025-12-20 00:20:50 - image_processor - DEBUG - [parallel_convolution.py:28] - Convolution worker started for image 6 (PID 15304, breed: Snowshoe)
2025-12-20 00:20:50 - image_processor - DEBUG - [image_processing.py:24] - ImageProcessing instance created
2025-12-20 00:20:50 - image_processor - DEBUG - [image_processing.py:120] - Edge detection (Canny) started
2025-12-20 00:20:50 - image_processor - DEBUG - [image_processing.py:46] - RGB to grayscale conversion started. Image shape: (750, 750, 3)
2025-12-20 00:20:50 - image_processor - DEBUG - [image_processing.py:53] - RGB to grayscale conversion completed. Result shape: (750, 750)
2025-12-20 00:20:50 - image_processor - DEBUG - [image_processing.py:30] - Convolution started. Image shape: (750, 750), kernel shape: (3, 3)
2025-12-20 00:20:50 - image_processor - DEBUG - [image_processing.py:36] - Convolution completed in 0.0088 seconds
2025-12-20 00:20:50 - image_processor - DEBUG - [image_processing.py:30] - Convolution started. Image shape: (750, 750), kernel shape: (3, 3)
2025-12-20 00:20:50 - image_processor - DEBUG - [parallel_convolution.py:28] - Convolution worker started for image 7 (PID 15200, breed: Tonkinese)
2025-12-20 00:20:50 - image_processor - DEBUG - [image_processing.py:24] - ImageProcessing instance created
2025-12-20 00:20:50 - image_processor - DEBUG - [image_processing.py:120] - Edge detection (Canny) started
2025-12-20 00:20:50 - image_processor - DEBUG - [image_processing.py:46] - RGB to grayscale conversion started. Image shape: (1080, 1080, 3)
2025-12-20 00:20:50 - image_processor - DEBUG - [image_processing.py:36] - Convolution completed in 0.0086 seconds
2025-12-20 00:20:50 - image_processor - DEBUG - [parallel_convolution.py:28] - Convolution worker started for image 8 (PID 3136, breed: Toyger)
2025-12-20 00:20:50 - image_processor - DEBUG - [image_processing.py:24] - ImageProcessing instance created
2025-12-20 00:20:50 - image_processor - DEBUG - [image_processing.py:120] - Edge detection (Canny) started
2025-12-20 00:20:50 - image_processor - DEBUG - [image_processing.py:46] - RGB to grayscale conversion started. Image shape: (1080, 1080, 3)
2025-12-20 00:20:50 - image_processor - DEBUG - [image_processing.py:91] - Non-maximum suppression started
2025-12-20 00:20:50 - image_processor - DEBUG - [image_processing.py:53] - RGB to grayscale conversion completed. Result shape: (1080, 1080)
2025-12-20 00:20:50 - image_processor - DEBUG - [image_processing.py:30] - Convolution started. Image shape: (1080, 1080), kernel shape: (3, 3)
2025-12-20 00:20:50 - image_processor - DEBUG - [image_processing.py:53] - RGB to grayscale conversion completed. Result shape: (1080, 1080)
2025-12-20 00:20:50 - image_processor - DEBUG - [image_processing.py:30] - Convolution started. Image shape: (1080, 1080), kernel shape: (3, 3)
2025-12-20 00:20:50 - image_processor - DEBUG - [image_processing.py:36] - Convolution completed in 0.0170 seconds
2025-12-20 00:20:50 - image_processor - DEBUG - [image_processing.py:30] - Convolution started. Image shape: (1080, 1080), kernel shape: (3, 3)
2025-12-20 00:20:50 - image_processor - DEBUG - [image_processing.py:36] - Convolution completed in 0.0172 seconds
2025-12-20 00:20:50 - image_processor - DEBUG - [image_processing.py:30] - Convolution started. Image shape: (1080, 1080), kernel shape: (3, 3)
2025-12-20 00:20:50 - image_processor - DEBUG - [image_processing.py:36] - Convolution completed in 0.0166 seconds
2025-12-20 00:20:50 - image_processor - DEBUG - [image_processing.py:36] - Convolution completed in 0.0179 seconds
2025-12-20 00:20:50 - image_processor - DEBUG - [parallel_convolution.py:48] - Library edge detection worker started for image 6 (PID 16228, breed: Snowshoe)
2025-12-20 00:20:50 - image_processor - DEBUG - [image_processing.py:24] - ImageProcessing instance created
2025-12-20 00:20:50 - image_processor - DEBUG - [image_processing.py:120] - Edge detection (Canny) started
2025-12-20 00:20:50 - image_processor - DEBUG - [image_processing.py:46] - RGB to grayscale conversion started. Image shape: (750, 750, 3)
2025-12-20 00:20:50 - image_processor - DEBUG - [image_processing.py:91] - Non-maximum suppression started
2025-12-20 00:20:50 - image_processor - DEBUG - [image_processing.py:91] - Non-maximum suppression started
2025-12-20 00:20:50 - image_processor - DEBUG - [image_processing.py:53] - RGB to grayscale conversion completed. Result shape: (750, 750)
2025-12-20 00:20:50 - image_processor - DEBUG - [image_processing.py:30] - Convolution started. Image shape: (750, 750), kernel shape: (3, 3)
2025-12-20 00:20:50 - image_processor - DEBUG - [parallel_convolution.py:28] - Convolution worker started for image 9 (PID 5864, breed: Turkish Angora)
2025-12-20 00:20:50 - image_processor - DEBUG - [image_processing.py:24] - ImageProcessing instance created
2025-12-20 00:20:50 - image_processor - DEBUG - [image_processing.py:120] - Edge detection (Canny) started
2025-12-20 00:20:50 - image_processor - DEBUG - [image_processing.py:46] - RGB to grayscale conversion started. Image shape: (1080, 1080, 3)
2025-12-20 00:20:50 - image_processor - DEBUG - [image_processing.py:36] - Convolution completed in 0.0349 seconds
2025-12-20 00:20:50 - image_processor - DEBUG - [image_processing.py:30] - Convolution started. Image shape: (750, 750), kernel shape: (3, 3)
2025-12-20 00:20:50 - image_processor - DEBUG - [image_processing.py:36] - Convolution completed in 0.0084 seconds
2025-12-20 00:20:50 - image_processor - DEBUG - [parallel_convolution.py:48] - Library edge detection worker started for image 7 (PID 10112, breed: Tonkinese)
2025-12-20 00:20:50 - image_processor - DEBUG - [image_processing.py:24] - ImageProcessing instance created
2025-12-20 00:20:50 - image_processor - DEBUG - [image_processing.py:120] - Edge detection (Canny) started
2025-12-20 00:20:50 - image_processor - DEBUG - [image_processing.py:46] - RGB to grayscale conversion started. Image shape: (1080, 1080, 3)
2025-12-20 00:20:50 - image_processor - DEBUG - [image_processing.py:91] - Non-maximum suppression started
2025-12-20 00:20:50 - image_processor - DEBUG - [image_processing.py:53] - RGB to grayscale conversion completed. Result shape: (1080, 1080)
2025-12-20 00:20:50 - image_processor - DEBUG - [image_processing.py:30] - Convolution started. Image shape: (1080, 1080), kernel shape: (3, 3)
2025-12-20 00:20:50 - image_processor - DEBUG - [image_processing.py:53] - RGB to grayscale conversion completed. Result shape: (1080, 1080)
2025-12-20 00:20:50 - image_processor - DEBUG - [image_processing.py:30] - Convolution started. Image shape: (1080, 1080), kernel shape: (3, 3)
2025-12-20 00:20:50 - image_processor - DEBUG - [image_processing.py:36] - Convolution completed in 0.0262 seconds
2025-12-20 00:20:50 - image_processor - DEBUG - [image_processing.py:30] - Convolution started. Image shape: (1080, 1080), kernel shape: (3, 3)
2025-12-20 00:20:50 - image_processor - DEBUG - [image_processing.py:36] - Convolution completed in 0.0192 seconds
2025-12-20 00:20:50 - image_processor - DEBUG - [image_processing.py:36] - Convolution completed in 0.0329 seconds
2025-12-20 00:20:50 - image_processor - DEBUG - [image_processing.py:30] - Convolution started. Image shape: (1080, 1080), kernel shape: (3, 3)
2025-12-20 00:20:50 - image_processor - DEBUG - [image_processing.py:36] - Convolution completed in 0.0285 seconds
2025-12-20 00:20:50 - image_processor - DEBUG - [parallel_convolution.py:28] - Convolution worker started for image 10 (PID 18468, breed: Turkish Van)
2025-12-20 00:20:50 - image_processor - DEBUG - [image_processing.py:24] - ImageProcessing instance created
2025-12-20 00:20:50 - image_processor - DEBUG - [image_processing.py:120] - Edge detection (Canny) started
2025-12-20 00:20:50 - image_processor - DEBUG - [image_processing.py:46] - RGB to grayscale conversion started. Image shape: (1330, 1127, 3)
2025-12-20 00:20:50 - image_processor - DEBUG - [image_processing.py:91] - Non-maximum suppression started
2025-12-20 00:20:50 - image_processor - DEBUG - [image_processing.py:91] - Non-maximum suppression started
2025-12-20 00:20:50 - image_processor - DEBUG - [image_processing.py:53] - RGB to grayscale conversion completed. Result shape: (1330, 1127)
2025-12-20 00:20:50 - image_processor - DEBUG - [image_processing.py:30] - Convolution started. Image shape: (1330, 1127), kernel shape: (3, 3)
2025-12-20 00:20:50 - image_processor - DEBUG - [parallel_convolution.py:48] - Library edge detection worker started for image 8 (PID 17572, breed: Toyger)
2025-12-20 00:20:50 - image_processor - DEBUG - [image_processing.py:24] - ImageProcessing instance created
2025-12-20 00:20:50 - image_processor - DEBUG - [image_processing.py:120] - Edge detection (Canny) started
2025-12-20 00:20:50 - image_processor - DEBUG - [image_processing.py:46] - RGB to grayscale conversion started. Image shape: (1080, 1080, 3)
2025-12-20 00:20:50 - image_processor - DEBUG - [parallel_convolution.py:48] - Library edge detection worker started for image 9 (PID 7648, breed: Turkish Angora)
2025-12-20 00:20:50 - image_processor - DEBUG - [image_processing.py:24] - ImageProcessing instance created
2025-12-20 00:20:50 - image_processor - DEBUG - [image_processing.py:120] - Edge detection (Canny) started
2025-12-20 00:20:50 - image_processor - DEBUG - [image_processing.py:46] - RGB to grayscale conversion started. Image shape: (1080, 1080, 3)
2025-12-20 00:20:50 - image_processor - DEBUG - [image_processing.py:36] - Convolution completed in 0.0611 seconds
2025-12-20 00:20:50 - image_processor - DEBUG - [image_processing.py:30] - Convolution started. Image shape: (1330, 1127), kernel shape: (3, 3)
2025-12-20 00:20:50 - image_processor - DEBUG - [image_processing.py:36] - Convolution completed in 0.0363 seconds
2025-12-20 00:20:50 - image_processor - DEBUG - [image_processing.py:53] - RGB to grayscale conversion completed. Result shape: (1080, 1080)
2025-12-20 00:20:50 - image_processor - DEBUG - [image_processing.py:30] - Convolution started. Image shape: (1080, 1080), kernel shape: (3, 3)
2025-12-20 00:20:50 - image_processor - DEBUG - [image_processing.py:53] - RGB to grayscale conversion completed. Result shape: (1080, 1080)
2025-12-20 00:20:50 - image_processor - DEBUG - [image_processing.py:30] - Convolution started. Image shape: (1080, 1080), kernel shape: (3, 3)
2025-12-20 00:20:50 - image_processor - DEBUG - [image_processing.py:36] - Convolution completed in 0.0541 seconds
2025-12-20 00:20:50 - image_processor - DEBUG - [image_processing.py:30] - Convolution started. Image shape: (1080, 1080), kernel shape: (3, 3)
2025-12-20 00:20:50 - image_processor - DEBUG - [image_processing.py:36] - Convolution completed in 0.0562 seconds
2025-12-20 00:20:50 - image_processor - DEBUG - [image_processing.py:30] - Convolution started. Image shape: (1080, 1080), kernel shape: (3, 3)
2025-12-20 00:20:50 - image_processor - DEBUG - [image_processing.py:36] - Convolution completed in 0.0468 seconds
2025-12-20 00:20:50 - image_processor - DEBUG - [image_processing.py:91] - Non-maximum suppression started
2025-12-20 00:20:50 - image_processor - DEBUG - [image_processing.py:36] - Convolution completed in 0.0458 seconds
2025-12-20 00:20:50 - image_processor - DEBUG - [image_processing.py:91] - Non-maximum suppression started
2025-12-20 00:20:51 - image_processor - DEBUG - [parallel_convolution.py:48] - Library edge detection worker started for image 10 (PID 18444, breed: Turkish Van)
2025-12-20 00:20:51 - image_processor - DEBUG - [image_processing.py:24] - ImageProcessing instance created
2025-12-20 00:20:51 - image_processor - DEBUG - [image_processing.py:120] - Edge detection (Canny) started
2025-12-20 00:20:51 - image_processor - DEBUG - [image_processing.py:46] - RGB to grayscale conversion started. Image shape: (1330, 1127, 3)
2025-12-20 00:20:51 - image_processor - DEBUG - [image_processing.py:91] - Non-maximum suppression started
2025-12-20 00:20:51 - image_processor - DEBUG - [image_processing.py:53] - RGB to grayscale conversion completed. Result shape: (1330, 1127)
2025-12-20 00:20:51 - image_processor - DEBUG - [image_processing.py:30] - Convolution started. Image shape: (1330, 1127), kernel shape: (3, 3)
2025-12-20 00:20:51 - image_processor - DEBUG - [image_processing.py:36] - Convolution completed in 0.0722 seconds
2025-12-20 00:20:51 - image_processor - DEBUG - [image_processing.py:30] - Convolution started. Image shape: (1330, 1127), kernel shape: (3, 3)
2025-12-20 00:20:51 - image_processor - DEBUG - [image_processing.py:36] - Convolution completed in 0.0770 seconds
2025-12-20 00:20:51 - image_processor - DEBUG - [image_processing.py:91] - Non-maximum suppression started
2025-12-20 00:20:51 - image_processor - DEBUG - [image_processing.py:113] - Non-maximum suppression completed
2025-12-20 00:20:51 - image_processor - DEBUG - [image_processing.py:139] - Edge detection completed in 1.3735 seconds
2025-12-20 00:20:51 - image_processor - DEBUG - [parallel_convolution.py:33] - Convolution worker finished for image 6 (PID 15304)
2025-12-20 00:20:51 - image_processor - DEBUG - [image_processing.py:113] - Non-maximum suppression completed
2025-12-20 00:20:51 - image_processor - DEBUG - [image_processing.py:139] - Edge detection completed in 1.4219 seconds
2025-12-20 00:20:51 - image_processor - DEBUG - [parallel_convolution.py:53] - Library edge detection worker finished for image 6 (PID 16228)
2025-12-20 00:20:52 - image_processor - DEBUG - [image_processing.py:113] - Non-maximum suppression completed
2025-12-20 00:20:52 - image_processor - DEBUG - [image_processing.py:139] - Edge detection completed in 2.7360 seconds
2025-12-20 00:20:52 - image_processor - DEBUG - [parallel_convolution.py:33] - Convolution worker finished for image 7 (PID 15200)
2025-12-20 00:20:53 - image_processor - DEBUG - [image_processing.py:113] - Non-maximum suppression completed
2025-12-20 00:20:53 - image_processor - DEBUG - [image_processing.py:139] - Edge detection completed in 2.7656 seconds
2025-12-20 00:20:53 - image_processor - DEBUG - [parallel_convolution.py:33] - Convolution worker finished for image 8 (PID 3136)
2025-12-20 00:20:53 - image_processor - DEBUG - [image_processing.py:113] - Non-maximum suppression completed
2025-12-20 00:20:53 - image_processor - DEBUG - [image_processing.py:139] - Edge detection completed in 3.1235 seconds
2025-12-20 00:20:53 - image_processor - DEBUG - [parallel_convolution.py:53] - Library edge detection worker finished for image 7 (PID 10112)
2025-12-20 00:20:53 - image_processor - DEBUG - [image_processing.py:113] - Non-maximum suppression completed
2025-12-20 00:20:53 - image_processor - DEBUG - [image_processing.py:139] - Edge detection completed in 3.3558 seconds
2025-12-20 00:20:53 - image_processor - DEBUG - [parallel_convolution.py:33] - Convolution worker finished for image 9 (PID 5864)
2025-12-20 00:20:53 - image_processor - DEBUG - [image_processing.py:113] - Non-maximum suppression completed
2025-12-20 00:20:53 - image_processor - DEBUG - [image_processing.py:139] - Edge detection completed in 3.1278 seconds
2025-12-20 00:20:53 - image_processor - DEBUG - [parallel_convolution.py:53] - Library edge detection worker finished for image 8 (PID 17572)
2025-12-20 00:20:53 - image_processor - DEBUG - [image_processing.py:113] - Non-maximum suppression completed
2025-12-20 00:20:53 - image_processor - DEBUG - [image_processing.py:139] - Edge detection completed in 3.1149 seconds
2025-12-20 00:20:53 - image_processor - DEBUG - [parallel_convolution.py:53] - Library edge detection worker finished for image 9 (PID 7648)
2025-12-20 00:20:54 - image_processor - DEBUG - [image_processing.py:113] - Non-maximum suppression completed
2025-12-20 00:20:54 - image_processor - DEBUG - [image_processing.py:139] - Edge detection completed in 3.4641 seconds
2025-12-20 00:20:54 - image_processor - DEBUG - [parallel_convolution.py:33] - Convolution worker finished for image 10 (PID 18468)
2025-12-20 00:20:54 - image_processor - INFO - [parallel_convolution.py:137] - Parallel custom edge detection completed for 5 images
2025-12-20 00:20:54 - image_processor - DEBUG - [image_processing.py:113] - Non-maximum suppression completed
2025-12-20 00:20:54 - image_processor - DEBUG - [image_processing.py:139] - Edge detection completed in 3.4105 seconds
2025-12-20 00:20:54 - image_processor - DEBUG - [parallel_convolution.py:53] - Library edge detection worker finished for image 10 (PID 18444)
2025-12-20 00:20:54 - image_processor - INFO - [parallel_convolution.py:154] - Parallel library edge detection completed for 5 images
2025-12-20 00:20:54 - image_processor - DEBUG - [async_pipeline.py:113] - Edge detection completed
2025-12-20 00:20:54 - image_processor - INFO - [parallel_convolution.py:166] - Starting parallel arithmetic operations for 5 images
2025-12-20 00:20:55 - image_processor - DEBUG - [parallel_convolution.py:70] - Arithmetic operations worker started for image 6 (PID 8188, breed: Snowshoe)
2025-12-20 00:20:55 - image_processor - DEBUG - [abstract_image.py:141] - Addition operation started
2025-12-20 00:20:55 - image_processor - DEBUG - [abstract_image.py:129] - Converting grayscale to RGB (3 channels)
2025-12-20 00:20:55 - image_processor - DEBUG - [parallel_convolution.py:70] - Arithmetic operations worker started for image 7 (PID 18148, breed: Tonkinese)
2025-12-20 00:20:55 - image_processor - DEBUG - [abstract_image.py:141] - Addition operation started
2025-12-20 00:20:55 - image_processor - DEBUG - [abstract_image.py:129] - Converting grayscale to RGB (3 channels)
2025-12-20 00:20:55 - image_processor - DEBUG - [abstract_image.py:166] - Addition operation completed. Result shape: (750, 750, 3)
2025-12-20 00:20:55 - image_processor - DEBUG - [image_processing.py:24] - ImageProcessing instance created
2025-12-20 00:20:55 - image_processor - DEBUG - [abstract_image.py:35] - CatImage created: breed=Snowshoe+processed, shape=(750, 750, 3), url=combined_Snowshoe...
2025-12-20 00:20:55 - image_processor - DEBUG - [abstract_image.py:173] - Subtraction operation started
2025-12-20 00:20:55 - image_processor - DEBUG - [abstract_image.py:129] - Converting grayscale to RGB (3 channels)
2025-12-20 00:20:55 - image_processor - DEBUG - [parallel_convolution.py:70] - Arithmetic operations worker started for image 8 (PID 1372, breed: Toyger)
2025-12-20 00:20:55 - image_processor - DEBUG - [abstract_image.py:141] - Addition operation started
2025-12-20 00:20:55 - image_processor - DEBUG - [abstract_image.py:129] - Converting grayscale to RGB (3 channels)
2025-12-20 00:20:55 - image_processor - DEBUG - [parallel_convolution.py:70] - Arithmetic operations worker started for image 9 (PID 11344, breed: Turkish Angora)
2025-12-20 00:20:55 - image_processor - DEBUG - [abstract_image.py:141] - Addition operation started
2025-12-20 00:20:55 - image_processor - DEBUG - [abstract_image.py:129] - Converting grayscale to RGB (3 channels)
2025-12-20 00:20:55 - image_processor - DEBUG - [abstract_image.py:198] - Subtraction operation completed. Result shape: (750, 750, 3)
2025-12-20 00:20:55 - image_processor - DEBUG - [image_processing.py:24] - ImageProcessing instance created
2025-12-20 00:20:55 - image_processor - DEBUG - [abstract_image.py:35] - CatImage created: breed=Snowshoe-processed, shape=(750, 750, 3), url=subtracted_Snowshoe...
2025-12-20 00:20:55 - image_processor - DEBUG - [abstract_image.py:141] - Addition operation started
2025-12-20 00:20:55 - image_processor - DEBUG - [abstract_image.py:129] - Converting grayscale to RGB (3 channels)
2025-12-20 00:20:55 - image_processor - DEBUG - [parallel_convolution.py:70] - Arithmetic operations worker started for image 10 (PID 12232, breed: Turkish Van)
2025-12-20 00:20:55 - image_processor - DEBUG - [abstract_image.py:141] - Addition operation started
2025-12-20 00:20:55 - image_processor - DEBUG - [abstract_image.py:129] - Converting grayscale to RGB (3 channels)
2025-12-20 00:20:55 - image_processor - DEBUG - [abstract_image.py:166] - Addition operation completed. Result shape: (1080, 1080, 3)
2025-12-20 00:20:55 - image_processor - DEBUG - [image_processing.py:24] - ImageProcessing instance created
2025-12-20 00:20:55 - image_processor - DEBUG - [abstract_image.py:35] - CatImage created: breed=Tonkinese+processed, shape=(1080, 1080, 3), url=combined_Tonkinese...
2025-12-20 00:20:55 - image_processor - DEBUG - [abstract_image.py:173] - Subtraction operation started
2025-12-20 00:20:55 - image_processor - DEBUG - [abstract_image.py:129] - Converting grayscale to RGB (3 channels)
2025-12-20 00:20:55 - image_processor - DEBUG - [abstract_image.py:166] - Addition operation completed. Result shape: (1080, 1080, 3)
2025-12-20 00:20:55 - image_processor - DEBUG - [image_processing.py:24] - ImageProcessing instance created
2025-12-20 00:20:55 - image_processor - DEBUG - [abstract_image.py:35] - CatImage created: breed=Toyger+processed, shape=(1080, 1080, 3), url=combined_Toyger...
2025-12-20 00:20:55 - image_processor - DEBUG - [abstract_image.py:166] - Addition operation completed. Result shape: (750, 750, 3)
2025-12-20 00:20:55 - image_processor - DEBUG - [image_processing.py:24] - ImageProcessing instance created
2025-12-20 00:20:55 - image_processor - DEBUG - [abstract_image.py:35] - CatImage created: breed=Snowshoe+processed, shape=(750, 750, 3), url=combined_Snowshoe...
2025-12-20 00:20:55 - image_processor - DEBUG - [abstract_image.py:173] - Subtraction operation started
2025-12-20 00:20:55 - image_processor - DEBUG - [abstract_image.py:173] - Subtraction operation started
2025-12-20 00:20:55 - image_processor - DEBUG - [abstract_image.py:129] - Converting grayscale to RGB (3 channels)
2025-12-20 00:20:55 - image_processor - DEBUG - [abstract_image.py:129] - Converting grayscale to RGB (3 channels)
2025-12-20 00:20:55 - image_processor - DEBUG - [abstract_image.py:166] - Addition operation completed. Result shape: (1080, 1080, 3)
2025-12-20 00:20:55 - image_processor - DEBUG - [image_processing.py:24] - ImageProcessing instance created
2025-12-20 00:20:55 - image_processor - DEBUG - [abstract_image.py:35] - CatImage created: breed=Turkish Angora+processed, shape=(1080, 1080, 3), url=combined_Turkish Angora...
2025-12-20 00:20:55 - image_processor - DEBUG - [abstract_image.py:173] - Subtraction operation started
2025-12-20 00:20:55 - image_processor - DEBUG - [abstract_image.py:129] - Converting grayscale to RGB (3 channels)
2025-12-20 00:20:55 - image_processor - DEBUG - [abstract_image.py:198] - Subtraction operation completed. Result shape: (1080, 1080, 3)
2025-12-20 00:20:55 - image_processor - DEBUG - [image_processing.py:24] - ImageProcessing instance created
2025-12-20 00:20:55 - image_processor - DEBUG - [abstract_image.py:35] - CatImage created: breed=Tonkinese-processed, shape=(1080, 1080, 3), url=subtracted_Tonkinese...
2025-12-20 00:20:55 - image_processor - DEBUG - [abstract_image.py:141] - Addition operation started
2025-12-20 00:20:55 - image_processor - DEBUG - [abstract_image.py:129] - Converting grayscale to RGB (3 channels)
2025-12-20 00:20:55 - image_processor - DEBUG - [abstract_image.py:198] - Subtraction operation completed. Result shape: (750, 750, 3)
2025-12-20 00:20:55 - image_processor - DEBUG - [image_processing.py:24] - ImageProcessing instance created
2025-12-20 00:20:55 - image_processor - DEBUG - [abstract_image.py:35] - CatImage created: breed=Snowshoe-processed, shape=(750, 750, 3), url=subtracted_Snowshoe...
2025-12-20 00:20:55 - image_processor - DEBUG - [abstract_image.py:166] - Addition operation completed. Result shape: (1330, 1127, 3)
2025-12-20 00:20:55 - image_processor - DEBUG - [image_processing.py:24] - ImageProcessing instance created
2025-12-20 00:20:55 - image_processor - DEBUG - [abstract_image.py:35] - CatImage created: breed=Turkish Van+processed, shape=(1330, 1127, 3), url=combined_Turkish Van...
2025-12-20 00:20:55 - image_processor - DEBUG - [parallel_convolution.py:85] - Arithmetic operations worker finished for image 6 (PID 8188)
2025-12-20 00:20:55 - image_processor - DEBUG - [abstract_image.py:173] - Subtraction operation started
2025-12-20 00:20:55 - image_processor - DEBUG - [abstract_image.py:129] - Converting grayscale to RGB (3 channels)
2025-12-20 00:20:55 - image_processor - DEBUG - [abstract_image.py:198] - Subtraction operation completed. Result shape: (1080, 1080, 3)
2025-12-20 00:20:55 - image_processor - DEBUG - [image_processing.py:24] - ImageProcessing instance created
2025-12-20 00:20:55 - image_processor - DEBUG - [abstract_image.py:35] - CatImage created: breed=Toyger-processed, shape=(1080, 1080, 3), url=subtracted_Toyger...
2025-12-20 00:20:55 - image_processor - DEBUG - [abstract_image.py:198] - Subtraction operation completed. Result shape: (1080, 1080, 3)
2025-12-20 00:20:55 - image_processor - DEBUG - [image_processing.py:24] - ImageProcessing instance created
2025-12-20 00:20:55 - image_processor - DEBUG - [abstract_image.py:35] - CatImage created: breed=Turkish Angora-processed, shape=(1080, 1080, 3), url=subtracted_Turkish Angora...
2025-12-20 00:20:55 - image_processor - DEBUG - [abstract_image.py:141] - Addition operation started
2025-12-20 00:20:55 - image_processor - DEBUG - [abstract_image.py:141] - Addition operation started
2025-12-20 00:20:55 - image_processor - DEBUG - [abstract_image.py:129] - Converting grayscale to RGB (3 channels)
2025-12-20 00:20:55 - image_processor - DEBUG - [abstract_image.py:129] - Converting grayscale to RGB (3 channels)
2025-12-20 00:20:55 - image_processor - DEBUG - [abstract_image.py:166] - Addition operation completed. Result shape: (1080, 1080, 3)
2025-12-20 00:20:55 - image_processor - DEBUG - [image_processing.py:24] - ImageProcessing instance created
2025-12-20 00:20:55 - image_processor - DEBUG - [abstract_image.py:35] - CatImage created: breed=Tonkinese+processed, shape=(1080, 1080, 3), url=combined_Tonkinese...
2025-12-20 00:20:55 - image_processor - DEBUG - [abstract_image.py:173] - Subtraction operation started
2025-12-20 00:20:55 - image_processor - DEBUG - [abstract_image.py:129] - Converting grayscale to RGB (3 channels)
2025-12-20 00:20:55 - image_processor - DEBUG - [abstract_image.py:198] - Subtraction operation completed. Result shape: (1330, 1127, 3)
2025-12-20 00:20:55 - image_processor - DEBUG - [image_processing.py:24] - ImageProcessing instance created
2025-12-20 00:20:55 - image_processor - DEBUG - [abstract_image.py:35] - CatImage created: breed=Turkish Van-processed, shape=(1330, 1127, 3), url=subtracted_Turkish Van...
2025-12-20 00:20:55 - image_processor - DEBUG - [abstract_image.py:141] - Addition operation started
2025-12-20 00:20:55 - image_processor - DEBUG - [abstract_image.py:129] - Converting grayscale to RGB (3 channels)
2025-12-20 00:20:55 - image_processor - DEBUG - [abstract_image.py:166] - Addition operation completed. Result shape: (1080, 1080, 3)
2025-12-20 00:20:55 - image_processor - DEBUG - [image_processing.py:24] - ImageProcessing instance created
2025-12-20 00:20:55 - image_processor - DEBUG - [abstract_image.py:35] - CatImage created: breed=Toyger+processed, shape=(1080, 1080, 3), url=combined_Toyger...
2025-12-20 00:20:55 - image_processor - DEBUG - [abstract_image.py:173] - Subtraction operation started
2025-12-20 00:20:55 - image_processor - DEBUG - [abstract_image.py:129] - Converting grayscale to RGB (3 channels)
2025-12-20 00:20:55 - image_processor - DEBUG - [abstract_image.py:166] - Addition operation completed. Result shape: (1080, 1080, 3)
2025-12-20 00:20:55 - image_processor - DEBUG - [image_processing.py:24] - ImageProcessing instance created
2025-12-20 00:20:55 - image_processor - DEBUG - [abstract_image.py:35] - CatImage created: breed=Turkish Angora+processed, shape=(1080, 1080, 3), url=combined_Turkish Angora...
2025-12-20 00:20:55 - image_processor - DEBUG - [abstract_image.py:173] - Subtraction operation started
2025-12-20 00:20:55 - image_processor - DEBUG - [abstract_image.py:129] - Converting grayscale to RGB (3 channels)
2025-12-20 00:20:55 - image_processor - DEBUG - [abstract_image.py:198] - Subtraction operation completed. Result shape: (1080, 1080, 3)
2025-12-20 00:20:55 - image_processor - DEBUG - [image_processing.py:24] - ImageProcessing instance created
2025-12-20 00:20:55 - image_processor - DEBUG - [abstract_image.py:35] - CatImage created: breed=Tonkinese-processed, shape=(1080, 1080, 3), url=subtracted_Tonkinese...
2025-12-20 00:20:55 - image_processor - DEBUG - [parallel_convolution.py:85] - Arithmetic operations worker finished for image 7 (PID 18148)
2025-12-20 00:20:56 - image_processor - DEBUG - [abstract_image.py:198] - Subtraction operation completed. Result shape: (1080, 1080, 3)
2025-12-20 00:20:56 - image_processor - DEBUG - [image_processing.py:24] - ImageProcessing instance created
2025-12-20 00:20:56 - image_processor - DEBUG - [abstract_image.py:35] - CatImage created: breed=Toyger-processed, shape=(1080, 1080, 3), url=subtracted_Toyger...
2025-12-20 00:20:56 - image_processor - DEBUG - [parallel_convolution.py:85] - Arithmetic operations worker finished for image 8 (PID 1372)
2025-12-20 00:20:56 - image_processor - DEBUG - [abstract_image.py:198] - Subtraction operation completed. Result shape: (1080, 1080, 3)
2025-12-20 00:20:56 - image_processor - DEBUG - [image_processing.py:24] - ImageProcessing instance created
2025-12-20 00:20:56 - image_processor - DEBUG - [abstract_image.py:35] - CatImage created: breed=Turkish Angora-processed, shape=(1080, 1080, 3), url=subtracted_Turkish Angora...
2025-12-20 00:20:56 - image_processor - DEBUG - [parallel_convolution.py:85] - Arithmetic operations worker finished for image 9 (PID 11344)
2025-12-20 00:20:56 - image_processor - DEBUG - [abstract_image.py:166] - Addition operation completed. Result shape: (1330, 1127, 3)
2025-12-20 00:20:56 - image_processor - DEBUG - [image_processing.py:24] - ImageProcessing instance created
2025-12-20 00:20:56 - image_processor - DEBUG - [abstract_image.py:35] - CatImage created: breed=Turkish Van+processed, shape=(1330, 1127, 3), url=combined_Turkish Van...
2025-12-20 00:20:56 - image_processor - DEBUG - [abstract_image.py:173] - Subtraction operation started
2025-12-20 00:20:56 - image_processor - DEBUG - [abstract_image.py:129] - Converting grayscale to RGB (3 channels)
2025-12-20 00:20:56 - image_processor - DEBUG - [abstract_image.py:198] - Subtraction operation completed. Result shape: (1330, 1127, 3)
2025-12-20 00:20:56 - image_processor - DEBUG - [image_processing.py:24] - ImageProcessing instance created
2025-12-20 00:20:56 - image_processor - DEBUG - [abstract_image.py:35] - CatImage created: breed=Turkish Van-processed, shape=(1330, 1127, 3), url=subtracted_Turkish Van...
2025-12-20 00:20:56 - image_processor - DEBUG - [parallel_convolution.py:85] - Arithmetic operations worker finished for image 10 (PID 12232)
2025-12-20 00:20:56 - image_processor - INFO - [parallel_convolution.py:193] - Parallel arithmetic operations completed for 5 images
2025-12-20 00:20:56 - image_processor - DEBUG - [async_pipeline.py:124] - Arithmetic operations completed
2025-12-20 00:20:56 - image_processor - DEBUG - [async_pipeline.py:152] - Chunk processed: 5 images with all operations completed
2025-12-20 00:20:56 - image_processor - DEBUG - [async_pipeline.py:187] - Saving image 6 (Snowshoe)
2025-12-20 00:20:56 - image_processor - DEBUG - [async_pipeline.py:187] - Saving image 7 (Tonkinese)
2025-12-20 00:20:56 - image_processor - DEBUG - [async_pipeline.py:187] - Saving image 8 (Toyger)
2025-12-20 00:20:56 - image_processor - DEBUG - [async_pipeline.py:187] - Saving image 9 (Turkish Angora)
2025-12-20 00:20:56 - image_processor - DEBUG - [async_pipeline.py:187] - Saving image 10 (Turkish Van)
2025-12-20 00:20:57 - image_processor - DEBUG - [async_pipeline.py:203] - Image 6 saved (3 files)
2025-12-20 00:20:57 - image_processor - DEBUG - [async_pipeline.py:203] - Image 7 saved (3 files)
2025-12-20 00:20:57 - image_processor - DEBUG - [async_pipeline.py:203] - Image 8 saved (3 files)
2025-12-20 00:20:57 - image_processor - DEBUG - [async_pipeline.py:203] - Image 9 saved (3 files)
2025-12-20 00:20:57 - image_processor - DEBUG - [async_pipeline.py:203] - Image 10 saved (3 files)
2025-12-20 00:20:57 - image_processor - INFO - [async_pipeline.py:79] - Stage 1 completed: All chunks downloaded
2025-12-20 00:20:57 - image_processor - INFO - [async_pipeline.py:155] - Stage 2 completed: All convolutions and operations done
2025-12-20 00:20:57 - image_processor - INFO - [async_pipeline.py:177] - Stage 3 completed: 10 images saved
2025-12-20 00:20:57 - image_processor - INFO - [async_pipeline.py:230] - Pipeline execution completed successfully. Results saved to: C:\Users\Bruss\OneDrive\Рабочий стол\LAB-1\LAB-1\image_processing_project\image_processor\results_async
2025-12-20 00:24:03 - image_processor - INFO - [async_main.py:90] - Async main module started
2025-12-20 00:24:03 - image_processor - INFO - [async_main.py:33] - ======================================================================
2025-12-20 00:24:03 - image_processor - INFO - [async_main.py:34] - Async Image Processing Pipeline Started
2025-12-20 00:24:03 - image_processor - INFO - [async_main.py:35] - ======================================================================
2025-12-20 00:24:03 - image_processor - INFO - [async_main.py:48] - CAT_API_KEY loaded successfully
2025-12-20 00:24:03 - image_processor - INFO - [async_main.py:57] - Initializing AsyncImagePipeline
2025-12-20 00:24:03 - image_processor - DEBUG - [async_main.py:58] - Parameters: api_type=cat, limit=2, output_dir=./results
2025-12-20 00:24:03 - image_processor - DEBUG - [async_image_processor.py:44] - AsyncImageProcessor initialized for cat API
2025-12-20 00:24:03 - image_processor - INFO - [parallel_convolution.py:119] - ParallelConvolutionProcessor initialized with 8 processes (all CPU cores)
2025-12-20 00:24:03 - image_processor - INFO - [async_pipeline.py:53] - AsyncImagePipeline initialized for cat API with chunk_size=1
2025-12-20 00:24:03 - image_processor - INFO - [async_main.py:68] - AsyncImagePipeline initialized successfully
2025-12-20 00:24:03 - image_processor - ERROR - [async_main.py:83] - Pipeline execution failed: 'AsyncImageProcessor' object has no attribute 'baseurl'
Traceback (most recent call last):
  File "C:\Users\Bruss\OneDrive\Рабочий стол\LAB-1\LAB-1\image_processing_project\image_processor\async_main.py", line 69, in main
    logger.debug(f"Base URL: {pipeline.processor.baseurl}")
                              ^^^^^^^^^^^^^^^^^^^^^^^^^^
AttributeError: 'AsyncImageProcessor' object has no attribute 'baseurl'
2025-12-20 00:24:03 - image_processor - INFO - [async_main.py:99] - Async main module finished
2025-12-20 00:26:51 - image_processor - INFO - [async_main.py:90] - Async main module started
2025-12-20 00:26:51 - image_processor - INFO - [async_main.py:33] - ======================================================================
2025-12-20 00:26:51 - image_processor - INFO - [async_main.py:34] - Async Image Processing Pipeline Started
2025-12-20 00:26:51 - image_processor - INFO - [async_main.py:35] - ======================================================================
2025-12-20 00:26:51 - image_processor - INFO - [async_main.py:48] - CAT_API_KEY loaded successfully
2025-12-20 00:26:51 - image_processor - INFO - [async_main.py:57] - Initializing AsyncImagePipeline
2025-12-20 00:26:51 - image_processor - DEBUG - [async_main.py:58] - Parameters: api_type=cat, limit=2, output_dir=./results
2025-12-20 00:26:51 - image_processor - DEBUG - [async_image_processor.py:44] - AsyncImageProcessor initialized for cat API
2025-12-20 00:26:51 - image_processor - INFO - [parallel_convolution.py:119] - ParallelConvolutionProcessor initialized with 8 processes (all CPU cores)
2025-12-20 00:26:51 - image_processor - INFO - [async_pipeline.py:53] - AsyncImagePipeline initialized for cat API with chunk_size=1
2025-12-20 00:26:51 - image_processor - INFO - [async_main.py:68] - AsyncImagePipeline initialized successfully
2025-12-20 00:26:51 - image_processor - DEBUG - [async_main.py:69] - API type: cat
2025-12-20 00:26:51 - image_processor - INFO - [async_main.py:72] - Running pipeline with 2 images...
2025-12-20 00:26:51 - image_processor - INFO - [async_pipeline.py:223] - Pipeline execution started. Total images: 2, Chunk size: 1
2025-12-20 00:26:51 - image_processor - INFO - [async_pipeline.py:164] - Stage 3 started: Saving results
2025-12-20 00:26:51 - image_processor - INFO - [async_pipeline.py:88] - Stage 2 started: Convolution & Arithmetic Operations
2025-12-20 00:26:51 - image_processor - INFO - [async_pipeline.py:59] - Stage 1 started: Downloading 2 images with chunk_size=1
2025-12-20 00:26:51 - image_processor - INFO - [async_image_processor.py:60] - Fetching 2 image URLs from cat API
2025-12-20 00:26:53 - image_processor - INFO - [async_image_processor.py:89] - Successfully fetched 2 image URLs
2025-12-20 00:26:53 - image_processor - INFO - [async_pipeline.py:64] - Total 2 images will be processed in 2 chunk(s)
2025-12-20 00:26:53 - image_processor - INFO - [async_pipeline.py:70] - Processing chunk 1/2: images 1 to 1
2025-12-20 00:26:53 - image_processor - INFO - [async_image_processor.py:137] - Starting parallel download of 1 images
2025-12-20 00:26:53 - image_processor - DEBUG - [async_image_processor.py:106] - Downloading image 1 (breed: LaPerm)
2025-12-20 00:26:54 - image_processor - DEBUG - [async_image_processor.py:124] - Image 1 downloaded successfully (shape: (774, 1270, 3))
2025-12-20 00:26:54 - image_processor - INFO - [async_image_processor.py:148] - Parallel download completed: 1/1 successful
2025-12-20 00:26:54 - image_processor - DEBUG - [async_image_processor.py:156] - Creating image objects from 1 metadata entries
2025-12-20 00:26:54 - image_processor - DEBUG - [image_processing.py:24] - ImageProcessing instance created
2025-12-20 00:26:54 - image_processor - DEBUG - [abstract_image.py:35] - CatImage created: breed=LaPerm, shape=(774, 1270, 3), url=https://cdn2.thecatapi.com/images/VYfvpfuU7.jpg...
2025-12-20 00:26:54 - image_processor - DEBUG - [async_image_processor.py:177] - Image object created for index 1 (breed: LaPerm)
2025-12-20 00:26:54 - image_processor - INFO - [async_image_processor.py:179] - Created 1 image objects
2025-12-20 00:26:54 - image_processor - DEBUG - [async_pipeline.py:76] - Chunk 1: 1 images ready for processing
2025-12-20 00:26:54 - image_processor - DEBUG - [async_pipeline.py:95] - Processing chunk of 1 images
2025-12-20 00:26:54 - image_processor - INFO - [parallel_convolution.py:127] - Starting parallel custom edge detection for 1 images
2025-12-20 00:26:54 - image_processor - INFO - [parallel_convolution.py:144] - Starting parallel library edge detection for 1 images
2025-12-20 00:26:56 - image_processor - DEBUG - [parallel_convolution.py:48] - Library edge detection worker started for image 1 (PID 12248, breed: LaPerm)
2025-12-20 00:26:56 - image_processor - DEBUG - [image_processing.py:24] - ImageProcessing instance created
2025-12-20 00:26:56 - image_processor - DEBUG - [image_processing.py:120] - Edge detection (Canny) started
2025-12-20 00:26:56 - image_processor - DEBUG - [image_processing.py:46] - RGB to grayscale conversion started. Image shape: (774, 1270, 3)
2025-12-20 00:26:56 - image_processor - DEBUG - [image_processing.py:53] - RGB to grayscale conversion completed. Result shape: (774, 1270)
2025-12-20 00:26:56 - image_processor - DEBUG - [image_processing.py:30] - Convolution started. Image shape: (774, 1270), kernel shape: (3, 3)
2025-12-20 00:26:56 - image_processor - DEBUG - [image_processing.py:36] - Convolution completed in 0.0153 seconds
2025-12-20 00:26:56 - image_processor - DEBUG - [image_processing.py:30] - Convolution started. Image shape: (774, 1270), kernel shape: (3, 3)
2025-12-20 00:26:56 - image_processor - DEBUG - [image_processing.py:36] - Convolution completed in 0.0159 seconds
2025-12-20 00:26:56 - image_processor - DEBUG - [image_processing.py:91] - Non-maximum suppression started
2025-12-20 00:26:56 - image_processor - DEBUG - [parallel_convolution.py:28] - Convolution worker started for image 1 (PID 1940, breed: LaPerm)
2025-12-20 00:26:56 - image_processor - DEBUG - [image_processing.py:24] - ImageProcessing instance created
2025-12-20 00:26:56 - image_processor - DEBUG - [image_processing.py:120] - Edge detection (Canny) started
2025-12-20 00:26:56 - image_processor - DEBUG - [image_processing.py:46] - RGB to grayscale conversion started. Image shape: (774, 1270, 3)
2025-12-20 00:26:56 - image_processor - DEBUG - [image_processing.py:53] - RGB to grayscale conversion completed. Result shape: (774, 1270)
2025-12-20 00:26:56 - image_processor - DEBUG - [image_processing.py:30] - Convolution started. Image shape: (774, 1270), kernel shape: (3, 3)
2025-12-20 00:26:56 - image_processor - DEBUG - [image_processing.py:36] - Convolution completed in 0.0149 seconds
2025-12-20 00:26:56 - image_processor - DEBUG - [image_processing.py:30] - Convolution started. Image shape: (774, 1270), kernel shape: (3, 3)
2025-12-20 00:26:56 - image_processor - DEBUG - [image_processing.py:36] - Convolution completed in 0.0156 seconds
2025-12-20 00:26:56 - image_processor - DEBUG - [image_processing.py:91] - Non-maximum suppression started
2025-12-20 00:26:57 - image_processor - DEBUG - [image_processing.py:113] - Non-maximum suppression completed
2025-12-20 00:26:57 - image_processor - DEBUG - [image_processing.py:139] - Edge detection completed in 1.4083 seconds
2025-12-20 00:26:57 - image_processor - DEBUG - [parallel_convolution.py:53] - Library edge detection worker finished for image 1 (PID 12248)
2025-12-20 00:26:57 - image_processor - INFO - [parallel_convolution.py:154] - Parallel library edge detection completed for 1 images
2025-12-20 00:26:57 - image_processor - DEBUG - [image_processing.py:113] - Non-maximum suppression completed
2025-12-20 00:26:57 - image_processor - DEBUG - [image_processing.py:139] - Edge detection completed in 1.2910 seconds
2025-12-20 00:26:57 - image_processor - DEBUG - [parallel_convolution.py:33] - Convolution worker finished for image 1 (PID 1940)
2025-12-20 00:26:57 - image_processor - INFO - [parallel_convolution.py:137] - Parallel custom edge detection completed for 1 images
2025-12-20 00:26:57 - image_processor - DEBUG - [async_pipeline.py:113] - Edge detection completed
2025-12-20 00:26:57 - image_processor - INFO - [parallel_convolution.py:166] - Starting parallel arithmetic operations for 1 images
2025-12-20 00:26:59 - image_processor - DEBUG - [parallel_convolution.py:70] - Arithmetic operations worker started for image 1 (PID 20208, breed: LaPerm)
2025-12-20 00:26:59 - image_processor - DEBUG - [abstract_image.py:141] - Addition operation started
2025-12-20 00:26:59 - image_processor - DEBUG - [abstract_image.py:129] - Converting grayscale to RGB (3 channels)
2025-12-20 00:26:59 - image_processor - DEBUG - [abstract_image.py:166] - Addition operation completed. Result shape: (774, 1270, 3)
2025-12-20 00:26:59 - image_processor - DEBUG - [image_processing.py:24] - ImageProcessing instance created
2025-12-20 00:26:59 - image_processor - DEBUG - [abstract_image.py:35] - CatImage created: breed=LaPerm+processed, shape=(774, 1270, 3), url=combined_LaPerm...
2025-12-20 00:26:59 - image_processor - DEBUG - [abstract_image.py:173] - Subtraction operation started
2025-12-20 00:26:59 - image_processor - DEBUG - [abstract_image.py:129] - Converting grayscale to RGB (3 channels)
2025-12-20 00:26:59 - image_processor - DEBUG - [abstract_image.py:198] - Subtraction operation completed. Result shape: (774, 1270, 3)
2025-12-20 00:26:59 - image_processor - DEBUG - [image_processing.py:24] - ImageProcessing instance created
2025-12-20 00:26:59 - image_processor - DEBUG - [abstract_image.py:35] - CatImage created: breed=LaPerm-processed, shape=(774, 1270, 3), url=subtracted_LaPerm...
2025-12-20 00:26:59 - image_processor - DEBUG - [abstract_image.py:141] - Addition operation started
2025-12-20 00:26:59 - image_processor - DEBUG - [abstract_image.py:129] - Converting grayscale to RGB (3 channels)
2025-12-20 00:26:59 - image_processor - DEBUG - [abstract_image.py:166] - Addition operation completed. Result shape: (774, 1270, 3)
2025-12-20 00:26:59 - image_processor - DEBUG - [image_processing.py:24] - ImageProcessing instance created
2025-12-20 00:26:59 - image_processor - DEBUG - [abstract_image.py:35] - CatImage created: breed=LaPerm+processed, shape=(774, 1270, 3), url=combined_LaPerm...
2025-12-20 00:26:59 - image_processor - DEBUG - [abstract_image.py:173] - Subtraction operation started
2025-12-20 00:26:59 - image_processor - DEBUG - [abstract_image.py:129] - Converting grayscale to RGB (3 channels)
2025-12-20 00:26:59 - image_processor - DEBUG - [abstract_image.py:198] - Subtraction operation completed. Result shape: (774, 1270, 3)
2025-12-20 00:26:59 - image_processor - DEBUG - [image_processing.py:24] - ImageProcessing instance created
2025-12-20 00:26:59 - image_processor - DEBUG - [abstract_image.py:35] - CatImage created: breed=LaPerm-processed, shape=(774, 1270, 3), url=subtracted_LaPerm...
2025-12-20 00:26:59 - image_processor - DEBUG - [parallel_convolution.py:85] - Arithmetic operations worker finished for image 1 (PID 20208)
2025-12-20 00:26:59 - image_processor - INFO - [parallel_convolution.py:193] - Parallel arithmetic operations completed for 1 images
2025-12-20 00:26:59 - image_processor - DEBUG - [async_pipeline.py:124] - Arithmetic operations completed
2025-12-20 00:26:59 - image_processor - DEBUG - [async_pipeline.py:152] - Chunk processed: 1 images with all operations completed
2025-12-20 00:26:59 - image_processor - DEBUG - [async_pipeline.py:187] - Saving image 1 (LaPerm)
2025-12-20 00:26:59 - image_processor - DEBUG - [async_pipeline.py:203] - Image 1 saved (3 files)
2025-12-20 00:26:59 - image_processor - INFO - [async_pipeline.py:70] - Processing chunk 2/2: images 2 to 2
2025-12-20 00:26:59 - image_processor - INFO - [async_image_processor.py:137] - Starting parallel download of 1 images
2025-12-20 00:26:59 - image_processor - DEBUG - [async_image_processor.py:106] - Downloading image 2 (breed: Siamese)
2025-12-20 00:27:00 - image_processor - DEBUG - [async_image_processor.py:124] - Image 2 downloaded successfully (shape: (1080, 1080, 3))
2025-12-20 00:27:00 - image_processor - INFO - [async_image_processor.py:148] - Parallel download completed: 1/1 successful
2025-12-20 00:27:00 - image_processor - DEBUG - [async_image_processor.py:156] - Creating image objects from 1 metadata entries
2025-12-20 00:27:00 - image_processor - DEBUG - [image_processing.py:24] - ImageProcessing instance created
2025-12-20 00:27:00 - image_processor - DEBUG - [abstract_image.py:35] - CatImage created: breed=Siamese, shape=(1080, 1080, 3), url=https://cdn2.thecatapi.com/images/O2aNhFGU-.jpg...
2025-12-20 00:27:00 - image_processor - DEBUG - [async_image_processor.py:177] - Image object created for index 2 (breed: Siamese)
2025-12-20 00:27:00 - image_processor - INFO - [async_image_processor.py:179] - Created 1 image objects
2025-12-20 00:27:00 - image_processor - DEBUG - [async_pipeline.py:76] - Chunk 2: 1 images ready for processing
2025-12-20 00:27:00 - image_processor - DEBUG - [async_pipeline.py:95] - Processing chunk of 1 images
2025-12-20 00:27:00 - image_processor - INFO - [parallel_convolution.py:127] - Starting parallel custom edge detection for 1 images
2025-12-20 00:27:00 - image_processor - INFO - [parallel_convolution.py:144] - Starting parallel library edge detection for 1 images
2025-12-20 00:27:02 - image_processor - DEBUG - [parallel_convolution.py:28] - Convolution worker started for image 2 (PID 17672, breed: Siamese)
2025-12-20 00:27:02 - image_processor - DEBUG - [image_processing.py:24] - ImageProcessing instance created
2025-12-20 00:27:02 - image_processor - DEBUG - [image_processing.py:120] - Edge detection (Canny) started
2025-12-20 00:27:02 - image_processor - DEBUG - [image_processing.py:46] - RGB to grayscale conversion started. Image shape: (1080, 1080, 3)
2025-12-20 00:27:03 - image_processor - DEBUG - [image_processing.py:53] - RGB to grayscale conversion completed. Result shape: (1080, 1080)
2025-12-20 00:27:03 - image_processor - DEBUG - [image_processing.py:30] - Convolution started. Image shape: (1080, 1080), kernel shape: (3, 3)
2025-12-20 00:27:03 - image_processor - DEBUG - [image_processing.py:36] - Convolution completed in 0.0202 seconds
2025-12-20 00:27:03 - image_processor - DEBUG - [image_processing.py:30] - Convolution started. Image shape: (1080, 1080), kernel shape: (3, 3)
2025-12-20 00:27:03 - image_processor - DEBUG - [image_processing.py:36] - Convolution completed in 0.0204 seconds
2025-12-20 00:27:03 - image_processor - DEBUG - [image_processing.py:91] - Non-maximum suppression started
2025-12-20 00:27:03 - image_processor - DEBUG - [parallel_convolution.py:48] - Library edge detection worker started for image 2 (PID 3352, breed: Siamese)
2025-12-20 00:27:03 - image_processor - DEBUG - [image_processing.py:24] - ImageProcessing instance created
2025-12-20 00:27:03 - image_processor - DEBUG - [image_processing.py:120] - Edge detection (Canny) started
2025-12-20 00:27:03 - image_processor - DEBUG - [image_processing.py:46] - RGB to grayscale conversion started. Image shape: (1080, 1080, 3)
2025-12-20 00:27:03 - image_processor - DEBUG - [image_processing.py:53] - RGB to grayscale conversion completed. Result shape: (1080, 1080)
2025-12-20 00:27:03 - image_processor - DEBUG - [image_processing.py:30] - Convolution started. Image shape: (1080, 1080), kernel shape: (3, 3)
2025-12-20 00:27:03 - image_processor - DEBUG - [image_processing.py:36] - Convolution completed in 0.0211 seconds
2025-12-20 00:27:03 - image_processor - DEBUG - [image_processing.py:30] - Convolution started. Image shape: (1080, 1080), kernel shape: (3, 3)
2025-12-20 00:27:03 - image_processor - DEBUG - [image_processing.py:36] - Convolution completed in 0.0177 seconds
2025-12-20 00:27:03 - image_processor - DEBUG - [image_processing.py:91] - Non-maximum suppression started
2025-12-20 00:27:04 - image_processor - DEBUG - [image_processing.py:113] - Non-maximum suppression completed
2025-12-20 00:27:04 - image_processor - DEBUG - [image_processing.py:139] - Edge detection completed in 1.6630 seconds
2025-12-20 00:27:04 - image_processor - DEBUG - [parallel_convolution.py:33] - Convolution worker finished for image 2 (PID 17672)
2025-12-20 00:27:04 - image_processor - INFO - [parallel_convolution.py:137] - Parallel custom edge detection completed for 1 images
2025-12-20 00:27:04 - image_processor - DEBUG - [image_processing.py:113] - Non-maximum suppression completed
2025-12-20 00:27:04 - image_processor - DEBUG - [image_processing.py:139] - Edge detection completed in 1.4387 seconds
2025-12-20 00:27:04 - image_processor - DEBUG - [parallel_convolution.py:53] - Library edge detection worker finished for image 2 (PID 3352)
2025-12-20 00:27:04 - image_processor - INFO - [parallel_convolution.py:154] - Parallel library edge detection completed for 1 images
2025-12-20 00:27:04 - image_processor - DEBUG - [async_pipeline.py:113] - Edge detection completed
2025-12-20 00:27:04 - image_processor - INFO - [parallel_convolution.py:166] - Starting parallel arithmetic operations for 1 images
2025-12-20 00:27:06 - image_processor - DEBUG - [parallel_convolution.py:70] - Arithmetic operations worker started for image 2 (PID 14496, breed: Siamese)
2025-12-20 00:27:06 - image_processor - DEBUG - [abstract_image.py:141] - Addition operation started
2025-12-20 00:27:06 - image_processor - DEBUG - [abstract_image.py:129] - Converting grayscale to RGB (3 channels)
2025-12-20 00:27:06 - image_processor - DEBUG - [abstract_image.py:166] - Addition operation completed. Result shape: (1080, 1080, 3)
2025-12-20 00:27:06 - image_processor - DEBUG - [image_processing.py:24] - ImageProcessing instance created
2025-12-20 00:27:06 - image_processor - DEBUG - [abstract_image.py:35] - CatImage created: breed=Siamese+processed, shape=(1080, 1080, 3), url=combined_Siamese...
2025-12-20 00:27:06 - image_processor - DEBUG - [abstract_image.py:173] - Subtraction operation started
2025-12-20 00:27:06 - image_processor - DEBUG - [abstract_image.py:129] - Converting grayscale to RGB (3 channels)
2025-12-20 00:27:06 - image_processor - DEBUG - [abstract_image.py:198] - Subtraction operation completed. Result shape: (1080, 1080, 3)
2025-12-20 00:27:06 - image_processor - DEBUG - [image_processing.py:24] - ImageProcessing instance created
2025-12-20 00:27:06 - image_processor - DEBUG - [abstract_image.py:35] - CatImage created: breed=Siamese-processed, shape=(1080, 1080, 3), url=subtracted_Siamese...
2025-12-20 00:27:06 - image_processor - DEBUG - [abstract_image.py:141] - Addition operation started
2025-12-20 00:27:06 - image_processor - DEBUG - [abstract_image.py:129] - Converting grayscale to RGB (3 channels)
2025-12-20 00:27:06 - image_processor - DEBUG - [abstract_image.py:166] - Addition operation completed. Result shape: (1080, 1080, 3)
2025-12-20 00:27:06 - image_processor - DEBUG - [image_processing.py:24] - ImageProcessing instance created
2025-12-20 00:27:06 - image_processor - DEBUG - [abstract_image.py:35] - CatImage created: breed=Siamese+processed, shape=(1080, 1080, 3), url=combined_Siamese...
2025-12-20 00:27:06 - image_processor - DEBUG - [abstract_image.py:173] - Subtraction operation started
2025-12-20 00:27:06 - image_processor - DEBUG - [abstract_image.py:129] - Converting grayscale to RGB (3 channels)
2025-12-20 00:27:06 - image_processor - DEBUG - [abstract_image.py:198] - Subtraction operation completed. Result shape: (1080, 1080, 3)
2025-12-20 00:27:06 - image_processor - DEBUG - [image_processing.py:24] - ImageProcessing instance created
2025-12-20 00:27:06 - image_processor - DEBUG - [abstract_image.py:35] - CatImage created: breed=Siamese-processed, shape=(1080, 1080, 3), url=subtracted_Siamese...
2025-12-20 00:27:06 - image_processor - DEBUG - [parallel_convolution.py:85] - Arithmetic operations worker finished for image 2 (PID 14496)
2025-12-20 00:27:06 - image_processor - INFO - [parallel_convolution.py:193] - Parallel arithmetic operations completed for 1 images
2025-12-20 00:27:06 - image_processor - DEBUG - [async_pipeline.py:124] - Arithmetic operations completed
2025-12-20 00:27:06 - image_processor - DEBUG - [async_pipeline.py:152] - Chunk processed: 1 images with all operations completed
2025-12-20 00:27:06 - image_processor - DEBUG - [async_pipeline.py:187] - Saving image 2 (Siamese)
2025-12-20 00:27:06 - image_processor - DEBUG - [async_pipeline.py:203] - Image 2 saved (3 files)
2025-12-20 00:27:06 - image_processor - INFO - [async_pipeline.py:79] - Stage 1 completed: All chunks downloaded
2025-12-20 00:27:06 - image_processor - INFO - [async_pipeline.py:155] - Stage 2 completed: All convolutions and operations done
2025-12-20 00:27:06 - image_processor - INFO - [async_pipeline.py:177] - Stage 3 completed: 2 images saved
2025-12-20 00:27:06 - image_processor - INFO - [async_pipeline.py:230] - Pipeline execution completed successfully. Results saved to: C:\Users\Bruss\OneDrive\Рабочий стол\LAB-1\LAB-1\image_processing_project\image_processor\results
2025-12-20 00:27:06 - image_processor - INFO - [async_main.py:75] - ======================================================================
2025-12-20 00:27:06 - image_processor - INFO - [async_main.py:76] - Pipeline completed! Results saved to: C:\Users\Bruss\OneDrive\Рабочий стол\LAB-1\LAB-1\image_processing_project\image_processor\results
2025-12-20 00:27:06 - image_processor - INFO - [async_main.py:77] - ======================================================================
2025-12-20 00:27:06 - image_processor - INFO - [async_main.py:99] - Async main module finished
2025-12-20 00:29:10 - image_processor - INFO - [async_main.py:217] - Async main module started
2025-12-20 00:29:10 - image_processor - INFO - [async_main.py:171] - ======================================================================
2025-12-20 00:29:10 - image_processor - INFO - [async_main.py:172] - Async Image Processing Pipeline Started
2025-12-20 00:29:10 - image_processor - INFO - [async_main.py:173] - ======================================================================
2025-12-20 00:29:10 - image_processor - INFO - [async_main.py:197] - API keys loaded successfully
2025-12-20 00:29:10 - image_processor - DEBUG - [async_main.py:199] - CAT_API_KEY is available
2025-12-20 00:29:10 - image_processor - DEBUG - [async_main.py:201] - DOG_API_KEY is available
2025-12-20 00:29:12 - image_processor - INFO - [async_main.py:100] - Selected animals: CAT
2025-12-20 00:29:16 - image_processor - INFO - [async_main.py:107] - Image limit set to: 20
2025-12-20 00:29:18 - image_processor - INFO - [async_main.py:116] - Chunk size set to: 10
2025-12-20 00:29:18 - image_processor - INFO - [async_main.py:127] - ======================================================================
2025-12-20 00:29:18 - image_processor - INFO - [async_main.py:128] - Processing CAT images
2025-12-20 00:29:18 - image_processor - INFO - [async_main.py:129] - ======================================================================
2025-12-20 00:29:18 - image_processor - INFO - [async_main.py:133] - Initializing AsyncImagePipeline for cat
2025-12-20 00:29:18 - image_processor - DEBUG - [async_main.py:134] - Parameters: api_type=cat, limit=20, chunk_size=10
2025-12-20 00:29:18 - image_processor - DEBUG - [async_image_processor.py:44] - AsyncImageProcessor initialized for cat API
2025-12-20 00:29:18 - image_processor - INFO - [parallel_convolution.py:119] - ParallelConvolutionProcessor initialized with 8 processes (all CPU cores)
2025-12-20 00:29:18 - image_processor - INFO - [async_pipeline.py:53] - AsyncImagePipeline initialized for cat API with chunk_size=10
2025-12-20 00:29:18 - image_processor - INFO - [async_main.py:143] - AsyncImagePipeline initialized successfully for cat
2025-12-20 00:29:18 - image_processor - DEBUG - [async_main.py:144] - API type: cat
2025-12-20 00:29:18 - image_processor - INFO - [async_main.py:147] - Running pipeline with 20 cat images and chunk_size=10...
2025-12-20 00:29:18 - image_processor - INFO - [async_pipeline.py:223] - Pipeline execution started. Total images: 20, Chunk size: 10
2025-12-20 00:29:18 - image_processor - INFO - [async_pipeline.py:164] - Stage 3 started: Saving results
2025-12-20 00:29:18 - image_processor - INFO - [async_pipeline.py:88] - Stage 2 started: Convolution & Arithmetic Operations
2025-12-20 00:29:18 - image_processor - INFO - [async_pipeline.py:59] - Stage 1 started: Downloading 20 images with chunk_size=10
2025-12-20 00:29:18 - image_processor - INFO - [async_image_processor.py:60] - Fetching 20 image URLs from cat API
2025-12-20 00:29:22 - image_processor - INFO - [async_image_processor.py:89] - Successfully fetched 20 image URLs
2025-12-20 00:29:22 - image_processor - INFO - [async_pipeline.py:64] - Total 20 images will be processed in 2 chunk(s)
2025-12-20 00:29:22 - image_processor - INFO - [async_pipeline.py:70] - Processing chunk 1/2: images 1 to 10
2025-12-20 00:29:22 - image_processor - INFO - [async_image_processor.py:137] - Starting parallel download of 10 images
2025-12-20 00:29:22 - image_processor - DEBUG - [async_image_processor.py:106] - Downloading image 1 (breed: Australian Mist)
2025-12-20 00:29:22 - image_processor - DEBUG - [async_image_processor.py:106] - Downloading image 2 (breed: Australian Mist)
2025-12-20 00:29:22 - image_processor - DEBUG - [async_image_processor.py:106] - Downloading image 3 (breed: Devon Rex)
2025-12-20 00:29:22 - image_processor - DEBUG - [async_image_processor.py:106] - Downloading image 4 (breed: Devon Rex)
2025-12-20 00:29:22 - image_processor - DEBUG - [async_image_processor.py:106] - Downloading image 5 (breed: Devon Rex)
2025-12-20 00:29:22 - image_processor - DEBUG - [async_image_processor.py:106] - Downloading image 6 (breed: Exotic Shorthair)
2025-12-20 00:29:22 - image_processor - DEBUG - [async_image_processor.py:106] - Downloading image 7 (breed: Japanese Bobtail)
2025-12-20 00:29:22 - image_processor - DEBUG - [async_image_processor.py:106] - Downloading image 8 (breed: Manx)
2025-12-20 00:29:22 - image_processor - DEBUG - [async_image_processor.py:106] - Downloading image 9 (breed: Norwegian Forest Cat)
2025-12-20 00:29:22 - image_processor - DEBUG - [async_image_processor.py:106] - Downloading image 10 (breed: Ocicat)
2025-12-20 00:29:22 - image_processor - DEBUG - [async_image_processor.py:124] - Image 9 downloaded successfully (shape: (890, 1000, 3))
2025-12-20 00:29:23 - image_processor - DEBUG - [async_image_processor.py:124] - Image 4 downloaded successfully (shape: (667, 1000, 3))
2025-12-20 00:29:23 - image_processor - DEBUG - [async_image_processor.py:124] - Image 5 downloaded successfully (shape: (1009, 1600, 3))
2025-12-20 00:29:23 - image_processor - DEBUG - [async_image_processor.py:124] - Image 6 downloaded successfully (shape: (959, 1280, 3))
2025-12-20 00:29:23 - image_processor - DEBUG - [async_image_processor.py:124] - Image 3 downloaded successfully (shape: (1160, 1729))
2025-12-20 00:29:23 - image_processor - DEBUG - [async_image_processor.py:124] - Image 7 downloaded successfully (shape: (1041, 1600, 3))
2025-12-20 00:29:23 - image_processor - DEBUG - [async_image_processor.py:124] - Image 8 downloaded successfully (shape: (800, 1200, 3))
2025-12-20 00:29:24 - image_processor - DEBUG - [async_image_processor.py:124] - Image 1 downloaded successfully (shape: (1165, 1231, 3))
2025-12-20 00:29:24 - image_processor - DEBUG - [async_image_processor.py:124] - Image 2 downloaded successfully (shape: (1200, 1800, 3))
2025-12-20 00:29:29 - image_processor - DEBUG - [async_image_processor.py:124] - Image 10 downloaded successfully (shape: (2469, 3704, 3))
2025-12-20 00:29:29 - image_processor - INFO - [async_image_processor.py:148] - Parallel download completed: 10/10 successful
2025-12-20 00:29:29 - image_processor - DEBUG - [async_image_processor.py:156] - Creating image objects from 10 metadata entries
2025-12-20 00:29:29 - image_processor - DEBUG - [image_processing.py:24] - ImageProcessing instance created
2025-12-20 00:29:29 - image_processor - DEBUG - [abstract_image.py:35] - CatImage created: breed=Australian Mist, shape=(1165, 1231, 3), url=https://cdn2.thecatapi.com/images/_6x-3TiCA.jpg...
2025-12-20 00:29:29 - image_processor - DEBUG - [async_image_processor.py:177] - Image object created for index 1 (breed: Australian Mist)
2025-12-20 00:29:29 - image_processor - DEBUG - [image_processing.py:24] - ImageProcessing instance created
2025-12-20 00:29:29 - image_processor - DEBUG - [abstract_image.py:35] - CatImage created: breed=Australian Mist, shape=(1200, 1800, 3), url=https://cdn2.thecatapi.com/images/7-1CtKMRr.jpg...
2025-12-20 00:29:29 - image_processor - DEBUG - [async_image_processor.py:177] - Image object created for index 2 (breed: Australian Mist)
2025-12-20 00:29:29 - image_processor - DEBUG - [image_processing.py:24] - ImageProcessing instance created
2025-12-20 00:29:29 - image_processor - DEBUG - [abstract_image.py:35] - CatImage created: breed=Devon Rex, shape=(1160, 1729), url=https://cdn2.thecatapi.com/images/4RzEwvyzz.png...
2025-12-20 00:29:29 - image_processor - DEBUG - [async_image_processor.py:177] - Image object created for index 3 (breed: Devon Rex)
2025-12-20 00:29:29 - image_processor - DEBUG - [image_processing.py:24] - ImageProcessing instance created
2025-12-20 00:29:29 - image_processor - DEBUG - [abstract_image.py:35] - CatImage created: breed=Devon Rex, shape=(667, 1000, 3), url=https://cdn2.thecatapi.com/images/_BhPUA-L-.jpg...
2025-12-20 00:29:29 - image_processor - DEBUG - [async_image_processor.py:177] - Image object created for index 4 (breed: Devon Rex)
2025-12-20 00:29:29 - image_processor - DEBUG - [image_processing.py:24] - ImageProcessing instance created
2025-12-20 00:29:29 - image_processor - DEBUG - [abstract_image.py:35] - CatImage created: breed=Devon Rex, shape=(1009, 1600, 3), url=https://cdn2.thecatapi.com/images/DEbrbE0_7.jpg...
2025-12-20 00:29:29 - image_processor - DEBUG - [async_image_processor.py:177] - Image object created for index 5 (breed: Devon Rex)
2025-12-20 00:29:29 - image_processor - DEBUG - [image_processing.py:24] - ImageProcessing instance created
2025-12-20 00:29:29 - image_processor - DEBUG - [abstract_image.py:35] - CatImage created: breed=Exotic Shorthair, shape=(959, 1280, 3), url=https://cdn2.thecatapi.com/images/YyLhgyzy5.jpg...
2025-12-20 00:29:29 - image_processor - DEBUG - [async_image_processor.py:177] - Image object created for index 6 (breed: Exotic Shorthair)
2025-12-20 00:29:29 - image_processor - DEBUG - [image_processing.py:24] - ImageProcessing instance created
2025-12-20 00:29:29 - image_processor - DEBUG - [abstract_image.py:35] - CatImage created: breed=Japanese Bobtail, shape=(1041, 1600, 3), url=https://cdn2.thecatapi.com/images/CrZtoDsgj.jpg...
2025-12-20 00:29:29 - image_processor - DEBUG - [async_image_processor.py:177] - Image object created for index 7 (breed: Japanese Bobtail)
2025-12-20 00:29:29 - image_processor - DEBUG - [image_processing.py:24] - ImageProcessing instance created
2025-12-20 00:29:29 - image_processor - DEBUG - [abstract_image.py:35] - CatImage created: breed=Manx, shape=(800, 1200, 3), url=https://cdn2.thecatapi.com/images/gU5wUcOuo.jpg...
2025-12-20 00:29:29 - image_processor - DEBUG - [async_image_processor.py:177] - Image object created for index 8 (breed: Manx)
2025-12-20 00:29:29 - image_processor - DEBUG - [image_processing.py:24] - ImageProcessing instance created
2025-12-20 00:29:29 - image_processor - DEBUG - [abstract_image.py:35] - CatImage created: breed=Norwegian Forest Cat, shape=(890, 1000, 3), url=https://cdn2.thecatapi.com/images/Pqcy8pOZG.jpg...
2025-12-20 00:29:29 - image_processor - DEBUG - [async_image_processor.py:177] - Image object created for index 9 (breed: Norwegian Forest Cat)
2025-12-20 00:29:29 - image_processor - DEBUG - [image_processing.py:24] - ImageProcessing instance created
2025-12-20 00:29:29 - image_processor - DEBUG - [abstract_image.py:35] - CatImage created: breed=Ocicat, shape=(2469, 3704, 3), url=https://cdn2.thecatapi.com/images/HksHrR8-9.jpg...
2025-12-20 00:29:29 - image_processor - DEBUG - [async_image_processor.py:177] - Image object created for index 10 (breed: Ocicat)
2025-12-20 00:29:29 - image_processor - INFO - [async_image_processor.py:179] - Created 10 image objects
2025-12-20 00:29:29 - image_processor - DEBUG - [async_pipeline.py:76] - Chunk 1: 10 images ready for processing
2025-12-20 00:29:29 - image_processor - DEBUG - [async_pipeline.py:95] - Processing chunk of 10 images
2025-12-20 00:29:29 - image_processor - INFO - [parallel_convolution.py:127] - Starting parallel custom edge detection for 10 images
2025-12-20 00:29:29 - image_processor - INFO - [parallel_convolution.py:144] - Starting parallel library edge detection for 10 images
2025-12-20 00:29:31 - image_processor - DEBUG - [parallel_convolution.py:28] - Convolution worker started for image 1 (PID 20548, breed: Australian Mist)
2025-12-20 00:29:31 - image_processor - DEBUG - [image_processing.py:24] - ImageProcessing instance created
2025-12-20 00:29:31 - image_processor - DEBUG - [image_processing.py:120] - Edge detection (Canny) started
2025-12-20 00:29:31 - image_processor - DEBUG - [image_processing.py:46] - RGB to grayscale conversion started. Image shape: (1165, 1231, 3)
2025-12-20 00:29:31 - image_processor - DEBUG - [image_processing.py:53] - RGB to grayscale conversion completed. Result shape: (1165, 1231)
2025-12-20 00:29:31 - image_processor - DEBUG - [image_processing.py:30] - Convolution started. Image shape: (1165, 1231), kernel shape: (3, 3)
2025-12-20 00:29:31 - image_processor - DEBUG - [image_processing.py:36] - Convolution completed in 0.0217 seconds
2025-12-20 00:29:31 - image_processor - DEBUG - [image_processing.py:30] - Convolution started. Image shape: (1165, 1231), kernel shape: (3, 3)
2025-12-20 00:29:31 - image_processor - DEBUG - [image_processing.py:36] - Convolution completed in 0.0213 seconds
2025-12-20 00:29:31 - image_processor - DEBUG - [image_processing.py:91] - Non-maximum suppression started
2025-12-20 00:29:31 - image_processor - DEBUG - [parallel_convolution.py:28] - Convolution worker started for image 2 (PID 15984, breed: Australian Mist)
2025-12-20 00:29:31 - image_processor - DEBUG - [image_processing.py:24] - ImageProcessing instance created
2025-12-20 00:29:31 - image_processor - DEBUG - [image_processing.py:120] - Edge detection (Canny) started
2025-12-20 00:29:31 - image_processor - DEBUG - [image_processing.py:46] - RGB to grayscale conversion started. Image shape: (1200, 1800, 3)
2025-12-20 00:29:31 - image_processor - DEBUG - [parallel_convolution.py:48] - Library edge detection worker started for image 1 (PID 20684, breed: Australian Mist)
2025-12-20 00:29:31 - image_processor - DEBUG - [image_processing.py:24] - ImageProcessing instance created
2025-12-20 00:29:31 - image_processor - DEBUG - [image_processing.py:120] - Edge detection (Canny) started
2025-12-20 00:29:31 - image_processor - DEBUG - [image_processing.py:46] - RGB to grayscale conversion started. Image shape: (1165, 1231, 3)
2025-12-20 00:29:31 - image_processor - DEBUG - [image_processing.py:53] - RGB to grayscale conversion completed. Result shape: (1200, 1800)
2025-12-20 00:29:31 - image_processor - DEBUG - [parallel_convolution.py:28] - Convolution worker started for image 3 (PID 8884, breed: Devon Rex)
2025-12-20 00:29:31 - image_processor - DEBUG - [image_processing.py:24] - ImageProcessing instance created
2025-12-20 00:29:31 - image_processor - DEBUG - [image_processing.py:120] - Edge detection (Canny) started
2025-12-20 00:29:31 - image_processor - DEBUG - [image_processing.py:46] - RGB to grayscale conversion started. Image shape: (1160, 1729)
2025-12-20 00:29:31 - image_processor - ERROR - [image_processing.py:56] - RGB to grayscale conversion failed: Image must be RGB
2025-12-20 00:29:31 - image_processor - DEBUG - [image_processing.py:30] - Convolution started. Image shape: (1200, 1800), kernel shape: (3, 3)
2025-12-20 00:29:31 - image_processor - ERROR - [image_processing.py:142] - Edge detection failed: Image must be RGB
2025-12-20 00:29:31 - image_processor - ERROR - [parallel_convolution.py:36] - Convolution worker failed for image 3 (PID 8884): Image must be RGB
2025-12-20 00:29:31 - image_processor - DEBUG - [image_processing.py:36] - Convolution completed in 0.0381 seconds
2025-12-20 00:29:31 - image_processor - DEBUG - [parallel_convolution.py:28] - Convolution worker started for image 4 (PID 8884, breed: Devon Rex)
2025-12-20 00:29:31 - image_processor - DEBUG - [image_processing.py:24] - ImageProcessing instance created
2025-12-20 00:29:31 - image_processor - DEBUG - [image_processing.py:120] - Edge detection (Canny) started
2025-12-20 00:29:31 - image_processor - DEBUG - [image_processing.py:46] - RGB to grayscale conversion started. Image shape: (667, 1000, 3)
2025-12-20 00:29:31 - image_processor - DEBUG - [image_processing.py:30] - Convolution started. Image shape: (1200, 1800), kernel shape: (3, 3)
2025-12-20 00:29:31 - image_processor - DEBUG - [image_processing.py:53] - RGB to grayscale conversion completed. Result shape: (1165, 1231)
2025-12-20 00:29:31 - image_processor - DEBUG - [image_processing.py:30] - Convolution started. Image shape: (1165, 1231), kernel shape: (3, 3)
2025-12-20 00:29:31 - image_processor - DEBUG - [image_processing.py:53] - RGB to grayscale conversion completed. Result shape: (667, 1000)
2025-12-20 00:29:31 - image_processor - DEBUG - [image_processing.py:30] - Convolution started. Image shape: (667, 1000), kernel shape: (3, 3)
2025-12-20 00:29:31 - image_processor - DEBUG - [image_processing.py:36] - Convolution completed in 0.0241 seconds
2025-12-20 00:29:31 - image_processor - DEBUG - [image_processing.py:36] - Convolution completed in 0.0355 seconds
2025-12-20 00:29:31 - image_processor - DEBUG - [image_processing.py:36] - Convolution completed in 0.0100 seconds
2025-12-20 00:29:31 - image_processor - DEBUG - [image_processing.py:30] - Convolution started. Image shape: (667, 1000), kernel shape: (3, 3)
2025-12-20 00:29:31 - image_processor - DEBUG - [image_processing.py:30] - Convolution started. Image shape: (1165, 1231), kernel shape: (3, 3)
2025-12-20 00:29:31 - image_processor - DEBUG - [image_processing.py:36] - Convolution completed in 0.0127 seconds
2025-12-20 00:29:31 - image_processor - DEBUG - [image_processing.py:36] - Convolution completed in 0.0225 seconds
2025-12-20 00:29:31 - image_processor - DEBUG - [image_processing.py:91] - Non-maximum suppression started
2025-12-20 00:29:31 - image_processor - DEBUG - [image_processing.py:91] - Non-maximum suppression started
2025-12-20 00:29:31 - image_processor - DEBUG - [image_processing.py:91] - Non-maximum suppression started
2025-12-20 00:29:31 - image_processor - DEBUG - [parallel_convolution.py:48] - Library edge detection worker started for image 2 (PID 7284, breed: Australian Mist)
2025-12-20 00:29:31 - image_processor - DEBUG - [image_processing.py:24] - ImageProcessing instance created
2025-12-20 00:29:31 - image_processor - DEBUG - [image_processing.py:120] - Edge detection (Canny) started
2025-12-20 00:29:31 - image_processor - DEBUG - [image_processing.py:46] - RGB to grayscale conversion started. Image shape: (1200, 1800, 3)
2025-12-20 00:29:32 - image_processor - DEBUG - [parallel_convolution.py:28] - Convolution worker started for image 5 (PID 11980, breed: Devon Rex)
2025-12-20 00:29:32 - image_processor - DEBUG - [image_processing.py:24] - ImageProcessing instance created
2025-12-20 00:29:32 - image_processor - DEBUG - [image_processing.py:120] - Edge detection (Canny) started
2025-12-20 00:29:32 - image_processor - DEBUG - [image_processing.py:46] - RGB to grayscale conversion started. Image shape: (1009, 1600, 3)
2025-12-20 00:29:32 - image_processor - DEBUG - [parallel_convolution.py:48] - Library edge detection worker started for image 3 (PID 18816, breed: Devon Rex)
2025-12-20 00:29:32 - image_processor - DEBUG - [image_processing.py:24] - ImageProcessing instance created
2025-12-20 00:29:32 - image_processor - DEBUG - [image_processing.py:120] - Edge detection (Canny) started
2025-12-20 00:29:32 - image_processor - DEBUG - [image_processing.py:46] - RGB to grayscale conversion started. Image shape: (1160, 1729)
2025-12-20 00:29:32 - image_processor - ERROR - [image_processing.py:56] - RGB to grayscale conversion failed: Image must be RGB
2025-12-20 00:29:32 - image_processor - DEBUG - [parallel_convolution.py:48] - Library edge detection worker started for image 4 (PID 20900, breed: Devon Rex)
2025-12-20 00:29:32 - image_processor - DEBUG - [image_processing.py:24] - ImageProcessing instance created
2025-12-20 00:29:32 - image_processor - DEBUG - [image_processing.py:120] - Edge detection (Canny) started
2025-12-20 00:29:32 - image_processor - DEBUG - [image_processing.py:46] - RGB to grayscale conversion started. Image shape: (667, 1000, 3)
2025-12-20 00:29:32 - image_processor - DEBUG - [image_processing.py:53] - RGB to grayscale conversion completed. Result shape: (667, 1000)
2025-12-20 00:29:32 - image_processor - DEBUG - [parallel_convolution.py:48] - Library edge detection worker started for image 5 (PID 17436, breed: Devon Rex)
2025-12-20 00:29:32 - image_processor - DEBUG - [image_processing.py:24] - ImageProcessing instance created
2025-12-20 00:29:32 - image_processor - DEBUG - [image_processing.py:120] - Edge detection (Canny) started
2025-12-20 00:29:32 - image_processor - DEBUG - [image_processing.py:46] - RGB to grayscale conversion started. Image shape: (1009, 1600, 3)
2025-12-20 00:29:32 - image_processor - ERROR - [image_processing.py:142] - Edge detection failed: Image must be RGB
2025-12-20 00:29:32 - image_processor - DEBUG - [image_processing.py:30] - Convolution started. Image shape: (667, 1000), kernel shape: (3, 3)
2025-12-20 00:29:32 - image_processor - DEBUG - [image_processing.py:36] - Convolution completed in 0.0105 seconds
2025-12-20 00:29:32 - image_processor - DEBUG - [image_processing.py:30] - Convolution started. Image shape: (667, 1000), kernel shape: (3, 3)
2025-12-20 00:29:32 - image_processor - DEBUG - [image_processing.py:53] - RGB to grayscale conversion completed. Result shape: (1009, 1600)
2025-12-20 00:29:32 - image_processor - DEBUG - [image_processing.py:36] - Convolution completed in 0.0105 seconds
2025-12-20 00:29:32 - image_processor - DEBUG - [image_processing.py:30] - Convolution started. Image shape: (1009, 1600), kernel shape: (3, 3)
2025-12-20 00:29:32 - image_processor - ERROR - [parallel_convolution.py:56] - Library edge detection worker failed for image 3 (PID 18816): Image must be RGB
2025-12-20 00:29:32 - image_processor - DEBUG - [parallel_convolution.py:48] - Library edge detection worker started for image 6 (PID 15168, breed: Exotic Shorthair)
2025-12-20 00:29:32 - image_processor - DEBUG - [image_processing.py:24] - ImageProcessing instance created
2025-12-20 00:29:32 - image_processor - DEBUG - [image_processing.py:120] - Edge detection (Canny) started
r image 6 (PID 14848, breed: Exotic Shorthair)
2025-12-20 00:29:32 - image_processor - DEBUG - [image_processing.py:24] - ImageProcessing instance created
2025-12-20 00:29:32 - image_processor - DEBUG - [image_processing.py:46] - RGB to grayscale conversion started. Image shape: (959, 1280, 3)
2025-12-20 00:29:32 - image_processor - DEBUG - [image_processing.py:120] - Edge detection (Canny) started
2025-12-20 00:29:32 - image_processor - DEBUG - [image_processing.py:46] - RGB to grayscale conversion started. Image shape: (959, 1280, 3)
2025-12-20 00:29:32 - image_processor - DEBUG - [image_processing.py:36] - Convolution completed in 0.0294 seconds
2025-12-20 00:29:32 - image_processor - DEBUG - [image_processing.py:53] - RGB to grayscale conversion completed. Result shape: (1200, 1800)
2025-12-20 00:29:32 - image_processor - DEBUG - [image_processing.py:30] - Convolution started. Image shape: (1200, 1800), kernel shape: (3, 3)
2025-12-20 00:29:32 - image_processor - DEBUG - [image_processing.py:91] - Non-maximum suppression started
2025-12-20 00:29:32 - image_processor - DEBUG - [parallel_convolution.py:48] - Library edge detection worker started for image 7 (PID 18816, breed: Japanese Bobtail)
2025-12-20 00:29:32 - image_processor - DEBUG - [image_processing.py:24] - ImageProcessing instance created
2025-12-20 00:29:32 - image_processor - DEBUG - [image_processing.py:120] - Edge detection (Canny) started
2025-12-20 00:29:32 - image_processor - DEBUG - [image_processing.py:46] - RGB to grayscale conversion started. Image shape: (1041, 1600, 3)
2025-12-20 00:29:32 - image_processor - DEBUG - [image_processing.py:30] - Convolution started. Image shape: (1009, 1600), kernel shape: (3, 3)
2025-12-20 00:29:32 - image_processor - DEBUG - [image_processing.py:36] - Convolution completed in 0.0292 seconds
2025-12-20 00:29:32 - image_processor - DEBUG - [image_processing.py:53] - RGB to grayscale conversion completed. Result shape: (959, 1280)
2025-12-20 00:29:32 - image_processor - DEBUG - [image_processing.py:30] - Convolution started. Image shape: (959, 1280), kernel shape: (3, 3)
2025-12-20 00:29:32 - image_processor - DEBUG - [image_processing.py:36] - Convolution completed in 0.0767 seconds
2025-12-20 00:29:32 - image_processor - DEBUG - [image_processing.py:53] - RGB to grayscale conversion completed. Result shape: (1009, 1600)
2025-12-20 00:29:32 - image_processor - DEBUG - [image_processing.py:30] - Convolution started. Image shape: (1009, 1600), kernel shape: (3, 3)
2025-12-20 00:29:32 - image_processor - DEBUG - [image_processing.py:30] - Convolution started. Image shape: (1200, 1800), kernel shape: (3, 3)
2025-12-20 00:29:32 - image_processor - DEBUG - [image_processing.py:53] - RGB to grayscale conversion completed. Result shape: (1041, 1600)
2025-12-20 00:29:32 - image_processor - DEBUG - [image_processing.py:36] - Convolution completed in 0.0551 seconds
2025-12-20 00:29:32 - image_processor - DEBUG - [image_processing.py:30] - Convolution started. Image shape: (1041, 1600), kernel shape: (3, 3)
2025-12-20 00:29:32 - image_processor - DEBUG - [image_processing.py:91] - Non-maximum suppression started
2025-12-20 00:29:32 - image_processor - DEBUG - [image_processing.py:30] - Convolution started. Image shape: (959, 1280), kernel shape: (3, 3)
2025-12-20 00:29:32 - image_processor - DEBUG - [image_processing.py:53] - RGB to grayscale conversion completed. Result shape: (959, 1280)
2025-12-20 00:29:32 - image_processor - DEBUG - [image_processing.py:30] - Convolution started. Image shape: (959, 1280), kernel shape: (3, 3)
2025-12-20 00:29:32 - image_processor - DEBUG - [image_processing.py:36] - Convolution completed in 0.0681 seconds
2025-12-20 00:29:32 - image_processor - DEBUG - [image_processing.py:30] - Convolution started. Image shape: (1009, 1600), kernel shape: (3, 3)
2025-12-20 00:29:32 - image_processor - DEBUG - [image_processing.py:36] - Convolution completed in 0.0232 seconds
2025-12-20 00:29:32 - image_processor - DEBUG - [image_processing.py:30] - Convolution started. Image shape: (959, 1280), kernel shape: (3, 3)
2025-12-20 00:29:32 - image_processor - DEBUG - [image_processing.py:36] - Convolution completed in 0.0831 seconds
2025-12-20 00:29:32 - image_processor - DEBUG - [image_processing.py:36] - Convolution completed in 0.0550 seconds
2025-12-20 00:29:32 - image_processor - DEBUG - [image_processing.py:36] - Convolution completed in 0.0680 seconds
2025-12-20 00:29:32 - image_processor - DEBUG - [image_processing.py:30] - Convolution started. Image shape: (1041, 1600), kernel shape: (3, 3)
2025-12-20 00:29:32 - image_processor - DEBUG - [image_processing.py:36] - Convolution completed in 0.0592 seconds
2025-12-20 00:29:32 - image_processor - DEBUG - [image_processing.py:36] - Convolution completed in 0.0552 seconds
2025-12-20 00:29:32 - image_processor - DEBUG - [parallel_convolution.py:28] - Convolution worker started for image 7 (PID 18416, breed: Japanese Bobtail)
2025-12-20 00:29:32 - image_processor - DEBUG - [image_processing.py:24] - ImageProcessing instance created
2025-12-20 00:29:32 - image_processor - DEBUG - [image_processing.py:120] - Edge detection (Canny) started
2025-12-20 00:29:32 - image_processor - DEBUG - [image_processing.py:46] - RGB to grayscale conversion started. Image shape: (1041, 1600, 3)
2025-12-20 00:29:32 - image_processor - DEBUG - [image_processing.py:91] - Non-maximum suppression started
2025-12-20 00:29:32 - image_processor - DEBUG - [image_processing.py:36] - Convolution completed in 0.0791 seconds
2025-12-20 00:29:32 - image_processor - DEBUG - [image_processing.py:91] - Non-maximum suppression started
2025-12-20 00:29:32 - image_processor - DEBUG - [image_processing.py:91] - Non-maximum suppression started
2025-12-20 00:29:32 - image_processor - DEBUG - [image_processing.py:91] - Non-maximum suppression started
2025-12-20 00:29:32 - image_processor - DEBUG - [parallel_convolution.py:28] - Convolution worker started for image 8 (PID 18248, breed: Manx)
2025-12-20 00:29:32 - image_processor - DEBUG - [image_processing.py:24] - ImageProcessing instance created
2025-12-20 00:29:32 - image_processor - DEBUG - [image_processing.py:120] - Edge detection (Canny) started
2025-12-20 00:29:32 - image_processor - DEBUG - [image_processing.py:46] - RGB to grayscale conversion started. Image shape: (800, 1200, 3)
2025-12-20 00:29:32 - image_processor - DEBUG - [image_processing.py:91] - Non-maximum suppression started
2025-12-20 00:29:32 - image_processor - DEBUG - [image_processing.py:53] - RGB to grayscale conversion completed. Result shape: (1041, 1600)
2025-12-20 00:29:32 - image_processor - DEBUG - [image_processing.py:30] - Convolution started. Image shape: (1041, 1600), kernel shape: (3, 3)
2025-12-20 00:29:32 - image_processor - DEBUG - [image_processing.py:53] - RGB to grayscale conversion completed. Result shape: (800, 1200)
2025-12-20 00:29:32 - image_processor - DEBUG - [image_processing.py:30] - Convolution started. Image shape: (800, 1200), kernel shape: (3, 3)
2025-12-20 00:29:32 - image_processor - DEBUG - [image_processing.py:36] - Convolution completed in 0.0711 seconds
2025-12-20 00:29:32 - image_processor - DEBUG - [image_processing.py:30] - Convolution started. Image shape: (1041, 1600), kernel shape: (3, 3)
2025-12-20 00:29:32 - image_processor - DEBUG - [image_processing.py:36] - Convolution completed in 0.0660 seconds
2025-12-20 00:29:32 - image_processor - DEBUG - [image_processing.py:30] - Convolution started. Image shape: (800, 1200), kernel shape: (3, 3)
2025-12-20 00:29:32 - image_processor - DEBUG - [image_processing.py:36] - Convolution completed in 0.0325 seconds
2025-12-20 00:29:32 - image_processor - DEBUG - [image_processing.py:36] - Convolution completed in 0.1192 seconds
2025-12-20 00:29:32 - image_processor - DEBUG - [image_processing.py:91] - Non-maximum suppression started
2025-12-20 00:29:32 - image_processor - DEBUG - [parallel_convolution.py:28] - Convolution worker started for image 9 (PID 11060, breed: Norwegian Forest Cat)
2025-12-20 00:29:32 - image_processor - DEBUG - [image_processing.py:24] - ImageProcessing instance created
2025-12-20 00:29:32 - image_processor - DEBUG - [image_processing.py:120] - Edge detection (Canny) started
2025-12-20 00:29:32 - image_processor - DEBUG - [image_processing.py:46] - RGB to grayscale conversion started. Image shape: (890, 1000, 3)
2025-12-20 00:29:32 - image_processor - DEBUG - [image_processing.py:91] - Non-maximum suppression started
2025-12-20 00:29:33 - image_processor - DEBUG - [image_processing.py:53] - RGB to grayscale conversion completed. Result shape: (890, 1000)
2025-12-20 00:29:33 - image_processor - DEBUG - [image_processing.py:30] - Convolution started. Image shape: (890, 1000), kernel shape: (3, 3)
2025-12-20 00:29:33 - image_processor - DEBUG - [image_processing.py:36] - Convolution completed in 0.0149 seconds
2025-12-20 00:29:33 - image_processor - DEBUG - [image_processing.py:30] - Convolution started. Image shape: (890, 1000), kernel shape: (3, 3)
2025-12-20 00:29:33 - image_processor - DEBUG - [parallel_convolution.py:48] - Library edge detection worker started for image 8 (PID 15516, breed: Manx)
2025-12-20 00:29:33 - image_processor - DEBUG - [image_processing.py:24] - ImageProcessing instance created
2025-12-20 00:29:33 - image_processor - DEBUG - [image_processing.py:120] - Edge detection (Canny) started
2025-12-20 00:29:33 - image_processor - DEBUG - [image_processing.py:46] - RGB to grayscale conversion started. Image shape: (800, 1200, 3)
2025-12-20 00:29:33 - image_processor - DEBUG - [image_processing.py:36] - Convolution completed in 0.0601 seconds
2025-12-20 00:29:33 - image_processor - DEBUG - [image_processing.py:91] - Non-maximum suppression started
2025-12-20 00:29:33 - image_processor - DEBUG - [image_processing.py:53] - RGB to grayscale conversion completed. Result shape: (800, 1200)
2025-12-20 00:29:33 - image_processor - DEBUG - [image_processing.py:30] - Convolution started. Image shape: (800, 1200), kernel shape: (3, 3)
2025-12-20 00:29:33 - image_processor - DEBUG - [image_processing.py:36] - Convolution completed in 0.0764 seconds
2025-12-20 00:29:33 - image_processor - DEBUG - [image_processing.py:30] - Convolution started. Image shape: (800, 1200), kernel shape: (3, 3)
2025-12-20 00:29:33 - image_processor - DEBUG - [image_processing.py:36] - Convolution completed in 0.0156 seconds
2025-12-20 00:29:33 - image_processor - DEBUG - [image_processing.py:91] - Non-maximum suppression started
2025-12-20 00:29:33 - image_processor - DEBUG - [image_processing.py:113] - Non-maximum suppression completed
2025-12-20 00:29:33 - image_processor - DEBUG - [image_processing.py:139] - Edge detection completed in 1.6910 seconds
2025-12-20 00:29:33 - image_processor - DEBUG - [parallel_convolution.py:33] - Convolution worker finished for image 4 (PID 8884)
2025-12-20 00:29:33 - image_processor - DEBUG - [parallel_convolution.py:28] - Convolution worker started for image 10 (PID 8884, breed: Ocicat)
2025-12-20 00:29:33 - image_processor - DEBUG - [image_processing.py:24] - ImageProcessing instance created
2025-12-20 00:29:33 - image_processor - DEBUG - [image_processing.py:120] - Edge detection (Canny) started
2025-12-20 00:29:33 - image_processor - DEBUG - [image_processing.py:46] - RGB to grayscale conversion started. Image shape: (2469, 3704, 3)
2025-12-20 00:29:34 - image_processor - DEBUG - [image_processing.py:53] - RGB to grayscale conversion completed. Result shape: (2469, 3704)
2025-12-20 00:29:34 - image_processor - DEBUG - [image_processing.py:30] - Convolution started. Image shape: (2469, 3704), kernel shape: (3, 3)
2025-12-20 00:29:34 - image_processor - DEBUG - [parallel_convolution.py:48] - Library edge detection worker started for image 9 (PID 16072, breed: Norwegian Forest Cat)
2025-12-20 00:29:34 - image_processor - DEBUG - [image_processing.py:24] - ImageProcessing instance created
2025-12-20 00:29:34 - image_processor - DEBUG - [image_processing.py:120] - Edge detection (Canny) started
2025-12-20 00:29:34 - image_processor - DEBUG - [image_processing.py:46] - RGB to grayscale conversion started. Image shape: (890, 1000, 3)
2025-12-20 00:29:34 - image_processor - DEBUG - [image_processing.py:53] - RGB to grayscale conversion completed. Result shape: (890, 1000)
2025-12-20 00:29:34 - image_processor - DEBUG - [image_processing.py:30] - Convolution started. Image shape: (890, 1000), kernel shape: (3, 3)
2025-12-20 00:29:34 - image_processor - DEBUG - [image_processing.py:36] - Convolution completed in 0.0811 seconds
2025-12-20 00:29:34 - image_processor - DEBUG - [image_processing.py:30] - Convolution started. Image shape: (890, 1000), kernel shape: (3, 3)
2025-12-20 00:29:34 - image_processor - DEBUG - [image_processing.py:36] - Convolution completed in 0.0164 seconds
2025-12-20 00:29:34 - image_processor - DEBUG - [image_processing.py:91] - Non-maximum suppression started
2025-12-20 00:29:34 - image_processor - DEBUG - [image_processing.py:113] - Non-maximum suppression completed
2025-12-20 00:29:34 - image_processor - DEBUG - [image_processing.py:139] - Edge detection completed in 3.5232 seconds
2025-12-20 00:29:34 - image_processor - DEBUG - [parallel_convolution.py:33] - Convolution worker finished for image 1 (PID 20548)
2025-12-20 00:29:35 - image_processor - DEBUG - [image_processing.py:36] - Convolution completed in 0.5526 seconds
2025-12-20 00:29:35 - image_processor - DEBUG - [image_processing.py:30] - Convolution started. Image shape: (2469, 3704), kernel shape: (3, 3)
2025-12-20 00:29:35 - image_processor - DEBUG - [image_processing.py:36] - Convolution completed in 0.3672 seconds
2025-12-20 00:29:35 - image_processor - DEBUG - [image_processing.py:113] - Non-maximum suppression completed
2025-12-20 00:29:35 - image_processor - DEBUG - [image_processing.py:139] - Edge detection completed in 3.4764 seconds
2025-12-20 00:29:35 - image_processor - DEBUG - [parallel_convolution.py:33] - Convolution worker finished for image 6 (PID 14848)
2025-12-20 00:29:36 - image_processor - DEBUG - [image_processing.py:113] - Non-maximum suppression completed
2025-12-20 00:29:36 - image_processor - DEBUG - [image_processing.py:139] - Edge detection completed in 4.1802 seconds
2025-12-20 00:29:36 - image_processor - DEBUG - [parallel_convolution.py:53] - Library edge detection worker finished for image 4 (PID 20900)
2025-12-20 00:29:36 - image_processor - DEBUG - [parallel_convolution.py:48] - Library edge detection worker started for image 10 (PID 20900, breed: Ocicat)
2025-12-20 00:29:36 - image_processor - DEBUG - [image_processing.py:24] - ImageProcessing instance created
2025-12-20 00:29:36 - image_processor - DEBUG - [image_processing.py:120] - Edge detection (Canny) started
2025-12-20 00:29:36 - image_processor - DEBUG - [image_processing.py:46] - RGB to grayscale conversion started. Image shape: (2469, 3704, 3)
2025-12-20 00:29:36 - image_processor - DEBUG - [image_processing.py:91] - Non-maximum suppression started
2025-12-20 00:29:36 - image_processor - DEBUG - [image_processing.py:113] - Non-maximum suppression completed
2025-12-20 00:29:36 - image_processor - DEBUG - [image_processing.py:139] - Edge detection completed in 4.4924 seconds
2025-12-20 00:29:36 - image_processor - DEBUG - [parallel_convolution.py:33] - Convolution worker finished for image 5 (PID 11980)
2025-12-20 00:29:36 - image_processor - DEBUG - [image_processing.py:113] - Non-maximum suppression completed
2025-12-20 00:29:36 - image_processor - DEBUG - [image_processing.py:139] - Edge detection completed in 5.3028 seconds
2025-12-20 00:29:36 - image_processor - DEBUG - [parallel_convolution.py:33] - Convolution worker finished for image 2 (PID 15984)
2025-12-20 00:29:37 - image_processor - DEBUG - [image_processing.py:53] - RGB to grayscale conversion completed. Result shape: (2469, 3704)
2025-12-20 00:29:37 - image_processor - DEBUG - [image_processing.py:30] - Convolution started. Image shape: (2469, 3704), kernel shape: (3, 3)
2025-12-20 00:29:37 - image_processor - DEBUG - [image_processing.py:113] - Non-maximum suppression completed
2025-12-20 00:29:37 - image_processor - DEBUG - [image_processing.py:139] - Edge detection completed in 5.0954 seconds
2025-12-20 00:29:37 - image_processor - DEBUG - [parallel_convolution.py:53] - Library edge detection worker finished for image 6 (PID 15168)
2025-12-20 00:29:37 - image_processor - DEBUG - [image_processing.py:36] - Convolution completed in 0.3115 seconds
2025-12-20 00:29:37 - image_processor - DEBUG - [image_processing.py:30] - Convolution started. Image shape: (2469, 3704), kernel shape: (3, 3)
2025-12-20 00:29:37 - image_processor - DEBUG - [image_processing.py:36] - Convolution completed in 0.3036 seconds
2025-12-20 00:29:38 - image_processor - DEBUG - [image_processing.py:113] - Non-maximum suppression completed
2025-12-20 00:29:38 - image_processor - DEBUG - [image_processing.py:139] - Edge detection completed in 5.1244 seconds
2025-12-20 00:29:38 - image_processor - DEBUG - [parallel_convolution.py:33] - Convolution worker finished for image 9 (PID 11060)
2025-12-20 00:29:38 - image_processor - DEBUG - [image_processing.py:113] - Non-maximum suppression completed
2025-12-20 00:29:38 - image_processor - DEBUG - [image_processing.py:139] - Edge detection completed in 5.5689 seconds
2025-12-20 00:29:38 - image_processor - DEBUG - [parallel_convolution.py:33] - Convolution worker finished for image 8 (PID 18248)
2025-12-20 00:29:38 - image_processor - DEBUG - [image_processing.py:91] - Non-maximum suppression started
2025-12-20 00:29:38 - image_processor - DEBUG - [image_processing.py:113] - Non-maximum suppression completed
2025-12-20 00:29:38 - image_processor - DEBUG - [image_processing.py:139] - Edge detection completed in 3.6968 seconds
2025-12-20 00:29:38 - image_processor - DEBUG - [parallel_convolution.py:53] - Library edge detection worker finished for image 9 (PID 16072)
2025-12-20 00:29:38 - image_processor - DEBUG - [image_processing.py:113] - Non-maximum suppression completed
2025-12-20 00:29:38 - image_processor - DEBUG - [image_processing.py:139] - Edge detection completed in 5.3236 seconds
2025-12-20 00:29:38 - image_processor - DEBUG - [parallel_convolution.py:53] - Library edge detection worker finished for image 8 (PID 15516)
2025-12-20 00:29:38 - image_processor - DEBUG - [image_processing.py:113] - Non-maximum suppression completed
2025-12-20 00:29:38 - image_processor - DEBUG - [image_processing.py:139] - Edge detection completed in 6.4074 seconds
2025-12-20 00:29:38 - image_processor - DEBUG - [parallel_convolution.py:53] - Library edge detection worker finished for image 5 (PID 17436)
2025-12-20 00:29:38 - image_processor - DEBUG - [image_processing.py:113] - Non-maximum suppression completed
2025-12-20 00:29:38 - image_processor - DEBUG - [image_processing.py:139] - Edge detection completed in 6.7676 seconds
2025-12-20 00:29:38 - image_processor - DEBUG - [parallel_convolution.py:53] - Library edge detection worker finished for image 1 (PID 20684)
2025-12-20 00:29:38 - image_processor - DEBUG - [image_processing.py:113] - Non-maximum suppression completed
2025-12-20 00:29:38 - image_processor - DEBUG - [image_processing.py:113] - Non-maximum suppression completed
2025-12-20 00:29:38 - image_processor - DEBUG - [image_processing.py:139] - Edge detection completed in 6.5126 seconds
2025-12-20 00:29:38 - image_processor - DEBUG - [image_processing.py:139] - Edge detection completed in 6.9418 seconds
2025-12-20 00:29:38 - image_processor - DEBUG - [parallel_convolution.py:33] - Convolution worker finished for image 7 (PID 18416)
2025-12-20 00:29:38 - image_processor - DEBUG - [parallel_convolution.py:53] - Library edge detection worker finished for image 2 (PID 7284)
2025-12-20 00:29:39 - image_processor - DEBUG - [image_processing.py:113] - Non-maximum suppression completed
2025-12-20 00:29:39 - image_processor - DEBUG - [image_processing.py:139] - Edge detection completed in 6.9215 seconds
2025-12-20 00:29:39 - image_processor - DEBUG - [parallel_convolution.py:53] - Library edge detection worker finished for image 7 (PID 18816)
2025-12-20 00:29:46 - image_processor - DEBUG - [image_processing.py:113] - Non-maximum suppression completed
2025-12-20 00:29:46 - image_processor - DEBUG - [image_processing.py:139] - Edge detection completed in 13.0115 seconds
2025-12-20 00:29:46 - image_processor - DEBUG - [parallel_convolution.py:33] - Convolution worker finished for image 10 (PID 8884)
2025-12-20 00:29:46 - image_processor - INFO - [parallel_convolution.py:137] - Parallel custom edge detection completed for 10 images
2025-12-20 00:29:46 - image_processor - DEBUG - [image_processing.py:113] - Non-maximum suppression completed
2025-12-20 00:29:46 - image_processor - DEBUG - [image_processing.py:139] - Edge detection completed in 10.6947 seconds
2025-12-20 00:29:46 - image_processor - DEBUG - [parallel_convolution.py:53] - Library edge detection worker finished for image 10 (PID 20900)
2025-12-20 00:29:46 - image_processor - INFO - [parallel_convolution.py:154] - Parallel library edge detection completed for 10 images
2025-12-20 00:29:46 - image_processor - DEBUG - [async_pipeline.py:113] - Edge detection completed
2025-12-20 00:29:46 - image_processor - INFO - [parallel_convolution.py:166] - Starting parallel arithmetic operations for 10 images
2025-12-20 00:29:48 - image_processor - DEBUG - [parallel_convolution.py:70] - Arithmetic operations worker started for image 1 (PID 16324, breed: Australian Mist)
2025-12-20 00:29:48 - image_processor - DEBUG - [abstract_image.py:141] - Addition operation started
2025-12-20 00:29:48 - image_processor - DEBUG - [abstract_image.py:129] - Converting grayscale to RGB (3 channels)
2025-12-20 00:29:48 - image_processor - DEBUG - [parallel_convolution.py:70] - Arithmetic operations worker started for image 2 (PID 4004, breed: Australian Mist)
2025-12-20 00:29:48 - image_processor - DEBUG - [abstract_image.py:141] - Addition operation started
2025-12-20 00:29:48 - image_processor - DEBUG - [abstract_image.py:129] - Converting grayscale to RGB (3 channels)
2025-12-20 00:29:48 - image_processor - DEBUG - [parallel_convolution.py:70] - Arithmetic operations worker started for image 3 (PID 20188, breed: Devon Rex)
2025-12-20 00:29:48 - image_processor - DEBUG - [abstract_image.py:141] - Addition operation started
2025-12-20 00:29:48 - image_processor - DEBUG - [abstract_image.py:129] - Converting grayscale to RGB (3 channels)
2025-12-20 00:29:48 - image_processor - DEBUG - [abstract_image.py:129] - Converting grayscale to RGB (3 channels)
2025-12-20 00:29:48 - image_processor - DEBUG - [parallel_convolution.py:70] - Arithmetic operations worker started for image 4 (PID 21016, breed: Devon Rex)
2025-12-20 00:29:48 - image_processor - DEBUG - [abstract_image.py:141] - Addition operation started
2025-12-20 00:29:48 - image_processor - DEBUG - [abstract_image.py:129] - Converting grayscale to RGB (3 channels)
2025-12-20 00:29:48 - image_processor - DEBUG - [parallel_convolution.py:70] - Arithmetic operations worker started for image 5 (PID 20212, breed: Devon Rex)
2025-12-20 00:29:48 - image_processor - DEBUG - [abstract_image.py:141] - Addition operation started
2025-12-20 00:29:48 - image_processor - DEBUG - [abstract_image.py:129] - Converting grayscale to RGB (3 channels)
2025-12-20 00:29:48 - image_processor - DEBUG - [abstract_image.py:166] - Addition operation completed. Result shape: (1165, 1231, 3)
2025-12-20 00:29:48 - image_processor - DEBUG - [image_processing.py:24] - ImageProcessing instance created
2025-12-20 00:29:48 - image_processor - DEBUG - [abstract_image.py:35] - CatImage created: breed=Australian Mist+processed, shape=(1165, 1231, 3), url=combined_Australian Mist...
2025-12-20 00:29:48 - image_processor - DEBUG - [abstract_image.py:173] - Subtraction operation started
2025-12-20 00:29:48 - image_processor - DEBUG - [abstract_image.py:129] - Converting grayscale to RGB (3 channels)
2025-12-20 00:29:48 - image_processor - DEBUG - [abstract_image.py:166] - Addition operation completed. Result shape: (667, 1000, 3)
2025-12-20 00:29:48 - image_processor - DEBUG - [image_processing.py:24] - ImageProcessing instance created
2025-12-20 00:29:48 - image_processor - DEBUG - [abstract_image.py:35] - CatImage created: breed=Devon Rex+processed, shape=(667, 1000, 3), url=combined_Devon Rex...
2025-12-20 00:29:48 - image_processor - DEBUG - [abstract_image.py:173] - Subtraction operation started
2025-12-20 00:29:48 - image_processor - DEBUG - [abstract_image.py:129] - Converting grayscale to RGB (3 channels)
2025-12-20 00:29:48 - image_processor - DEBUG - [parallel_convolution.py:70] - Arithmetic operations worker started for image 6 (PID 14036, breed: Exotic Shorthair)
2025-12-20 00:29:48 - image_processor - DEBUG - [abstract_image.py:141] - Addition operation started
2025-12-20 00:29:48 - image_processor - DEBUG - [abstract_image.py:129] - Converting grayscale to RGB (3 channels)
2025-12-20 00:29:48 - image_processor - DEBUG - [abstract_image.py:198] - Subtraction operation completed. Result shape: (667, 1000, 3)
2025-12-20 00:29:48 - image_processor - DEBUG - [image_processing.py:24] - ImageProcessing instance created
2025-12-20 00:29:48 - image_processor - DEBUG - [abstract_image.py:35] - CatImage created: breed=Devon Rex-processed, shape=(667, 1000, 3), url=subtracted_Devon Rex...
2025-12-20 00:29:48 - image_processor - DEBUG - [abstract_image.py:141] - Addition operation started
2025-12-20 00:29:48 - image_processor - DEBUG - [abstract_image.py:129] - Converting grayscale to RGB (3 channels)
2025-12-20 00:29:48 - image_processor - DEBUG - [parallel_convolution.py:70] - Arithmetic operations worker started for image 7 (PID 12052, breed: Japanese Bobtail)
2025-12-20 00:29:48 - image_processor - DEBUG - [abstract_image.py:141] - Addition operation started
2025-12-20 00:29:48 - image_processor - DEBUG - [abstract_image.py:129] - Converting grayscale to RGB (3 channels)
2025-12-20 00:29:48 - image_processor - DEBUG - [parallel_convolution.py:70] - Arithmetic operations worker started for image 8 (PID 4168, breed: Manx)
2025-12-20 00:29:48 - image_processor - DEBUG - [abstract_image.py:141] - Addition operation started
2025-12-20 00:29:48 - image_processor - DEBUG - [abstract_image.py:129] - Converting grayscale to RGB (3 channels)
2025-12-20 00:29:48 - image_processor - DEBUG - [abstract_image.py:166] - Addition operation completed. Result shape: (1200, 1800, 3)
2025-12-20 00:29:48 - image_processor - DEBUG - [image_processing.py:24] - ImageProcessing instance created
2025-12-20 00:29:48 - image_processor - DEBUG - [abstract_image.py:35] - CatImage created: breed=Australian Mist+processed, shape=(1200, 1800, 3), url=combined_Australian Mist...
2025-12-20 00:29:48 - image_processor - DEBUG - [abstract_image.py:173] - Subtraction operation started
2025-12-20 00:29:48 - image_processor - DEBUG - [abstract_image.py:129] - Converting grayscale to RGB (3 channels)
2025-12-20 00:29:48 - image_processor - DEBUG - [abstract_image.py:166] - Addition operation completed. Result shape: (1160, 1729, 3)
2025-12-20 00:29:48 - image_processor - DEBUG - [image_processing.py:24] - ImageProcessing instance created
2025-12-20 00:29:48 - image_processor - DEBUG - [abstract_image.py:35] - CatImage created: breed=Devon Rex+processed, shape=(1160, 1729, 3), url=combined_Devon Rex...
2025-12-20 00:29:48 - image_processor - DEBUG - [abstract_image.py:173] - Subtraction operation started
2025-12-20 00:29:48 - image_processor - DEBUG - [abstract_image.py:129] - Converting grayscale to RGB (3 channels)
2025-12-20 00:29:48 - image_processor - DEBUG - [abstract_image.py:129] - Converting grayscale to RGB (3 channels)
2025-12-20 00:29:48 - image_processor - DEBUG - [abstract_image.py:198] - Subtraction operation completed. Result shape: (1165, 1231, 3)
2025-12-20 00:29:48 - image_processor - DEBUG - [image_processing.py:24] - ImageProcessing instance created
2025-12-20 00:29:48 - image_processor - DEBUG - [abstract_image.py:35] - CatImage created: breed=Australian Mist-processed, shape=(1165, 1231, 3), url=subtracted_Australian Mist...
2025-12-20 00:29:48 - image_processor - DEBUG - [abstract_image.py:141] - Addition operation started
2025-12-20 00:29:48 - image_processor - DEBUG - [abstract_image.py:129] - Converting grayscale to RGB (3 channels)
2025-12-20 00:29:48 - image_processor - DEBUG - [abstract_image.py:166] - Addition operation completed. Result shape: (1009, 1600, 3)
2025-12-20 00:29:48 - image_processor - DEBUG - [image_processing.py:24] - ImageProcessing instance created
2025-12-20 00:29:48 - image_processor - DEBUG - [abstract_image.py:35] - CatImage created: breed=Devon Rex+processed, shape=(1009, 1600, 3), url=combined_Devon Rex...
2025-12-20 00:29:48 - image_processor - DEBUG - [abstract_image.py:173] - Subtraction operation started
2025-12-20 00:29:48 - image_processor - DEBUG - [abstract_image.py:166] - Addition operation completed. Result shape: (667, 1000, 3)
2025-12-20 00:29:48 - image_processor - DEBUG - [abstract_image.py:129] - Converting grayscale to RGB (3 channels)
2025-12-20 00:29:48 - image_processor - DEBUG - [image_processing.py:24] - ImageProcessing instance created
2025-12-20 00:29:48 - image_processor - DEBUG - [abstract_image.py:35] - CatImage created: breed=Devon Rex+processed, shape=(667, 1000, 3), url=combined_Devon Rex...
2025-12-20 00:29:48 - image_processor - DEBUG - [abstract_image.py:173] - Subtraction operation started
2025-12-20 00:29:48 - image_processor - DEBUG - [abstract_image.py:129] - Converting grayscale to RGB (3 channels)
2025-12-20 00:29:48 - image_processor - DEBUG - [abstract_image.py:166] - Addition operation completed. Result shape: (959, 1280, 3)
2025-12-20 00:29:48 - image_processor - DEBUG - [image_processing.py:24] - ImageProcessing instance created
2025-12-20 00:29:48 - image_processor - DEBUG - [abstract_image.py:35] - CatImage created: breed=Exotic Shorthair+processed, shape=(959, 1280, 3), url=combined_Exotic Shorthair...
2025-12-20 00:29:48 - image_processor - DEBUG - [abstract_image.py:173] - Subtraction operation started
2025-12-20 00:29:48 - image_processor - DEBUG - [abstract_image.py:129] - Converting grayscale to RGB (3 channels)
2025-12-20 00:29:48 - image_processor - DEBUG - [abstract_image.py:166] - Addition operation completed. Result shape: (800, 1200, 3)
2025-12-20 00:29:48 - image_processor - DEBUG - [image_processing.py:24] - ImageProcessing instance created
2025-12-20 00:29:48 - image_processor - DEBUG - [abstract_image.py:35] - CatImage created: breed=Manx+processed, shape=(800, 1200, 3), url=combined_Manx...
2025-12-20 00:29:48 - image_processor - DEBUG - [abstract_image.py:173] - Subtraction operation started
2025-12-20 00:29:48 - image_processor - DEBUG - [abstract_image.py:129] - Converting grayscale to RGB (3 channels)
2025-12-20 00:29:48 - image_processor - DEBUG - [abstract_image.py:198] - Subtraction operation completed. Result shape: (667, 1000, 3)
2025-12-20 00:29:48 - image_processor - DEBUG - [image_processing.py:24] - ImageProcessing instance created
2025-12-20 00:29:48 - image_processor - DEBUG - [abstract_image.py:35] - CatImage created: breed=Devon Rex-processed, shape=(667, 1000, 3), url=subtracted_Devon Rex...
2025-12-20 00:29:48 - image_processor - DEBUG - [parallel_convolution.py:85] - Arithmetic operations worker finished for image 4 (PID 21016)
2025-12-20 00:29:48 - image_processor - DEBUG - [abstract_image.py:166] - Addition operation completed. Result shape: (1041, 1600, 3)
2025-12-20 00:29:48 - image_processor - DEBUG - [image_processing.py:24] - ImageProcessing instance created
2025-12-20 00:29:48 - image_processor - DEBUG - [abstract_image.py:35] - CatImage created: breed=Japanese Bobtail+processed, shape=(1041, 1600, 3), url=combined_Japanese Bobtail...
2025-12-20 00:29:48 - image_processor - DEBUG - [abstract_image.py:173] - Subtraction operation started
2025-12-20 00:29:48 - image_processor - DEBUG - [abstract_image.py:129] - Converting grayscale to RGB (3 channels)
2025-12-20 00:29:48 - image_processor - DEBUG - [parallel_convolution.py:70] - Arithmetic operations worker started for image 9 (PID 21016, breed: Norwegian Forest Cat)
2025-12-20 00:29:48 - image_processor - DEBUG - [abstract_image.py:141] - Addition operation started
2025-12-20 00:29:48 - image_processor - DEBUG - [abstract_image.py:129] - Converting grayscale to RGB (3 channels)
2025-12-20 00:29:48 - image_processor - DEBUG - [abstract_image.py:166] - Addition operation completed. Result shape: (1165, 1231, 3)
2025-12-20 00:29:48 - image_processor - DEBUG - [image_processing.py:24] - ImageProcessing instance created
2025-12-20 00:29:48 - image_processor - DEBUG - [abstract_image.py:35] - CatImage created: breed=Australian Mist+processed, shape=(1165, 1231, 3), url=combined_Australian Mist...
2025-12-20 00:29:48 - image_processor - DEBUG - [abstract_image.py:173] - Subtraction operation started
2025-12-20 00:29:48 - image_processor - DEBUG - [abstract_image.py:129] - Converting grayscale to RGB (3 channels)
2025-12-20 00:29:48 - image_processor - DEBUG - [abstract_image.py:198] - Subtraction operation completed. Result shape: (959, 1280, 3)
2025-12-20 00:29:48 - image_processor - DEBUG - [image_processing.py:24] - ImageProcessing instance created
2025-12-20 00:29:48 - image_processor - DEBUG - [abstract_image.py:35] - CatImage created: breed=Exotic Shorthair-processed, shape=(959, 1280, 3), url=subtracted_Exotic Shorthair...
2025-12-20 00:29:48 - image_processor - DEBUG - [abstract_image.py:141] - Addition operation started
2025-12-20 00:29:48 - image_processor - DEBUG - [abstract_image.py:129] - Converting grayscale to RGB (3 channels)
2025-12-20 00:29:48 - image_processor - DEBUG - [abstract_image.py:198] - Subtraction operation completed. Result shape: (800, 1200, 3)
2025-12-20 00:29:48 - image_processor - DEBUG - [image_processing.py:24] - ImageProcessing instance created
2025-12-20 00:29:48 - image_processor - DEBUG - [abstract_image.py:35] - CatImage created: breed=Manx-processed, shape=(800, 1200, 3), url=subtracted_Manx...
2025-12-20 00:29:48 - image_processor - DEBUG - [abstract_image.py:141] - Addition operation started
2025-12-20 00:29:48 - image_processor - DEBUG - [abstract_image.py:129] - Converting grayscale to RGB (3 channels)
2025-12-20 00:29:48 - image_processor - DEBUG - [abstract_image.py:198] - Subtraction operation completed. Result shape: (1009, 1600, 3)
2025-12-20 00:29:48 - image_processor - DEBUG - [image_processing.py:24] - ImageProcessing instance created
2025-12-20 00:29:48 - image_processor - DEBUG - [abstract_image.py:35] - CatImage created: breed=Devon Rex-processed, shape=(1009, 1600, 3), url=subtracted_Devon Rex...
2025-12-20 00:29:48 - image_processor - DEBUG - [abstract_image.py:141] - Addition operation started
2025-12-20 00:29:48 - image_processor - DEBUG - [abstract_image.py:129] - Converting grayscale to RGB (3 channels)
2025-12-20 00:29:48 - image_processor - DEBUG - [abstract_image.py:198] - Subtraction operation completed. Result shape: (1200, 1800, 3)
2025-12-20 00:29:48 - image_processor - DEBUG - [image_processing.py:24] - ImageProcessing instance created
2025-12-20 00:29:48 - image_processor - DEBUG - [abstract_image.py:35] - CatImage created: breed=Australian Mist-processed, shape=(1200, 1800, 3), url=subtracted_Australian Mist...
2025-12-20 00:29:48 - image_processor - DEBUG - [abstract_image.py:198] - Subtraction operation completed. Result shape: (1160, 1729, 3)
2025-12-20 00:29:48 - image_processor - DEBUG - [image_processing.py:24] - ImageProcessing instance created
2025-12-20 00:29:48 - image_processor - DEBUG - [abstract_image.py:35] - CatImage created: breed=Devon Rex-processed, shape=(1160, 1729, 3), url=subtracted_Devon Rex...
2025-12-20 00:29:48 - image_processor - DEBUG - [abstract_image.py:141] - Addition operation started
2025-12-20 00:29:48 - image_processor - DEBUG - [abstract_image.py:129] - Converting grayscale to RGB (3 channels)
2025-12-20 00:29:48 - image_processor - DEBUG - [abstract_image.py:141] - Addition operation started
2025-12-20 00:29:48 - image_processor - DEBUG - [abstract_image.py:129] - Converting grayscale to RGB (3 channels)
2025-12-20 00:29:48 - image_processor - DEBUG - [abstract_image.py:129] - Converting grayscale to RGB (3 channels)
2025-12-20 00:29:48 - image_processor - DEBUG - [abstract_image.py:166] - Addition operation completed. Result shape: (890, 1000, 3)
2025-12-20 00:29:48 - image_processor - DEBUG - [image_processing.py:24] - ImageProcessing instance created
2025-12-20 00:29:48 - image_processor - DEBUG - [abstract_image.py:35] - CatImage created: breed=Norwegian Forest Cat+processed, shape=(890, 1000, 3), url=combined_Norwegian Forest Cat...
2025-12-20 00:29:48 - image_processor - DEBUG - [abstract_image.py:173] - Subtraction operation started
2025-12-20 00:29:48 - image_processor - DEBUG - [abstract_image.py:129] - Converting grayscale to RGB (3 channels)
2025-12-20 00:29:48 - image_processor - DEBUG - [abstract_image.py:166] - Addition operation completed. Result shape: (800, 1200, 3)
2025-12-20 00:29:48 - image_processor - DEBUG - [image_processing.py:24] - ImageProcessing instance created
2025-12-20 00:29:48 - image_processor - DEBUG - [abstract_image.py:35] - CatImage created: breed=Manx+processed, shape=(800, 1200, 3), url=combined_Manx...
2025-12-20 00:29:48 - image_processor - DEBUG - [abstract_image.py:173] - Subtraction operation started
2025-12-20 00:29:48 - image_processor - DEBUG - [abstract_image.py:129] - Converting grayscale to RGB (3 channels)
2025-12-20 00:29:48 - image_processor - DEBUG - [abstract_image.py:198] - Subtraction operation completed. Result shape: (1041, 1600, 3)
2025-12-20 00:29:48 - image_processor - DEBUG - [image_processing.py:24] - ImageProcessing instance created
2025-12-20 00:29:48 - image_processor - DEBUG - [abstract_image.py:35] - CatImage created: breed=Japanese Bobtail-processed, shape=(1041, 1600, 3), url=subtracted_Japanese Bobtail...
2025-12-20 00:29:48 - image_processor - DEBUG - [abstract_image.py:166] - Addition operation completed. Result shape: (959, 1280, 3)
2025-12-20 00:29:48 - image_processor - DEBUG - [image_processing.py:24] - ImageProcessing instance created
2025-12-20 00:29:48 - image_processor - DEBUG - [abstract_image.py:35] - CatImage created: breed=Exotic Shorthair+processed, shape=(959, 1280, 3), url=combined_Exotic Shorthair...
2025-12-20 00:29:48 - image_processor - DEBUG - [abstract_image.py:173] - Subtraction operation started
2025-12-20 00:29:48 - image_processor - DEBUG - [abstract_image.py:141] - Addition operation started
2025-12-20 00:29:48 - image_processor - DEBUG - [abstract_image.py:129] - Converting grayscale to RGB (3 channels)
2025-12-20 00:29:48 - image_processor - DEBUG - [abstract_image.py:129] - Converting grayscale to RGB (3 channels)
2025-12-20 00:29:48 - image_processor - DEBUG - [abstract_image.py:198] - Subtraction operation completed. Result shape: (1165, 1231, 3)
2025-12-20 00:29:48 - image_processor - DEBUG - [image_processing.py:24] - ImageProcessing instance created
2025-12-20 00:29:48 - image_processor - DEBUG - [abstract_image.py:35] - CatImage created: breed=Australian Mist-processed, shape=(1165, 1231, 3), url=subtracted_Australian Mist...
2025-12-20 00:29:48 - image_processor - DEBUG - [parallel_convolution.py:85] - Arithmetic operations worker finished for image 1 (PID 16324)
2025-12-20 00:29:48 - image_processor - DEBUG - [abstract_image.py:198] - Subtraction operation completed. Result shape: (890, 1000, 3)
2025-12-20 00:29:48 - image_processor - DEBUG - [image_processing.py:24] - ImageProcessing instance created
2025-12-20 00:29:48 - image_processor - DEBUG - [abstract_image.py:35] - CatImage created: breed=Norwegian Forest Cat-processed, shape=(890, 1000, 3), url=subtracted_Norwegian Forest Cat...
2025-12-20 00:29:48 - image_processor - DEBUG - [abstract_image.py:141] - Addition operation started
2025-12-20 00:29:48 - image_processor - DEBUG - [abstract_image.py:129] - Converting grayscale to RGB (3 channels)
2025-12-20 00:29:48 - image_processor - DEBUG - [abstract_image.py:198] - Subtraction operation completed. Result shape: (800, 1200, 3)
2025-12-20 00:29:48 - image_processor - DEBUG - [image_processing.py:24] - ImageProcessing instance created
2025-12-20 00:29:48 - image_processor - DEBUG - [abstract_image.py:35] - CatImage created: breed=Manx-processed, shape=(800, 1200, 3), url=subtracted_Manx...
2025-12-20 00:29:48 - image_processor - DEBUG - [parallel_convolution.py:85] - Arithmetic operations worker finished for image 8 (PID 4168)
2025-12-20 00:29:48 - image_processor - DEBUG - [abstract_image.py:166] - Addition operation completed. Result shape: (1009, 1600, 3)
2025-12-20 00:29:48 - image_processor - DEBUG - [image_processing.py:24] - ImageProcessing instance created
2025-12-20 00:29:48 - image_processor - DEBUG - [abstract_image.py:35] - CatImage created: breed=Devon Rex+processed, shape=(1009, 1600, 3), url=combined_Devon Rex...
2025-12-20 00:29:48 - image_processor - DEBUG - [abstract_image.py:173] - Subtraction operation started
2025-12-20 00:29:48 - image_processor - DEBUG - [abstract_image.py:129] - Converting grayscale to RGB (3 channels)
2025-12-20 00:29:48 - image_processor - DEBUG - [abstract_image.py:198] - Subtraction operation completed. Result shape: (959, 1280, 3)
2025-12-20 00:29:48 - image_processor - DEBUG - [image_processing.py:24] - ImageProcessing instance created
2025-12-20 00:29:48 - image_processor - DEBUG - [abstract_image.py:35] - CatImage created: breed=Exotic Shorthair-processed, shape=(959, 1280, 3), url=subtracted_Exotic Shorthair...
2025-12-20 00:29:48 - image_processor - DEBUG - [parallel_convolution.py:85] - Arithmetic operations worker finished for image 6 (PID 14036)
2025-12-20 00:29:48 - image_processor - DEBUG - [abstract_image.py:166] - Addition operation completed. Result shape: (890, 1000, 3)
2025-12-20 00:29:48 - image_processor - DEBUG - [image_processing.py:24] - ImageProcessing instance created
2025-12-20 00:29:48 - image_processor - DEBUG - [abstract_image.py:35] - CatImage created: breed=Norwegian Forest Cat+processed, shape=(890, 1000, 3), url=combined_Norwegian Forest Cat...
2025-12-20 00:29:48 - image_processor - DEBUG - [abstract_image.py:173] - Subtraction operation started
2025-12-20 00:29:48 - image_processor - DEBUG - [abstract_image.py:129] - Converting grayscale to RGB (3 channels)
2025-12-20 00:29:49 - image_processor - DEBUG - [abstract_image.py:166] - Addition operation completed. Result shape: (1160, 1729, 3)
2025-12-20 00:29:49 - image_processor - DEBUG - [image_processing.py:24] - ImageProcessing instance created
2025-12-20 00:29:49 - image_processor - DEBUG - [abstract_image.py:35] - CatImage created: breed=Devon Rex+processed, shape=(1160, 1729, 3), url=combined_Devon Rex...
2025-12-20 00:29:49 - image_processor - DEBUG - [abstract_image.py:173] - Subtraction operation started
2025-12-20 00:29:49 - image_processor - DEBUG - [abstract_image.py:129] - Converting grayscale to RGB (3 channels)
2025-12-20 00:29:49 - image_processor - DEBUG - [abstract_image.py:129] - Converting grayscale to RGB (3 channels)
2025-12-20 00:29:49 - image_processor - DEBUG - [abstract_image.py:166] - Addition operation completed. Result shape: (1200, 1800, 3)
2025-12-20 00:29:49 - image_processor - DEBUG - [image_processing.py:24] - ImageProcessing instance created
2025-12-20 00:29:49 - image_processor - DEBUG - [abstract_image.py:35] - CatImage created: breed=Australian Mist+processed, shape=(1200, 1800, 3), url=combined_Australian Mist...
2025-12-20 00:29:49 - image_processor - DEBUG - [abstract_image.py:173] - Subtraction operation started
2025-12-20 00:29:49 - image_processor - DEBUG - [abstract_image.py:129] - Converting grayscale to RGB (3 channels)
2025-12-20 00:29:49 - image_processor - DEBUG - [abstract_image.py:166] - Addition operation completed. Result shape: (1041, 1600, 3)
2025-12-20 00:29:49 - image_processor - DEBUG - [image_processing.py:24] - ImageProcessing instance created
2025-12-20 00:29:49 - image_processor - DEBUG - [abstract_image.py:35] - CatImage created: breed=Japanese Bobtail+processed, shape=(1041, 1600, 3), url=combined_Japanese Bobtail...
2025-12-20 00:29:49 - image_processor - DEBUG - [abstract_image.py:173] - Subtraction operation started
2025-12-20 00:29:49 - image_processor - DEBUG - [abstract_image.py:129] - Converting grayscale to RGB (3 channels)
2025-12-20 00:29:49 - image_processor - DEBUG - [abstract_image.py:198] - Subtraction operation completed. Result shape: (1009, 1600, 3)
2025-12-20 00:29:49 - image_processor - DEBUG - [image_processing.py:24] - ImageProcessing instance created
2025-12-20 00:29:49 - image_processor - DEBUG - [abstract_image.py:35] - CatImage created: breed=Devon Rex-processed, shape=(1009, 1600, 3), url=subtracted_Devon Rex...
2025-12-20 00:29:49 - image_processor - DEBUG - [parallel_convolution.py:85] - Arithmetic operations worker finished for image 5 (PID 20212)
2025-12-20 00:29:49 - image_processor - DEBUG - [abstract_image.py:198] - Subtraction operation completed. Result shape: (890, 1000, 3)
2025-12-20 00:29:49 - image_processor - DEBUG - [image_processing.py:24] - ImageProcessing instance created
2025-12-20 00:29:49 - image_processor - DEBUG - [abstract_image.py:35] - CatImage created: breed=Norwegian Forest Cat-processed, shape=(890, 1000, 3), url=subtracted_Norwegian Forest Cat...
2025-12-20 00:29:49 - image_processor - DEBUG - [parallel_convolution.py:85] - Arithmetic operations worker finished for image 9 (PID 21016)
2025-12-20 00:29:49 - image_processor - DEBUG - [parallel_convolution.py:70] - Arithmetic operations worker started for image 10 (PID 4168, breed: Ocicat)
2025-12-20 00:29:49 - image_processor - DEBUG - [abstract_image.py:141] - Addition operation started
2025-12-20 00:29:49 - image_processor - DEBUG - [abstract_image.py:129] - Converting grayscale to RGB (3 channels)
2025-12-20 00:29:49 - image_processor - DEBUG - [abstract_image.py:198] - Subtraction operation completed. Result shape: (1041, 1600, 3)
2025-12-20 00:29:49 - image_processor - DEBUG - [image_processing.py:24] - ImageProcessing instance created
2025-12-20 00:29:49 - image_processor - DEBUG - [abstract_image.py:35] - CatImage created: breed=Japanese Bobtail-processed, shape=(1041, 1600, 3), url=subtracted_Japanese Bobtail...
2025-12-20 00:29:49 - image_processor - DEBUG - [parallel_convolution.py:85] - Arithmetic operations worker finished for image 7 (PID 12052)
2025-12-20 00:29:49 - image_processor - DEBUG - [abstract_image.py:198] - Subtraction operation completed. Result shape: (1160, 1729, 3)
2025-12-20 00:29:49 - image_processor - DEBUG - [image_processing.py:24] - ImageProcessing instance created
2025-12-20 00:29:49 - image_processor - DEBUG - [abstract_image.py:35] - CatImage created: breed=Devon Rex-processed, shape=(1160, 1729, 3), url=subtracted_Devon Rex...
2025-12-20 00:29:49 - image_processor - DEBUG - [parallel_convolution.py:85] - Arithmetic operations worker finished for image 3 (PID 20188)
2025-12-20 00:29:49 - image_processor - DEBUG - [abstract_image.py:198] - Subtraction operation completed. Result shape: (1200, 1800, 3)
2025-12-20 00:29:49 - image_processor - DEBUG - [image_processing.py:24] - ImageProcessing instance created
2025-12-20 00:29:49 - image_processor - DEBUG - [abstract_image.py:35] - CatImage created: breed=Australian Mist-processed, shape=(1200, 1800, 3), url=subtracted_Australian Mist...
2025-12-20 00:29:49 - image_processor - DEBUG - [parallel_convolution.py:85] - Arithmetic operations worker finished for image 2 (PID 4004)
2025-12-20 00:29:49 - image_processor - DEBUG - [abstract_image.py:166] - Addition operation completed. Result shape: (2469, 3704, 3)
2025-12-20 00:29:49 - image_processor - DEBUG - [image_processing.py:24] - ImageProcessing instance created
2025-12-20 00:29:49 - image_processor - DEBUG - [abstract_image.py:35] - CatImage created: breed=Ocicat+processed, shape=(2469, 3704, 3), url=combined_Ocicat...
2025-12-20 00:29:49 - image_processor - DEBUG - [abstract_image.py:173] - Subtraction operation started
2025-12-20 00:29:49 - image_processor - DEBUG - [abstract_image.py:129] - Converting grayscale to RGB (3 channels)
2025-12-20 00:29:49 - image_processor - DEBUG - [abstract_image.py:198] - Subtraction operation completed. Result shape: (2469, 3704, 3)
2025-12-20 00:29:49 - image_processor - DEBUG - [image_processing.py:24] - ImageProcessing instance created
2025-12-20 00:29:49 - image_processor - DEBUG - [abstract_image.py:35] - CatImage created: breed=Ocicat-processed, shape=(2469, 3704, 3), url=subtracted_Ocicat...
2025-12-20 00:29:49 - image_processor - DEBUG - [abstract_image.py:141] - Addition operation started
2025-12-20 00:29:49 - image_processor - DEBUG - [abstract_image.py:129] - Converting grayscale to RGB (3 channels)
2025-12-20 00:29:50 - image_processor - DEBUG - [abstract_image.py:166] - Addition operation completed. Result shape: (2469, 3704, 3)
2025-12-20 00:29:50 - image_processor - DEBUG - [image_processing.py:24] - ImageProcessing instance created
2025-12-20 00:29:50 - image_processor - DEBUG - [abstract_image.py:35] - CatImage created: breed=Ocicat+processed, shape=(2469, 3704, 3), url=combined_Ocicat...
2025-12-20 00:29:50 - image_processor - DEBUG - [abstract_image.py:173] - Subtraction operation started
2025-12-20 00:29:50 - image_processor - DEBUG - [abstract_image.py:129] - Converting grayscale to RGB (3 channels)
2025-12-20 00:29:50 - image_processor - DEBUG - [abstract_image.py:198] - Subtraction operation completed. Result shape: (2469, 3704, 3)
2025-12-20 00:29:50 - image_processor - DEBUG - [image_processing.py:24] - ImageProcessing instance created
2025-12-20 00:29:50 - image_processor - DEBUG - [abstract_image.py:35] - CatImage created: breed=Ocicat-processed, shape=(2469, 3704, 3), url=subtracted_Ocicat...
2025-12-20 00:29:50 - image_processor - DEBUG - [parallel_convolution.py:85] - Arithmetic operations worker finished for image 10 (PID 4168)
2025-12-20 00:29:50 - image_processor - INFO - [parallel_convolution.py:193] - Parallel arithmetic operations completed for 10 images
2025-12-20 00:29:50 - image_processor - DEBUG - [async_pipeline.py:124] - Arithmetic operations completed
2025-12-20 00:29:50 - image_processor - DEBUG - [async_pipeline.py:152] - Chunk processed: 10 images with all operations completed
2025-12-20 00:29:50 - image_processor - DEBUG - [async_pipeline.py:187] - Saving image 1 (Australian Mist)
2025-12-20 00:29:50 - image_processor - DEBUG - [async_pipeline.py:187] - Saving image 2 (Australian Mist)
2025-12-20 00:29:50 - image_processor - DEBUG - [async_pipeline.py:187] - Saving image 3 (Devon Rex)
2025-12-20 00:29:50 - image_processor - DEBUG - [async_pipeline.py:187] - Saving image 4 (Devon Rex)
2025-12-20 00:29:50 - image_processor - DEBUG - [async_pipeline.py:187] - Saving image 5 (Devon Rex)
2025-12-20 00:29:50 - image_processor - DEBUG - [async_pipeline.py:187] - Saving image 6 (Exotic Shorthair)
2025-12-20 00:29:50 - image_processor - DEBUG - [async_pipeline.py:187] - Saving image 7 (Japanese Bobtail)
2025-12-20 00:29:50 - image_processor - DEBUG - [async_pipeline.py:187] - Saving image 8 (Manx)
2025-12-20 00:29:50 - image_processor - DEBUG - [async_pipeline.py:187] - Saving image 9 (Norwegian Forest Cat)
2025-12-20 00:29:50 - image_processor - DEBUG - [async_pipeline.py:187] - Saving image 10 (Ocicat)
2025-12-20 00:29:52 - image_processor - DEBUG - [async_pipeline.py:203] - Image 1 saved (3 files)
2025-12-20 00:29:52 - image_processor - DEBUG - [async_pipeline.py:203] - Image 3 saved (3 files)
2025-12-20 00:29:52 - image_processor - DEBUG - [async_pipeline.py:203] - Image 4 saved (3 files)
2025-12-20 00:29:52 - image_processor - DEBUG - [async_pipeline.py:203] - Image 6 saved (3 files)
2025-12-20 00:29:52 - image_processor - DEBUG - [async_pipeline.py:203] - Image 2 saved (3 files)
2025-12-20 00:29:52 - image_processor - DEBUG - [async_pipeline.py:203] - Image 5 saved (3 files)
2025-12-20 00:29:52 - image_processor - DEBUG - [async_pipeline.py:203] - Image 7 saved (3 files)
2025-12-20 00:29:52 - image_processor - DEBUG - [async_pipeline.py:203] - Image 8 saved (3 files)
2025-12-20 00:29:52 - image_processor - DEBUG - [async_pipeline.py:203] - Image 9 saved (3 files)
2025-12-20 00:29:52 - image_processor - DEBUG - [async_pipeline.py:203] - Image 10 saved (3 files)
2025-12-20 00:29:52 - image_processor - INFO - [async_pipeline.py:70] - Processing chunk 2/2: images 11 to 20
2025-12-20 00:29:52 - image_processor - INFO - [async_image_processor.py:137] - Starting parallel download of 10 images
2025-12-20 00:29:52 - image_processor - DEBUG - [async_image_processor.py:106] - Downloading image 11 (breed: Persian)
2025-12-20 00:29:52 - image_processor - DEBUG - [async_image_processor.py:106] - Downloading image 12 (breed: Ragamuffin)
2025-12-20 00:29:52 - image_processor - DEBUG - [async_image_processor.py:106] - Downloading image 13 (breed: Ragdoll)
2025-12-20 00:29:52 - image_processor - DEBUG - [async_image_processor.py:106] - Downloading image 14 (breed: Russian Blue)
2025-12-20 00:29:52 - image_processor - DEBUG - [async_image_processor.py:106] - Downloading image 15 (breed: Scottish Fold)
2025-12-20 00:29:52 - image_processor - DEBUG - [async_image_processor.py:106] - Downloading image 16 (breed: Scottish Fold)
2025-12-20 00:29:52 - image_processor - DEBUG - [async_image_processor.py:106] - Downloading image 17 (breed: Maine Coon)
2025-12-20 00:29:52 - image_processor - DEBUG - [async_image_processor.py:106] - Downloading image 18 (breed: Maine Coon)
2025-12-20 00:29:52 - image_processor - DEBUG - [async_image_processor.py:106] - Downloading image 19 (breed: Singapura)
2025-12-20 00:29:52 - image_processor - DEBUG - [async_image_processor.py:106] - Downloading image 20 (breed: Turkish Van)
2025-12-20 00:29:55 - image_processor - DEBUG - [async_image_processor.py:124] - Image 13 downloaded successfully (shape: (768, 1024, 3))
2025-12-20 00:29:55 - image_processor - DEBUG - [async_image_processor.py:124] - Image 15 downloaded successfully (shape: (1080, 1080, 3))
2025-12-20 00:29:55 - image_processor - DEBUG - [async_image_processor.py:124] - Image 17 downloaded successfully (shape: (598, 822, 3))
2025-12-20 00:29:55 - image_processor - DEBUG - [async_image_processor.py:124] - Image 19 downloaded successfully (shape: (1080, 1080, 3))
2025-12-20 00:29:55 - image_processor - DEBUG - [async_image_processor.py:124] - Image 16 downloaded successfully (shape: (996, 1500, 3))
2025-12-20 00:29:55 - image_processor - DEBUG - [async_image_processor.py:124] - Image 18 downloaded successfully (shape: (996, 1200, 3))
2025-12-20 00:29:55 - image_processor - DEBUG - [async_image_processor.py:124] - Image 11 downloaded successfully (shape: (1199, 900, 3))
2025-12-20 00:29:56 - image_processor - DEBUG - [async_image_processor.py:124] - Image 14 downloaded successfully (shape: (1333, 2000, 3))
2025-12-20 00:29:56 - image_processor - DEBUG - [async_image_processor.py:124] - Image 20 downloaded successfully (shape: (2208, 1656, 3))
2025-12-20 00:29:56 - image_processor - DEBUG - [async_image_processor.py:124] - Image 12 downloaded successfully (shape: (2380, 1485, 3))
2025-12-20 00:29:56 - image_processor - INFO - [async_image_processor.py:148] - Parallel download completed: 10/10 successful
2025-12-20 00:29:56 - image_processor - DEBUG - [async_image_processor.py:156] - Creating image objects from 10 metadata entries
2025-12-20 00:29:56 - image_processor - DEBUG - [image_processing.py:24] - ImageProcessing instance created
2025-12-20 00:29:56 - image_processor - DEBUG - [abstract_image.py:35] - CatImage created: breed=Persian, shape=(1199, 900, 3), url=https://cdn2.thecatapi.com/images/MjEa4UzfB.jpg...
2025-12-20 00:29:56 - image_processor - DEBUG - [async_image_processor.py:177] - Image object created for index 11 (breed: Persian)
2025-12-20 00:29:56 - image_processor - DEBUG - [image_processing.py:24] - ImageProcessing instance created
2025-12-20 00:29:56 - image_processor - DEBUG - [abstract_image.py:35] - CatImage created: breed=Ragamuffin, shape=(2380, 1485, 3), url=https://cdn2.thecatapi.com/images/dEWWIiCgr.jpg...
2025-12-20 00:29:56 - image_processor - DEBUG - [async_image_processor.py:177] - Image object created for index 12 (breed: Ragamuffin)
2025-12-20 00:29:56 - image_processor - DEBUG - [image_processing.py:24] - ImageProcessing instance created
2025-12-20 00:29:56 - image_processor - DEBUG - [abstract_image.py:35] - CatImage created: breed=Ragdoll, shape=(768, 1024, 3), url=https://cdn2.thecatapi.com/images/QZYN75HxN.jpg...
2025-12-20 00:29:56 - image_processor - DEBUG - [async_image_processor.py:177] - Image object created for index 13 (breed: Ragdoll)
2025-12-20 00:29:56 - image_processor - DEBUG - [image_processing.py:24] - ImageProcessing instance created
2025-12-20 00:29:56 - image_processor - DEBUG - [abstract_image.py:35] - CatImage created: breed=Russian Blue, shape=(1333, 2000, 3), url=https://cdn2.thecatapi.com/images/4B7MJpywg.jpg...
2025-12-20 00:29:56 - image_processor - DEBUG - [async_image_processor.py:177] - Image object created for index 14 (breed: Russian Blue)
2025-12-20 00:29:56 - image_processor - DEBUG - [image_processing.py:24] - ImageProcessing instance created
2025-12-20 00:29:56 - image_processor - DEBUG - [abstract_image.py:35] - CatImage created: breed=Scottish Fold, shape=(1080, 1080, 3), url=https://cdn2.thecatapi.com/images/TOozwr2OD.jpg...
2025-12-20 00:29:56 - image_processor - DEBUG - [async_image_processor.py:177] - Image object created for index 15 (breed: Scottish Fold)
2025-12-20 00:29:56 - image_processor - DEBUG - [image_processing.py:24] - ImageProcessing instance created
2025-12-20 00:29:56 - image_processor - DEBUG - [abstract_image.py:35] - CatImage created: breed=Scottish Fold, shape=(996, 1500, 3), url=https://cdn2.thecatapi.com/images/Tbc8_VStM.jpg...
2025-12-20 00:29:56 - image_processor - DEBUG - [async_image_processor.py:177] - Image object created for index 16 (breed: Scottish Fold)
2025-12-20 00:29:56 - image_processor - DEBUG - [image_processing.py:24] - ImageProcessing instance created
2025-12-20 00:29:56 - image_processor - DEBUG - [abstract_image.py:35] - CatImage created: breed=Maine Coon, shape=(598, 822, 3), url=https://cdn2.thecatapi.com/images/EwApDDFZR.jpg...
2025-12-20 00:29:56 - image_processor - DEBUG - [async_image_processor.py:177] - Image object created for index 17 (breed: Maine Coon)
2025-12-20 00:29:56 - image_processor - DEBUG - [image_processing.py:24] - ImageProcessing instance created
2025-12-20 00:29:56 - image_processor - DEBUG - [abstract_image.py:35] - CatImage created: breed=Maine Coon, shape=(996, 1200, 3), url=https://cdn2.thecatapi.com/images/agwTe5TSe.jpg...
2025-12-20 00:29:56 - image_processor - DEBUG - [async_image_processor.py:177] - Image object created for index 18 (breed: Maine Coon)
2025-12-20 00:29:56 - image_processor - DEBUG - [image_processing.py:24] - ImageProcessing instance created
2025-12-20 00:29:56 - image_processor - DEBUG - [abstract_image.py:35] - CatImage created: breed=Singapura, shape=(1080, 1080, 3), url=https://cdn2.thecatapi.com/images/OeOUzmQIk.jpg...
2025-12-20 00:29:56 - image_processor - DEBUG - [async_image_processor.py:177] - Image object created for index 19 (breed: Singapura)
2025-12-20 00:29:56 - image_processor - DEBUG - [image_processing.py:24] - ImageProcessing instance created
2025-12-20 00:29:56 - image_processor - DEBUG - [abstract_image.py:35] - CatImage created: breed=Turkish Van, shape=(2208, 1656, 3), url=https://cdn2.thecatapi.com/images/NHiuHD4Ax.jpg...
2025-12-20 00:29:56 - image_processor - DEBUG - [async_image_processor.py:177] - Image object created for index 20 (breed: Turkish Van)
2025-12-20 00:29:56 - image_processor - INFO - [async_image_processor.py:179] - Created 10 image objects
2025-12-20 00:29:56 - image_processor - DEBUG - [async_pipeline.py:76] - Chunk 2: 10 images ready for processing
2025-12-20 00:29:56 - image_processor - DEBUG - [async_pipeline.py:95] - Processing chunk of 10 images
2025-12-20 00:29:56 - image_processor - INFO - [parallel_convolution.py:127] - Starting parallel custom edge detection for 10 images
2025-12-20 00:29:56 - image_processor - INFO - [parallel_convolution.py:144] - Starting parallel library edge detection for 10 images
2025-12-20 00:29:58 - image_processor - DEBUG - [parallel_convolution.py:28] - Convolution worker started for image 11 (PID 5172, breed: Persian)
2025-12-20 00:29:58 - image_processor - DEBUG - [image_processing.py:24] - ImageProcessing instance created
2025-12-20 00:29:58 - image_processor - DEBUG - [image_processing.py:120] - Edge detection (Canny) started
2025-12-20 00:29:58 - image_processor - DEBUG - [image_processing.py:46] - RGB to grayscale conversion started. Image shape: (1199, 900, 3)
2025-12-20 00:29:58 - image_processor - DEBUG - [image_processing.py:53] - RGB to grayscale conversion completed. Result shape: (1199, 900)
2025-12-20 00:29:58 - image_processor - DEBUG - [image_processing.py:30] - Convolution started. Image shape: (1199, 900), kernel shape: (3, 3)
2025-12-20 00:29:58 - image_processor - DEBUG - [image_processing.py:36] - Convolution completed in 0.0160 seconds
2025-12-20 00:29:58 - image_processor - DEBUG - [image_processing.py:30] - Convolution started. Image shape: (1199, 900), kernel shape: (3, 3)
2025-12-20 00:29:58 - image_processor - DEBUG - [image_processing.py:36] - Convolution completed in 0.0161 seconds
2025-12-20 00:29:58 - image_processor - DEBUG - [image_processing.py:91] - Non-maximum suppression started
2025-12-20 00:29:58 - image_processor - DEBUG - [parallel_convolution.py:48] - Library edge detection worker started for image 11 (PID 13052, breed: Persian)
2025-12-20 00:29:58 - image_processor - DEBUG - [image_processing.py:24] - ImageProcessing instance created
2025-12-20 00:29:58 - image_processor - DEBUG - [image_processing.py:120] - Edge detection (Canny) started
2025-12-20 00:29:58 - image_processor - DEBUG - [image_processing.py:46] - RGB to grayscale conversion started. Image shape: (1199, 900, 3)
2025-12-20 00:29:58 - image_processor - DEBUG - [image_processing.py:53] - RGB to grayscale conversion completed. Result shape: (1199, 900)
2025-12-20 00:29:58 - image_processor - DEBUG - [image_processing.py:30] - Convolution started. Image shape: (1199, 900), kernel shape: (3, 3)
2025-12-20 00:29:58 - image_processor - DEBUG - [parallel_convolution.py:48] - Library edge detection worker started for image 12 (PID 1348, breed: Ragamuffin)
2025-12-20 00:29:58 - image_processor - DEBUG - [image_processing.py:24] - ImageProcessing instance created
2025-12-20 00:29:58 - image_processor - DEBUG - [image_processing.py:120] - Edge detection (Canny) started
2025-12-20 00:29:58 - image_processor - DEBUG - [image_processing.py:46] - RGB to grayscale conversion started. Image shape: (2380, 1485, 3)
2025-12-20 00:29:58 - image_processor - DEBUG - [image_processing.py:36] - Convolution completed in 0.0174 seconds
2025-12-20 00:29:58 - image_processor - DEBUG - [image_processing.py:30] - Convolution started. Image shape: (1199, 900), kernel shape: (3, 3)
2025-12-20 00:29:58 - image_processor - DEBUG - [image_processing.py:36] - Convolution completed in 0.0164 seconds
2025-12-20 00:29:58 - image_processor - DEBUG - [parallel_convolution.py:48] - Library edge detection worker started for image 13 (PID 5716, breed: Ragdoll)
2025-12-20 00:29:58 - image_processor - DEBUG - [image_processing.py:24] - ImageProcessing instance created
2025-12-20 00:29:58 - image_processor - DEBUG - [image_processing.py:120] - Edge detection (Canny) started
2025-12-20 00:29:58 - image_processor - DEBUG - [image_processing.py:46] - RGB to grayscale conversion started. Image shape: (768, 1024, 3)
2025-12-20 00:29:58 - image_processor - DEBUG - [image_processing.py:91] - Non-maximum suppression started
2025-12-20 00:29:58 - image_processor - DEBUG - [image_processing.py:53] - RGB to grayscale conversion completed. Result shape: (768, 1024)
2025-12-20 00:29:58 - image_processor - DEBUG - [image_processing.py:30] - Convolution started. Image shape: (768, 1024), kernel shape: (3, 3)
2025-12-20 00:29:59 - image_processor - DEBUG - [parallel_convolution.py:48] - Library edge detection worker started for image 14 (PID 14452, breed: Russian Blue)
2025-12-20 00:29:59 - image_processor - DEBUG - [image_processing.py:24] - ImageProcessing instance created
2025-12-20 00:29:59 - image_processor - DEBUG - [image_processing.py:120] - Edge detection (Canny) started
2025-12-20 00:29:59 - image_processor - DEBUG - [image_processing.py:46] - RGB to grayscale conversion started. Image shape: (1333, 2000, 3)
2025-12-20 00:29:59 - image_processor - DEBUG - [image_processing.py:36] - Convolution completed in 0.0123 seconds
2025-12-20 00:29:59 - image_processor - DEBUG - [image_processing.py:30] - Convolution started. Image shape: (768, 1024), kernel shape: (3, 3)
2025-12-20 00:29:59 - image_processor - DEBUG - [image_processing.py:36] - Convolution completed in 0.0121 seconds
2025-12-20 00:29:59 - image_processor - DEBUG - [parallel_convolution.py:28] - Convolution worker started for image 12 (PID 3080, breed: Ragamuffin)
2025-12-20 00:29:59 - image_processor - DEBUG - [image_processing.py:24] - ImageProcessing instance created
2025-12-20 00:29:59 - image_processor - DEBUG - [image_processing.py:120] - Edge detection (Canny) started
2025-12-20 00:29:59 - image_processor - DEBUG - [image_processing.py:46] - RGB to grayscale conversion started. Image shape: (2380, 1485, 3)
2025-12-20 00:29:59 - image_processor - DEBUG - [image_processing.py:91] - Non-maximum suppression started
2025-12-20 00:29:59 - image_processor - DEBUG - [image_processing.py:53] - RGB to grayscale conversion completed. Result shape: (2380, 1485)
2025-12-20 00:29:59 - image_processor - DEBUG - [image_processing.py:30] - Convolution started. Image shape: (2380, 1485), kernel shape: (3, 3)
2025-12-20 00:29:59 - image_processor - DEBUG - [parallel_convolution.py:28] - Convolution worker started for image 13 (PID 19672, breed: Ragdoll)
2025-12-20 00:29:59 - image_processor - DEBUG - [image_processing.py:24] - ImageProcessing instance created
2025-12-20 00:29:59 - image_processor - DEBUG - [image_processing.py:120] - Edge detection (Canny) started
2025-12-20 00:29:59 - image_processor - DEBUG - [image_processing.py:46] - RGB to grayscale conversion started. Image shape: (768, 1024, 3)
2025-12-20 00:29:59 - image_processor - DEBUG - [parallel_convolution.py:28] - Convolution worker started for image 14 (PID 11532, breed: Russian Blue)
2025-12-20 00:29:59 - image_processor - DEBUG - [image_processing.py:24] - ImageProcessing instance created
2025-12-20 00:29:59 - image_processor - DEBUG - [image_processing.py:120] - Edge detection (Canny) started
2025-12-20 00:29:59 - image_processor - DEBUG - [image_processing.py:46] - RGB to grayscale conversion started. Image shape: (1333, 2000, 3)
2025-12-20 00:29:59 - image_processor - DEBUG - [image_processing.py:36] - Convolution completed in 0.0647 seconds
2025-12-20 00:29:59 - image_processor - DEBUG - [image_processing.py:53] - RGB to grayscale conversion completed. Result shape: (768, 1024)
2025-12-20 00:29:59 - image_processor - DEBUG - [image_processing.py:30] - Convolution started. Image shape: (768, 1024), kernel shape: (3, 3)
2025-12-20 00:29:59 - image_processor - DEBUG - [image_processing.py:30] - Convolution started. Image shape: (2380, 1485), kernel shape: (3, 3)
2025-12-20 00:29:59 - image_processor - DEBUG - [image_processing.py:36] - Convolution completed in 0.0115 seconds
2025-12-20 00:29:59 - image_processor - DEBUG - [image_processing.py:30] - Convolution started. Image shape: (768, 1024), kernel shape: (3, 3)
2025-12-20 00:29:59 - image_processor - DEBUG - [image_processing.py:36] - Convolution completed in 0.0263 seconds
2025-12-20 00:29:59 - image_processor - DEBUG - [image_processing.py:53] - RGB to grayscale conversion completed. Result shape: (1333, 2000)
2025-12-20 00:29:59 - image_processor - DEBUG - [image_processing.py:36] - Convolution completed in 0.0518 seconds
2025-12-20 00:29:59 - image_processor - DEBUG - [image_processing.py:30] - Convolution started. Image shape: (1333, 2000), kernel shape: (3, 3)
2025-12-20 00:29:59 - image_processor - DEBUG - [image_processing.py:91] - Non-maximum suppression started
2025-12-20 00:29:59 - image_processor - DEBUG - [image_processing.py:53] - RGB to grayscale conversion completed. Result shape: (1333, 2000)
2025-12-20 00:29:59 - image_processor - DEBUG - [image_processing.py:30] - Convolution started. Image shape: (1333, 2000), kernel shape: (3, 3)
2025-12-20 00:29:59 - image_processor - DEBUG - [image_processing.py:53] - RGB to grayscale conversion completed. Result shape: (2380, 1485)
2025-12-20 00:29:59 - image_processor - DEBUG - [image_processing.py:36] - Convolution completed in 0.0941 seconds
2025-12-20 00:29:59 - image_processor - DEBUG - [image_processing.py:30] - Convolution started. Image shape: (1333, 2000), kernel shape: (3, 3)
2025-12-20 00:29:59 - image_processor - DEBUG - [image_processing.py:30] - Convolution started. Image shape: (2380, 1485), kernel shape: (3, 3)
2025-12-20 00:29:59 - image_processor - DEBUG - [image_processing.py:91] - Non-maximum suppression started
2025-12-20 00:29:59 - image_processor - DEBUG - [image_processing.py:36] - Convolution completed in 0.0730 seconds
2025-12-20 00:29:59 - image_processor - DEBUG - [image_processing.py:30] - Convolution started. Image shape: (1333, 2000), kernel shape: (3, 3)
2025-12-20 00:29:59 - image_processor - DEBUG - [image_processing.py:36] - Convolution completed in 0.0703 seconds
2025-12-20 00:29:59 - image_processor - DEBUG - [image_processing.py:36] - Convolution completed in 0.1106 seconds
2025-12-20 00:29:59 - image_processor - DEBUG - [image_processing.py:30] - Convolution started. Image shape: (2380, 1485), kernel shape: (3, 3)
2025-12-20 00:29:59 - image_processor - DEBUG - [image_processing.py:36] - Convolution completed in 0.0938 seconds
2025-12-20 00:29:59 - image_processor - DEBUG - [parallel_convolution.py:28] - Convolution worker started for image 15 (PID 7024, breed: Scottish Fold)
2025-12-20 00:29:59 - image_processor - DEBUG - [image_processing.py:24] - ImageProcessing instance created
2025-12-20 00:29:59 - image_processor - DEBUG - [image_processing.py:120] - Edge detection (Canny) started
2025-12-20 00:29:59 - image_processor - DEBUG - [image_processing.py:46] - RGB to grayscale conversion started. Image shape: (1080, 1080, 3)
2025-12-20 00:29:59 - image_processor - DEBUG - [image_processing.py:91] - Non-maximum suppression started
2025-12-20 00:29:59 - image_processor - DEBUG - [image_processing.py:36] - Convolution completed in 0.1162 seconds
2025-12-20 00:29:59 - image_processor - DEBUG - [image_processing.py:53] - RGB to grayscale conversion completed. Result shape: (1080, 1080)
2025-12-20 00:29:59 - image_processor - DEBUG - [image_processing.py:30] - Convolution started. Image shape: (1080, 1080), kernel shape: (3, 3)
2025-12-20 00:29:59 - image_processor - DEBUG - [image_processing.py:36] - Convolution completed in 0.0218 seconds
2025-12-20 00:29:59 - image_processor - DEBUG - [parallel_convolution.py:28] - Convolution worker started for image 16 (PID 12384, breed: Scottish Fold)
2025-12-20 00:29:59 - image_processor - DEBUG - [image_processing.py:24] - ImageProcessing instance created
2025-12-20 00:29:59 - image_processor - DEBUG - [image_processing.py:120] - Edge detection (Canny) started
2025-12-20 00:29:59 - image_processor - DEBUG - [image_processing.py:46] - RGB to grayscale conversion started. Image shape: (996, 1500, 3)
2025-12-20 00:29:59 - image_processor - DEBUG - [image_processing.py:91] - Non-maximum suppression started
2025-12-20 00:29:59 - image_processor - DEBUG - [image_processing.py:36] - Convolution completed in 0.0223 seconds
2025-12-20 00:29:59 - image_processor - DEBUG - [image_processing.py:91] - Non-maximum suppression started
2025-12-20 00:29:59 - image_processor - DEBUG - [image_processing.py:53] - RGB to grayscale conversion completed. Result shape: (996, 1500)
2025-12-20 00:29:59 - image_processor - DEBUG - [image_processing.py:30] - Convolution started. Image shape: (996, 1500), kernel shape: (3, 3)
2025-12-20 00:29:59 - image_processor - DEBUG - [parallel_convolution.py:48] - Library edge detection worker started for image 15 (PID 19168, breed: Scottish Fold)
2025-12-20 00:29:59 - image_processor - DEBUG - [image_processing.py:24] - ImageProcessing instance created
2025-12-20 00:29:59 - image_processor - DEBUG - [image_processing.py:120] - Edge detection (Canny) started
2025-12-20 00:29:59 - image_processor - DEBUG - [image_processing.py:46] - RGB to grayscale conversion started. Image shape: (1080, 1080, 3)
2025-12-20 00:29:59 - image_processor - DEBUG - [image_processing.py:91] - Non-maximum suppression started
2025-12-20 00:29:59 - image_processor - DEBUG - [parallel_convolution.py:48] - Library edge detection worker started for image 16 (PID 21332, breed: Scottish Fold)
2025-12-20 00:29:59 - image_processor - DEBUG - [image_processing.py:24] - ImageProcessing instance created
2025-12-20 00:29:59 - image_processor - DEBUG - [image_processing.py:120] - Edge detection (Canny) started
2025-12-20 00:29:59 - image_processor - DEBUG - [image_processing.py:46] - RGB to grayscale conversion started. Image shape: (996, 1500, 3)
2025-12-20 00:29:59 - image_processor - DEBUG - [image_processing.py:36] - Convolution completed in 0.0745 seconds
2025-12-20 00:29:59 - image_processor - DEBUG - [image_processing.py:30] - Convolution started. Image shape: (996, 1500), kernel shape: (3, 3)
2025-12-20 00:29:59 - image_processor - DEBUG - [parallel_convolution.py:28] - Convolution worker started for image 17 (PID 18560, breed: Maine Coon)
2025-12-20 00:29:59 - image_processor - DEBUG - [image_processing.py:24] - ImageProcessing instance created
2025-12-20 00:29:59 - image_processor - DEBUG - [image_processing.py:120] - Edge detection (Canny) started
2025-12-20 00:29:59 - image_processor - DEBUG - [image_processing.py:46] - RGB to grayscale conversion started. Image shape: (598, 822, 3)
2025-12-20 00:29:59 - image_processor - DEBUG - [image_processing.py:53] - RGB to grayscale conversion completed. Result shape: (598, 822)
2025-12-20 00:29:59 - image_processor - DEBUG - [image_processing.py:30] - Convolution started. Image shape: (598, 822), kernel shape: (3, 3)
2025-12-20 00:29:59 - image_processor - DEBUG - [image_processing.py:36] - Convolution completed in 0.0834 seconds
2025-12-20 00:29:59 - image_processor - DEBUG - [parallel_convolution.py:48] - Library edge detection worker started for image 17 (PID 10680, breed: Maine Coon)
2025-12-20 00:29:59 - image_processor - DEBUG - [image_processing.py:24] - ImageProcessing instance created
2025-12-20 00:29:59 - image_processor - DEBUG - [image_processing.py:120] - Edge detection (Canny) started
2025-12-20 00:29:59 - image_processor - DEBUG - [image_processing.py:46] - RGB to grayscale conversion started. Image shape: (598, 822, 3)
2025-12-20 00:29:59 - image_processor - DEBUG - [image_processing.py:53] - RGB to grayscale conversion completed. Result shape: (1080, 1080)
2025-12-20 00:29:59 - image_processor - DEBUG - [image_processing.py:30] - Convolution started. Image shape: (1080, 1080), kernel shape: (3, 3)
2025-12-20 00:29:59 - image_processor - DEBUG - [image_processing.py:36] - Convolution completed in 0.0699 seconds
2025-12-20 00:29:59 - image_processor - DEBUG - [image_processing.py:30] - Convolution started. Image shape: (598, 822), kernel shape: (3, 3)
2025-12-20 00:29:59 - image_processor - DEBUG - [image_processing.py:36] - Convolution completed in 0.0200 seconds
2025-12-20 00:29:59 - image_processor - DEBUG - [image_processing.py:30] - Convolution started. Image shape: (1080, 1080), kernel shape: (3, 3)
2025-12-20 00:29:59 - image_processor - DEBUG - [image_processing.py:36] - Convolution completed in 0.0082 seconds
2025-12-20 00:29:59 - image_processor - DEBUG - [image_processing.py:53] - RGB to grayscale conversion completed. Result shape: (996, 1500)
2025-12-20 00:29:59 - image_processor - DEBUG - [image_processing.py:30] - Convolution started. Image shape: (996, 1500), kernel shape: (3, 3)
2025-12-20 00:30:00 - image_processor - DEBUG - [image_processing.py:53] - RGB to grayscale conversion completed. Result shape: (598, 822)
2025-12-20 00:30:00 - image_processor - DEBUG - [image_processing.py:30] - Convolution started. Image shape: (598, 822), kernel shape: (3, 3)
2025-12-20 00:30:00 - image_processor - DEBUG - [image_processing.py:36] - Convolution completed in 0.0080 seconds
2025-12-20 00:30:00 - image_processor - DEBUG - [image_processing.py:30] - Convolution started. Image shape: (598, 822), kernel shape: (3, 3)
2025-12-20 00:30:00 - image_processor - DEBUG - [image_processing.py:36] - Convolution completed in 0.0080 seconds
2025-12-20 00:30:00 - image_processor - DEBUG - [image_processing.py:91] - Non-maximum suppression started
2025-12-20 00:30:00 - image_processor - DEBUG - [image_processing.py:91] - Non-maximum suppression started
2025-12-20 00:30:00 - image_processor - DEBUG - [image_processing.py:36] - Convolution completed in 0.0771 seconds
2025-12-20 00:30:00 - image_processor - DEBUG - [image_processing.py:36] - Convolution completed in 0.0884 seconds
2025-12-20 00:30:00 - image_processor - DEBUG - [image_processing.py:30] - Convolution started. Image shape: (996, 1500), kernel shape: (3, 3)
2025-12-20 00:30:00 - image_processor - DEBUG - [image_processing.py:91] - Non-maximum suppression started
2025-12-20 00:30:00 - image_processor - DEBUG - [image_processing.py:91] - Non-maximum suppression started
2025-12-20 00:30:00 - image_processor - DEBUG - [image_processing.py:36] - Convolution completed in 0.0582 seconds
2025-12-20 00:30:00 - image_processor - DEBUG - [parallel_convolution.py:28] - Convolution worker started for image 18 (PID 240, breed: Maine Coon)
2025-12-20 00:30:00 - image_processor - DEBUG - [image_processing.py:24] - ImageProcessing instance created
2025-12-20 00:30:00 - image_processor - DEBUG - [image_processing.py:120] - Edge detection (Canny) started
2025-12-20 00:30:00 - image_processor - DEBUG - [image_processing.py:46] - RGB to grayscale conversion started. Image shape: (996, 1200, 3)
2025-12-20 00:30:00 - image_processor - DEBUG - [image_processing.py:91] - Non-maximum suppression started
2025-12-20 00:30:00 - image_processor - DEBUG - [image_processing.py:53] - RGB to grayscale conversion completed. Result shape: (996, 1200)
2025-12-20 00:30:00 - image_processor - DEBUG - [image_processing.py:30] - Convolution started. Image shape: (996, 1200), kernel shape: (3, 3)
2025-12-20 00:30:00 - image_processor - DEBUG - [parallel_convolution.py:48] - Library edge detection worker started for image 18 (PID 17568, breed: Maine Coon)
2025-12-20 00:30:00 - image_processor - DEBUG - [image_processing.py:24] - ImageProcessing instance created
2025-12-20 00:30:00 - image_processor - DEBUG - [image_processing.py:120] - Edge detection (Canny) started
2025-12-20 00:30:00 - image_processor - DEBUG - [image_processing.py:46] - RGB to grayscale conversion started. Image shape: (996, 1200, 3)
2025-12-20 00:30:00 - image_processor - DEBUG - [image_processing.py:36] - Convolution completed in 0.0813 seconds
2025-12-20 00:30:00 - image_processor - DEBUG - [image_processing.py:30] - Convolution started. Image shape: (996, 1200), kernel shape: (3, 3)
2025-12-20 00:30:00 - image_processor - DEBUG - [image_processing.py:36] - Convolution completed in 0.0825 seconds
2025-12-20 00:30:00 - image_processor - DEBUG - [image_processing.py:53] - RGB to grayscale conversion completed. Result shape: (996, 1200)
2025-12-20 00:30:00 - image_processor - DEBUG - [image_processing.py:30] - Convolution started. Image shape: (996, 1200), kernel shape: (3, 3)
2025-12-20 00:30:00 - image_processor - DEBUG - [image_processing.py:91] - Non-maximum suppression started
2025-12-20 00:30:00 - image_processor - DEBUG - [image_processing.py:36] - Convolution completed in 0.0813 seconds
2025-12-20 00:30:00 - image_processor - DEBUG - [image_processing.py:30] - Convolution started. Image shape: (996, 1200), kernel shape: (3, 3)
2025-12-20 00:30:00 - image_processor - DEBUG - [image_processing.py:36] - Convolution completed in 0.0833 seconds
2025-12-20 00:30:00 - image_processor - DEBUG - [image_processing.py:91] - Non-maximum suppression started
2025-12-20 00:30:00 - image_processor - DEBUG - [image_processing.py:113] - Non-maximum suppression completed
2025-12-20 00:30:00 - image_processor - DEBUG - [image_processing.py:139] - Edge detection completed in 1.8896 seconds
2025-12-20 00:30:00 - image_processor - DEBUG - [parallel_convolution.py:53] - Library edge detection worker finished for image 13 (PID 5716)
2025-12-20 00:30:00 - image_processor - DEBUG - [parallel_convolution.py:48] - Library edge detection worker started for image 19 (PID 5716, breed: Singapura)
2025-12-20 00:30:00 - image_processor - DEBUG - [image_processing.py:24] - ImageProcessing instance created
2025-12-20 00:30:00 - image_processor - DEBUG - [image_processing.py:120] - Edge detection (Canny) started
2025-12-20 00:30:00 - image_processor - DEBUG - [image_processing.py:46] - RGB to grayscale conversion started. Image shape: (1080, 1080, 3)
2025-12-20 00:30:00 - image_processor - DEBUG - [image_processing.py:53] - RGB to grayscale conversion completed. Result shape: (1080, 1080)
2025-12-20 00:30:00 - image_processor - DEBUG - [image_processing.py:30] - Convolution started. Image shape: (1080, 1080), kernel shape: (3, 3)
2025-12-20 00:30:00 - image_processor - DEBUG - [image_processing.py:36] - Convolution completed in 0.0169 seconds
2025-12-20 00:30:00 - image_processor - DEBUG - [image_processing.py:30] - Convolution started. Image shape: (1080, 1080), kernel shape: (3, 3)
2025-12-20 00:30:01 - image_processor - DEBUG - [image_processing.py:36] - Convolution completed in 0.0840 seconds
2025-12-20 00:30:01 - image_processor - DEBUG - [image_processing.py:113] - Non-maximum suppression completed
2025-12-20 00:30:01 - image_processor - DEBUG - [image_processing.py:139] - Edge detection completed in 2.4626 seconds
2025-12-20 00:30:01 - image_processor - DEBUG - [parallel_convolution.py:33] - Convolution worker finished for image 11 (PID 5172)
2025-12-20 00:30:01 - image_processor - DEBUG - [parallel_convolution.py:28] - Convolution worker started for image 19 (PID 5172, breed: Singapura)
2025-12-20 00:30:01 - image_processor - DEBUG - [image_processing.py:24] - ImageProcessing instance created
2025-12-20 00:30:01 - image_processor - DEBUG - [image_processing.py:120] - Edge detection (Canny) started
2025-12-20 00:30:01 - image_processor - DEBUG - [image_processing.py:46] - RGB to grayscale conversion started. Image shape: (1080, 1080, 3)
2025-12-20 00:30:01 - image_processor - DEBUG - [image_processing.py:91] - Non-maximum suppression started
2025-12-20 00:30:01 - image_processor - DEBUG - [image_processing.py:53] - RGB to grayscale conversion completed. Result shape: (1080, 1080)
2025-12-20 00:30:01 - image_processor - DEBUG - [image_processing.py:30] - Convolution started. Image shape: (1080, 1080), kernel shape: (3, 3)
2025-12-20 00:30:01 - image_processor - DEBUG - [image_processing.py:113] - Non-maximum suppression completed
2025-12-20 00:30:01 - image_processor - DEBUG - [image_processing.py:139] - Edge detection completed in 2.4472 seconds
2025-12-20 00:30:01 - image_processor - DEBUG - [parallel_convolution.py:53] - Library edge detection worker finished for image 11 (PID 13052)
2025-12-20 00:30:01 - image_processor - DEBUG - [image_processing.py:36] - Convolution completed in 0.0863 seconds
2025-12-20 00:30:01 - image_processor - DEBUG - [image_processing.py:30] - Convolution started. Image shape: (1080, 1080), kernel shape: (3, 3)
2025-12-20 00:30:01 - image_processor - DEBUG - [parallel_convolution.py:48] - Library edge detection worker started for image 20 (PID 13052, breed: Turkish Van)
2025-12-20 00:30:01 - image_processor - DEBUG - [image_processing.py:24] - ImageProcessing instance created
2025-12-20 00:30:01 - image_processor - DEBUG - [image_processing.py:120] - Edge detection (Canny) started
2025-12-20 00:30:01 - image_processor - DEBUG - [image_processing.py:46] - RGB to grayscale conversion started. Image shape: (2208, 1656, 3)
2025-12-20 00:30:01 - image_processor - DEBUG - [image_processing.py:36] - Convolution completed in 0.0176 seconds
2025-12-20 00:30:01 - image_processor - DEBUG - [image_processing.py:91] - Non-maximum suppression started
2025-12-20 00:30:01 - image_processor - DEBUG - [image_processing.py:53] - RGB to grayscale conversion completed. Result shape: (2208, 1656)
2025-12-20 00:30:01 - image_processor - DEBUG - [image_processing.py:30] - Convolution started. Image shape: (2208, 1656), kernel shape: (3, 3)
2025-12-20 00:30:01 - image_processor - DEBUG - [image_processing.py:36] - Convolution completed in 0.0574 seconds
2025-12-20 00:30:01 - image_processor - DEBUG - [image_processing.py:30] - Convolution started. Image shape: (2208, 1656), kernel shape: (3, 3)
2025-12-20 00:30:01 - image_processor - DEBUG - [image_processing.py:113] - Non-maximum suppression completed
2025-12-20 00:30:01 - image_processor - DEBUG - [image_processing.py:139] - Edge detection completed in 1.8442 seconds
2025-12-20 00:30:01 - image_processor - DEBUG - [parallel_convolution.py:53] - Library edge detection worker finished for image 17 (PID 10680)
2025-12-20 00:30:01 - image_processor - DEBUG - [image_processing.py:36] - Convolution completed in 0.0648 seconds
2025-12-20 00:30:01 - image_processor - DEBUG - [image_processing.py:91] - Non-maximum suppression started
2025-12-20 00:30:01 - image_processor - DEBUG - [image_processing.py:113] - Non-maximum suppression completed
2025-12-20 00:30:01 - image_processor - DEBUG - [image_processing.py:139] - Edge detection completed in 2.0709 seconds
2025-12-20 00:30:01 - image_processor - DEBUG - [parallel_convolution.py:33] - Convolution worker finished for image 17 (PID 18560)
2025-12-20 00:30:01 - image_processor - DEBUG - [parallel_convolution.py:28] - Convolution worker started for image 20 (PID 18560, breed: Turkish Van)
2025-12-20 00:30:01 - image_processor - DEBUG - [image_processing.py:24] - ImageProcessing instance created
2025-12-20 00:30:01 - image_processor - DEBUG - [image_processing.py:120] - Edge detection (Canny) started
2025-12-20 00:30:01 - image_processor - DEBUG - [image_processing.py:46] - RGB to grayscale conversion started. Image shape: (2208, 1656, 3)
2025-12-20 00:30:02 - image_processor - DEBUG - [image_processing.py:53] - RGB to grayscale conversion completed. Result shape: (2208, 1656)
2025-12-20 00:30:02 - image_processor - DEBUG - [image_processing.py:30] - Convolution started. Image shape: (2208, 1656), kernel shape: (3, 3)
2025-12-20 00:30:02 - image_processor - DEBUG - [image_processing.py:36] - Convolution completed in 0.1719 seconds
2025-12-20 00:30:02 - image_processor - DEBUG - [image_processing.py:30] - Convolution started. Image shape: (2208, 1656), kernel shape: (3, 3)
2025-12-20 00:30:02 - image_processor - DEBUG - [image_processing.py:36] - Convolution completed in 0.1643 seconds
2025-12-20 00:30:03 - image_processor - DEBUG - [image_processing.py:91] - Non-maximum suppression started
2025-12-20 00:30:03 - image_processor - DEBUG - [image_processing.py:113] - Non-maximum suppression completed
2025-12-20 00:30:03 - image_processor - DEBUG - [image_processing.py:139] - Edge detection completed in 4.6624 seconds
2025-12-20 00:30:03 - image_processor - DEBUG - [parallel_convolution.py:33] - Convolution worker finished for image 13 (PID 19672)
2025-12-20 00:30:04 - image_processor - DEBUG - [image_processing.py:113] - Non-maximum suppression completed
2025-12-20 00:30:04 - image_processor - DEBUG - [image_processing.py:139] - Edge detection completed in 3.4353 seconds
2025-12-20 00:30:04 - image_processor - DEBUG - [parallel_convolution.py:53] - Library edge detection worker finished for image 19 (PID 5716)
2025-12-20 00:30:05 - image_processor - DEBUG - [image_processing.py:113] - Non-maximum suppression completed
2025-12-20 00:30:05 - image_processor - DEBUG - [image_processing.py:139] - Edge detection completed in 4.7691 seconds
2025-12-20 00:30:05 - image_processor - DEBUG - [parallel_convolution.py:33] - Convolution worker finished for image 19 (PID 5172)
2025-12-20 00:30:06 - image_processor - DEBUG - [image_processing.py:113] - Non-maximum suppression completed
2025-12-20 00:30:06 - image_processor - DEBUG - [image_processing.py:139] - Edge detection completed in 7.0641 seconds
2025-12-20 00:30:06 - image_processor - DEBUG - [parallel_convolution.py:33] - Convolution worker finished for image 15 (PID 7024)
2025-12-20 00:30:06 - image_processor - DEBUG - [image_processing.py:113] - Non-maximum suppression completed
2025-12-20 00:30:06 - image_processor - DEBUG - [image_processing.py:139] - Edge detection completed in 7.0784 seconds
2025-12-20 00:30:06 - image_processor - DEBUG - [parallel_convolution.py:53] - Library edge detection worker finished for image 15 (PID 19168)
2025-12-20 00:30:07 - image_processor - DEBUG - [image_processing.py:113] - Non-maximum suppression completed
2025-12-20 00:30:07 - image_processor - DEBUG - [image_processing.py:139] - Edge detection completed in 7.1033 seconds
2025-12-20 00:30:07 - image_processor - DEBUG - [parallel_convolution.py:33] - Convolution worker finished for image 18 (PID 240)
2025-12-20 00:30:07 - image_processor - DEBUG - [image_processing.py:113] - Non-maximum suppression completed
2025-12-20 00:30:07 - image_processor - DEBUG - [image_processing.py:139] - Edge detection completed in 7.0021 seconds
2025-12-20 00:30:07 - image_processor - DEBUG - [parallel_convolution.py:53] - Library edge detection worker finished for image 18 (PID 17568)
2025-12-20 00:30:07 - image_processor - DEBUG - [image_processing.py:113] - Non-maximum suppression completed
2025-12-20 00:30:07 - image_processor - DEBUG - [image_processing.py:139] - Edge detection completed in 8.6654 seconds
2025-12-20 00:30:07 - image_processor - DEBUG - [parallel_convolution.py:53] - Library edge detection worker finished for image 12 (PID 1348)
2025-12-20 00:30:07 - image_processor - DEBUG - [image_processing.py:113] - Non-maximum suppression completed
2025-12-20 00:30:07 - image_processor - DEBUG - [image_processing.py:139] - Edge detection completed in 8.0133 seconds
2025-12-20 00:30:07 - image_processor - DEBUG - [parallel_convolution.py:33] - Convolution worker finished for image 16 (PID 12384)
2025-12-20 00:30:07 - image_processor - DEBUG - [image_processing.py:113] - Non-maximum suppression completed
2025-12-20 00:30:07 - image_processor - DEBUG - [image_processing.py:139] - Edge detection completed in 7.9189 seconds
2025-12-20 00:30:07 - image_processor - DEBUG - [parallel_convolution.py:53] - Library edge detection worker finished for image 16 (PID 21332)
2025-12-20 00:30:08 - image_processor - DEBUG - [image_processing.py:113] - Non-maximum suppression completed
2025-12-20 00:30:08 - image_processor - DEBUG - [image_processing.py:139] - Edge detection completed in 9.7402 seconds
2025-12-20 00:30:08 - image_processor - DEBUG - [parallel_convolution.py:33] - Convolution worker finished for image 12 (PID 3080)
2025-12-20 00:30:09 - image_processor - DEBUG - [image_processing.py:113] - Non-maximum suppression completed
2025-12-20 00:30:09 - image_processor - DEBUG - [image_processing.py:139] - Edge detection completed in 10.0560 seconds
2025-12-20 00:30:09 - image_processor - DEBUG - [parallel_convolution.py:53] - Library edge detection worker finished for image 14 (PID 14452)
2025-12-20 00:30:09 - image_processor - DEBUG - [image_processing.py:113] - Non-maximum suppression completed
2025-12-20 00:30:09 - image_processor - DEBUG - [image_processing.py:139] - Edge detection completed in 10.3973 seconds
2025-12-20 00:30:09 - image_processor - DEBUG - [parallel_convolution.py:33] - Convolution worker finished for image 14 (PID 11532)
2025-12-20 00:30:09 - image_processor - DEBUG - [image_processing.py:113] - Non-maximum suppression completed
2025-12-20 00:30:09 - image_processor - DEBUG - [image_processing.py:139] - Edge detection completed in 8.2519 seconds
2025-12-20 00:30:09 - image_processor - DEBUG - [parallel_convolution.py:53] - Library edge detection worker finished for image 20 (PID 13052)
2025-12-20 00:30:09 - image_processor - INFO - [parallel_convolution.py:154] - Parallel library edge detection completed for 10 images
2025-12-20 00:30:11 - image_processor - DEBUG - [image_processing.py:113] - Non-maximum suppression completed
2025-12-20 00:30:11 - image_processor - DEBUG - [image_processing.py:139] - Edge detection completed in 9.2345 seconds
2025-12-20 00:30:11 - image_processor - DEBUG - [parallel_convolution.py:33] - Convolution worker finished for image 20 (PID 18560)
2025-12-20 00:30:11 - image_processor - INFO - [parallel_convolution.py:137] - Parallel custom edge detection completed for 10 images
2025-12-20 00:30:11 - image_processor - DEBUG - [async_pipeline.py:113] - Edge detection completed
2025-12-20 00:30:11 - image_processor - INFO - [parallel_convolution.py:166] - Starting parallel arithmetic operations for 10 images
2025-12-20 00:30:12 - image_processor - DEBUG - [parallel_convolution.py:70] - Arithmetic operations worker started for image 11 (PID 15704, breed: Persian)
2025-12-20 00:30:12 - image_processor - DEBUG - [abstract_image.py:141] - Addition operation started
2025-12-20 00:30:12 - image_processor - DEBUG - [abstract_image.py:129] - Converting grayscale to RGB (3 channels)
2025-12-20 00:30:12 - image_processor - DEBUG - [abstract_image.py:166] - Addition operation completed. Result shape: (1199, 900, 3)
2025-12-20 00:30:12 - image_processor - DEBUG - [image_processing.py:24] - ImageProcessing instance created
2025-12-20 00:30:12 - image_processor - DEBUG - [abstract_image.py:35] - CatImage created: breed=Persian+processed, shape=(1199, 900, 3), url=combined_Persian...
2025-12-20 00:30:12 - image_processor - DEBUG - [abstract_image.py:173] - Subtraction operation started
2025-12-20 00:30:12 - image_processor - DEBUG - [abstract_image.py:129] - Converting grayscale to RGB (3 channels)
2025-12-20 00:30:12 - image_processor - DEBUG - [parallel_convolution.py:70] - Arithmetic operations worker started for image 12 (PID 8356, breed: Ragamuffin)
2025-12-20 00:30:12 - image_processor - DEBUG - [abstract_image.py:141] - Addition operation started
2025-12-20 00:30:12 - image_processor - DEBUG - [abstract_image.py:129] - Converting grayscale to RGB (3 channels)
2025-12-20 00:30:12 - image_processor - DEBUG - [parallel_convolution.py:70] - Arithmetic operations worker started for image 13 (PID 15984, breed: Ragdoll)
2025-12-20 00:30:12 - image_processor - DEBUG - [abstract_image.py:141] - Addition operation started
2025-12-20 00:30:12 - image_processor - DEBUG - [abstract_image.py:129] - Converting grayscale to RGB (3 channels)
2025-12-20 00:30:12 - image_processor - DEBUG - [abstract_image.py:166] - Addition operation completed. Result shape: (768, 1024, 3)
2025-12-20 00:30:12 - image_processor - DEBUG - [image_processing.py:24] - ImageProcessing instance created
2025-12-20 00:30:12 - image_processor - DEBUG - [abstract_image.py:35] - CatImage created: breed=Ragdoll+processed, shape=(768, 1024, 3), url=combined_Ragdoll...
2025-12-20 00:30:12 - image_processor - DEBUG - [abstract_image.py:173] - Subtraction operation started
2025-12-20 00:30:12 - image_processor - DEBUG - [abstract_image.py:129] - Converting grayscale to RGB (3 channels)
2025-12-20 00:30:12 - image_processor - DEBUG - [parallel_convolution.py:70] - Arithmetic operations worker started for image 14 (PID 13024, breed: Russian Blue)
2025-12-20 00:30:12 - image_processor - DEBUG - [abstract_image.py:141] - Addition operation started
2025-12-20 00:30:12 - image_processor - DEBUG - [abstract_image.py:129] - Converting grayscale to RGB (3 channels)
2025-12-20 00:30:12 - image_processor - DEBUG - [abstract_image.py:198] - Subtraction operation completed. Result shape: (1199, 900, 3)
2025-12-20 00:30:12 - image_processor - DEBUG - [image_processing.py:24] - ImageProcessing instance created
2025-12-20 00:30:12 - image_processor - DEBUG - [abstract_image.py:35] - CatImage created: breed=Persian-processed, shape=(1199, 900, 3), url=subtracted_Persian...
2025-12-20 00:30:12 - image_processor - DEBUG - [abstract_image.py:141] - Addition operation started
2025-12-20 00:30:12 - image_processor - DEBUG - [abstract_image.py:129] - Converting grayscale to RGB (3 channels)
2025-12-20 00:30:12 - image_processor - DEBUG - [parallel_convolution.py:70] - Arithmetic operations worker started for image 15 (PID 12568, breed: Scottish Fold)
2025-12-20 00:30:12 - image_processor - DEBUG - [abstract_image.py:141] - Addition operation started
2025-12-20 00:30:12 - image_processor - DEBUG - [abstract_image.py:129] - Converting grayscale to RGB (3 channels)
2025-12-20 00:30:12 - image_processor - DEBUG - [abstract_image.py:198] - Subtraction operation completed. Result shape: (768, 1024, 3)
2025-12-20 00:30:12 - image_processor - DEBUG - [image_processing.py:24] - ImageProcessing instance created
2025-12-20 00:30:12 - image_processor - DEBUG - [abstract_image.py:35] - CatImage created: breed=Ragdoll-processed, shape=(768, 1024, 3), url=subtracted_Ragdoll...
2025-12-20 00:30:12 - image_processor - DEBUG - [abstract_image.py:141] - Addition operation started
2025-12-20 00:30:12 - image_processor - DEBUG - [abstract_image.py:129] - Converting grayscale to RGB (3 channels)
2025-12-20 00:30:12 - image_processor - DEBUG - [parallel_convolution.py:70] - Arithmetic operations worker started for image 16 (PID 6644, breed: Scottish Fold)
2025-12-20 00:30:12 - image_processor - DEBUG - [abstract_image.py:141] - Addition operation started
2025-12-20 00:30:12 - image_processor - DEBUG - [abstract_image.py:129] - Converting grayscale to RGB (3 channels)
2025-12-20 00:30:12 - image_processor - DEBUG - [parallel_convolution.py:70] - Arithmetic operations worker started for image 17 (PID 11756, breed: Maine Coon)
2025-12-20 00:30:12 - image_processor - DEBUG - [abstract_image.py:141] - Addition operation started
2025-12-20 00:30:12 - image_processor - DEBUG - [abstract_image.py:129] - Converting grayscale to RGB (3 channels)
2025-12-20 00:30:12 - image_processor - DEBUG - [parallel_convolution.py:70] - Arithmetic operations worker started for image 18 (PID 11060, breed: Maine Coon)
2025-12-20 00:30:12 - image_processor - DEBUG - [abstract_image.py:141] - Addition operation started
2025-12-20 00:30:12 - image_processor - DEBUG - [abstract_image.py:129] - Converting grayscale to RGB (3 channels)
2025-12-20 00:30:12 - image_processor - DEBUG - [abstract_image.py:166] - Addition operation completed. Result shape: (1199, 900, 3)
2025-12-20 00:30:12 - image_processor - DEBUG - [image_processing.py:24] - ImageProcessing instance created
2025-12-20 00:30:12 - image_processor - DEBUG - [abstract_image.py:35] - CatImage created: breed=Persian+processed, shape=(1199, 900, 3), url=combined_Persian...
2025-12-20 00:30:12 - image_processor - DEBUG - [abstract_image.py:173] - Subtraction operation started
2025-12-20 00:30:12 - image_processor - DEBUG - [abstract_image.py:129] - Converting grayscale to RGB (3 channels)
2025-12-20 00:30:12 - image_processor - DEBUG - [abstract_image.py:166] - Addition operation completed. Result shape: (768, 1024, 3)
2025-12-20 00:30:12 - image_processor - DEBUG - [image_processing.py:24] - ImageProcessing instance created
2025-12-20 00:30:12 - image_processor - DEBUG - [abstract_image.py:35] - CatImage created: breed=Ragdoll+processed, shape=(768, 1024, 3), url=combined_Ragdoll...
2025-12-20 00:30:12 - image_processor - DEBUG - [abstract_image.py:173] - Subtraction operation started
2025-12-20 00:30:12 - image_processor - DEBUG - [abstract_image.py:129] - Converting grayscale to RGB (3 channels)
2025-12-20 00:30:12 - image_processor - DEBUG - [abstract_image.py:166] - Addition operation completed. Result shape: (598, 822, 3)
2025-12-20 00:30:12 - image_processor - DEBUG - [image_processing.py:24] - ImageProcessing instance created
2025-12-20 00:30:12 - image_processor - DEBUG - [abstract_image.py:35] - CatImage created: breed=Maine Coon+processed, shape=(598, 822, 3), url=combined_Maine Coon...
2025-12-20 00:30:12 - image_processor - DEBUG - [abstract_image.py:173] - Subtraction operation started
2025-12-20 00:30:12 - image_processor - DEBUG - [abstract_image.py:129] - Converting grayscale to RGB (3 channels)
2025-12-20 00:30:12 - image_processor - DEBUG - [abstract_image.py:166] - Addition operation completed. Result shape: (1080, 1080, 3)
2025-12-20 00:30:12 - image_processor - DEBUG - [image_processing.py:24] - ImageProcessing instance created
2025-12-20 00:30:12 - image_processor - DEBUG - [abstract_image.py:35] - CatImage created: breed=Scottish Fold+processed, shape=(1080, 1080, 3), url=combined_Scottish Fold...
2025-12-20 00:30:12 - image_processor - DEBUG - [abstract_image.py:173] - Subtraction operation started
2025-12-20 00:30:12 - image_processor - DEBUG - [abstract_image.py:129] - Converting grayscale to RGB (3 channels)
2025-12-20 00:30:12 - image_processor - DEBUG - [abstract_image.py:198] - Subtraction operation completed. Result shape: (598, 822, 3)
2025-12-20 00:30:12 - image_processor - DEBUG - [image_processing.py:24] - ImageProcessing instance created
2025-12-20 00:30:12 - image_processor - DEBUG - [abstract_image.py:35] - CatImage created: breed=Maine Coon-processed, shape=(598, 822, 3), url=subtracted_Maine Coon...
2025-12-20 00:30:12 - image_processor - DEBUG - [abstract_image.py:141] - Addition operation started
2025-12-20 00:30:12 - image_processor - DEBUG - [abstract_image.py:129] - Converting grayscale to RGB (3 channels)
2025-12-20 00:30:12 - image_processor - DEBUG - [abstract_image.py:198] - Subtraction operation completed. Result shape: (768, 1024, 3)
2025-12-20 00:30:12 - image_processor - DEBUG - [image_processing.py:24] - ImageProcessing instance created
2025-12-20 00:30:12 - image_processor - DEBUG - [abstract_image.py:35] - CatImage created: breed=Ragdoll-processed, shape=(768, 1024, 3), url=subtracted_Ragdoll...
2025-12-20 00:30:12 - image_processor - DEBUG - [parallel_convolution.py:85] - Arithmetic operations worker finished for image 13 (PID 15984)
2025-12-20 00:30:12 - image_processor - DEBUG - [abstract_image.py:166] - Addition operation completed. Result shape: (996, 1200, 3)
2025-12-20 00:30:12 - image_processor - DEBUG - [image_processing.py:24] - ImageProcessing instance created
2025-12-20 00:30:12 - image_processor - DEBUG - [abstract_image.py:35] - CatImage created: breed=Maine Coon+processed, shape=(996, 1200, 3), url=combined_Maine Coon...
2025-12-20 00:30:12 - image_processor - DEBUG - [abstract_image.py:173] - Subtraction operation started
2025-12-20 00:30:12 - image_processor - DEBUG - [abstract_image.py:129] - Converting grayscale to RGB (3 channels)
2025-12-20 00:30:12 - image_processor - DEBUG - [abstract_image.py:166] - Addition operation completed. Result shape: (996, 1500, 3)
2025-12-20 00:30:12 - image_processor - DEBUG - [image_processing.py:24] - ImageProcessing instance created
2025-12-20 00:30:12 - image_processor - DEBUG - [abstract_image.py:35] - CatImage created: breed=Scottish Fold+processed, shape=(996, 1500, 3), url=combined_Scottish Fold...
2025-12-20 00:30:12 - image_processor - DEBUG - [abstract_image.py:173] - Subtraction operation started
2025-12-20 00:30:12 - image_processor - DEBUG - [abstract_image.py:129] - Converting grayscale to RGB (3 channels)
2025-12-20 00:30:12 - image_processor - DEBUG - [abstract_image.py:198] - Subtraction operation completed. Result shape: (1199, 900, 3)
2025-12-20 00:30:12 - image_processor - DEBUG - [image_processing.py:24] - ImageProcessing instance created
2025-12-20 00:30:12 - image_processor - DEBUG - [abstract_image.py:35] - CatImage created: breed=Persian-processed, shape=(1199, 900, 3), url=subtracted_Persian...
2025-12-20 00:30:12 - image_processor - DEBUG - [parallel_convolution.py:85] - Arithmetic operations worker finished for image 11 (PID 15704)
2025-12-20 00:30:12 - image_processor - DEBUG - [abstract_image.py:166] - Addition operation completed. Result shape: (598, 822, 3)
2025-12-20 00:30:12 - image_processor - DEBUG - [image_processing.py:24] - ImageProcessing instance created
2025-12-20 00:30:12 - image_processor - DEBUG - [abstract_image.py:35] - CatImage created: breed=Maine Coon+processed, shape=(598, 822, 3), url=combined_Maine Coon...
2025-12-20 00:30:12 - image_processor - DEBUG - [abstract_image.py:173] - Subtraction operation started
2025-12-20 00:30:12 - image_processor - DEBUG - [abstract_image.py:129] - Converting grayscale to RGB (3 channels)
2025-12-20 00:30:12 - image_processor - DEBUG - [abstract_image.py:166] - Addition operation completed. Result shape: (1333, 2000, 3)
2025-12-20 00:30:12 - image_processor - DEBUG - [image_processing.py:24] - ImageProcessing instance created
2025-12-20 00:30:12 - image_processor - DEBUG - [abstract_image.py:35] - CatImage created: breed=Russian Blue+processed, shape=(1333, 2000, 3), url=combined_Russian Blue...
2025-12-20 00:30:12 - image_processor - DEBUG - [abstract_image.py:166] - Addition operation completed. Result shape: (2380, 1485, 3)
2025-12-20 00:30:12 - image_processor - DEBUG - [image_processing.py:24] - ImageProcessing instance created
2025-12-20 00:30:12 - image_processor - DEBUG - [abstract_image.py:35] - CatImage created: breed=Ragamuffin+processed, shape=(2380, 1485, 3), url=combined_Ragamuffin...
2025-12-20 00:30:12 - image_processor - DEBUG - [abstract_image.py:173] - Subtraction operation started
2025-12-20 00:30:12 - image_processor - DEBUG - [abstract_image.py:129] - Converting grayscale to RGB (3 channels)
2025-12-20 00:30:12 - image_processor - DEBUG - [abstract_image.py:173] - Subtraction operation started
2025-12-20 00:30:12 - image_processor - DEBUG - [abstract_image.py:129] - Converting grayscale to RGB (3 channels)
2025-12-20 00:30:13 - image_processor - DEBUG - [abstract_image.py:198] - Subtraction operation completed. Result shape: (598, 822, 3)
2025-12-20 00:30:13 - image_processor - DEBUG - [image_processing.py:24] - ImageProcessing instance created
2025-12-20 00:30:13 - image_processor - DEBUG - [abstract_image.py:35] - CatImage created: breed=Maine Coon-processed, shape=(598, 822, 3), url=subtracted_Maine Coon...
2025-12-20 00:30:13 - image_processor - DEBUG - [parallel_convolution.py:85] - Arithmetic operations worker finished for image 17 (PID 11756)
2025-12-20 00:30:13 - image_processor - DEBUG - [parallel_convolution.py:70] - Arithmetic operations worker started for image 19 (PID 15984, breed: Singapura)
2025-12-20 00:30:13 - image_processor - DEBUG - [abstract_image.py:141] - Addition operation started
2025-12-20 00:30:13 - image_processor - DEBUG - [abstract_image.py:129] - Converting grayscale to RGB (3 channels)
2025-12-20 00:30:13 - image_processor - DEBUG - [abstract_image.py:198] - Subtraction operation completed. Result shape: (1080, 1080, 3)
2025-12-20 00:30:13 - image_processor - DEBUG - [image_processing.py:24] - ImageProcessing instance created
2025-12-20 00:30:13 - image_processor - DEBUG - [abstract_image.py:35] - CatImage created: breed=Scottish Fold-processed, shape=(1080, 1080, 3), url=subtracted_Scottish Fold...
2025-12-20 00:30:13 - image_processor - DEBUG - [abstract_image.py:141] - Addition operation started
2025-12-20 00:30:13 - image_processor - DEBUG - [abstract_image.py:129] - Converting grayscale to RGB (3 channels)
2025-12-20 00:30:13 - image_processor - DEBUG - [abstract_image.py:198] - Subtraction operation completed. Result shape: (996, 1200, 3)
2025-12-20 00:30:13 - image_processor - DEBUG - [image_processing.py:24] - ImageProcessing instance created
2025-12-20 00:30:13 - image_processor - DEBUG - [abstract_image.py:35] - CatImage created: breed=Maine Coon-processed, shape=(996, 1200, 3), url=subtracted_Maine Coon...
2025-12-20 00:30:13 - image_processor - DEBUG - [abstract_image.py:141] - Addition operation started
2025-12-20 00:30:13 - image_processor - DEBUG - [abstract_image.py:129] - Converting grayscale to RGB (3 channels)
2025-12-20 00:30:13 - image_processor - DEBUG - [abstract_image.py:198] - Subtraction operation completed. Result shape: (996, 1500, 3)
2025-12-20 00:30:13 - image_processor - DEBUG - [image_processing.py:24] - ImageProcessing instance created
2025-12-20 00:30:13 - image_processor - DEBUG - [abstract_image.py:35] - CatImage created: breed=Scottish Fold-processed, shape=(996, 1500, 3), url=subtracted_Scottish Fold...
2025-12-20 00:30:13 - image_processor - DEBUG - [abstract_image.py:141] - Addition operation started
2025-12-20 00:30:13 - image_processor - DEBUG - [abstract_image.py:129] - Converting grayscale to RGB (3 channels)
2025-12-20 00:30:13 - image_processor - DEBUG - [abstract_image.py:166] - Addition operation completed. Result shape: (1080, 1080, 3)
2025-12-20 00:30:13 - image_processor - DEBUG - [image_processing.py:24] - ImageProcessing instance created
2025-12-20 00:30:13 - image_processor - DEBUG - [abstract_image.py:35] - CatImage created: breed=Singapura+processed, shape=(1080, 1080, 3), url=combined_Singapura...
2025-12-20 00:30:13 - image_processor - DEBUG - [abstract_image.py:173] - Subtraction operation started
2025-12-20 00:30:13 - image_processor - DEBUG - [abstract_image.py:129] - Converting grayscale to RGB (3 channels)
2025-12-20 00:30:13 - image_processor - DEBUG - [abstract_image.py:166] - Addition operation completed. Result shape: (1080, 1080, 3)
2025-12-20 00:30:13 - image_processor - DEBUG - [image_processing.py:24] - ImageProcessing instance created
2025-12-20 00:30:13 - image_processor - DEBUG - [abstract_image.py:35] - CatImage created: breed=Scottish Fold+processed, shape=(1080, 1080, 3), url=combined_Scottish Fold...
2025-12-20 00:30:13 - image_processor - DEBUG - [parallel_convolution.py:70] - Arithmetic operations worker started for image 20 (PID 15704, breed: Turkish Van)
2025-12-20 00:30:13 - image_processor - DEBUG - [abstract_image.py:141] - Addition operation started
2025-12-20 00:30:13 - image_processor - DEBUG - [abstract_image.py:129] - Converting grayscale to RGB (3 channels)
2025-12-20 00:30:13 - image_processor - DEBUG - [abstract_image.py:173] - Subtraction operation started
2025-12-20 00:30:13 - image_processor - DEBUG - [abstract_image.py:129] - Converting grayscale to RGB (3 channels)
2025-12-20 00:30:13 - image_processor - DEBUG - [abstract_image.py:166] - Addition operation completed. Result shape: (996, 1200, 3)
2025-12-20 00:30:13 - image_processor - DEBUG - [image_processing.py:24] - ImageProcessing instance created
2025-12-20 00:30:13 - image_processor - DEBUG - [abstract_image.py:35] - CatImage created: breed=Maine Coon+processed, shape=(996, 1200, 3), url=combined_Maine Coon...
2025-12-20 00:30:13 - image_processor - DEBUG - [abstract_image.py:173] - Subtraction operation started
2025-12-20 00:30:13 - image_processor - DEBUG - [abstract_image.py:129] - Converting grayscale to RGB (3 channels)
2025-12-20 00:30:13 - image_processor - DEBUG - [abstract_image.py:198] - Subtraction operation completed. Result shape: (1080, 1080, 3)
2025-12-20 00:30:13 - image_processor - DEBUG - [image_processing.py:24] - ImageProcessing instance created
2025-12-20 00:30:13 - image_processor - DEBUG - [abstract_image.py:35] - CatImage created: breed=Singapura-processed, shape=(1080, 1080, 3), url=subtracted_Singapura...
2025-12-20 00:30:13 - image_processor - DEBUG - [abstract_image.py:141] - Addition operation started
2025-12-20 00:30:13 - image_processor - DEBUG - [abstract_image.py:129] - Converting grayscale to RGB (3 channels)
2025-12-20 00:30:13 - image_processor - DEBUG - [abstract_image.py:198] - Subtraction operation completed. Result shape: (1333, 2000, 3)
2025-12-20 00:30:13 - image_processor - DEBUG - [image_processing.py:24] - ImageProcessing instance created
2025-12-20 00:30:13 - image_processor - DEBUG - [abstract_image.py:35] - CatImage created: breed=Russian Blue-processed, shape=(1333, 2000, 3), url=subtracted_Russian Blue...
2025-12-20 00:30:13 - image_processor - DEBUG - [abstract_image.py:141] - Addition operation started
2025-12-20 00:30:13 - image_processor - DEBUG - [abstract_image.py:129] - Converting grayscale to RGB (3 channels)
2025-12-20 00:30:13 - image_processor - DEBUG - [abstract_image.py:198] - Subtraction operation completed. Result shape: (1080, 1080, 3)
2025-12-20 00:30:13 - image_processor - DEBUG - [image_processing.py:24] - ImageProcessing instance created
2025-12-20 00:30:13 - image_processor - DEBUG - [abstract_image.py:35] - CatImage created: breed=Scottish Fold-processed, shape=(1080, 1080, 3), url=subtracted_Scottish Fold...
2025-12-20 00:30:13 - image_processor - DEBUG - [parallel_convolution.py:85] - Arithmetic operations worker finished for image 15 (PID 12568)
2025-12-20 00:30:13 - image_processor - DEBUG - [abstract_image.py:166] - Addition operation completed. Result shape: (996, 1500, 3)
2025-12-20 00:30:13 - image_processor - DEBUG - [image_processing.py:24] - ImageProcessing instance created
2025-12-20 00:30:13 - image_processor - DEBUG - [abstract_image.py:35] - CatImage created: breed=Scottish Fold+processed, shape=(996, 1500, 3), url=combined_Scottish Fold...
2025-12-20 00:30:13 - image_processor - DEBUG - [abstract_image.py:173] - Subtraction operation started
2025-12-20 00:30:13 - image_processor - DEBUG - [abstract_image.py:129] - Converting grayscale to RGB (3 channels)
2025-12-20 00:30:13 - image_processor - DEBUG - [abstract_image.py:198] - Subtraction operation completed. Result shape: (2380, 1485, 3)
2025-12-20 00:30:13 - image_processor - DEBUG - [image_processing.py:24] - ImageProcessing instance created
2025-12-20 00:30:13 - image_processor - DEBUG - [abstract_image.py:35] - CatImage created: breed=Ragamuffin-processed, shape=(2380, 1485, 3), url=subtracted_Ragamuffin...
2025-12-20 00:30:13 - image_processor - DEBUG - [abstract_image.py:141] - Addition operation started
2025-12-20 00:30:13 - image_processor - DEBUG - [abstract_image.py:129] - Converting grayscale to RGB (3 channels)
2025-12-20 00:30:13 - image_processor - DEBUG - [abstract_image.py:198] - Subtraction operation completed. Result shape: (996, 1200, 3)
2025-12-20 00:30:13 - image_processor - DEBUG - [image_processing.py:24] - ImageProcessing instance created
2025-12-20 00:30:13 - image_processor - DEBUG - [abstract_image.py:35] - CatImage created: breed=Maine Coon-processed, shape=(996, 1200, 3), url=subtracted_Maine Coon...
2025-12-20 00:30:13 - image_processor - DEBUG - [parallel_convolution.py:85] - Arithmetic operations worker finished for image 18 (PID 11060)
2025-12-20 00:30:13 - image_processor - DEBUG - [abstract_image.py:166] - Addition operation completed. Result shape: (1080, 1080, 3)
2025-12-20 00:30:13 - image_processor - DEBUG - [image_processing.py:24] - ImageProcessing instance created
2025-12-20 00:30:13 - image_processor - DEBUG - [abstract_image.py:35] - CatImage created: breed=Singapura+processed, shape=(1080, 1080, 3), url=combined_Singapura...
2025-12-20 00:30:13 - image_processor - DEBUG - [abstract_image.py:173] - Subtraction operation started
2025-12-20 00:30:13 - image_processor - DEBUG - [abstract_image.py:129] - Converting grayscale to RGB (3 channels)
2025-12-20 00:30:13 - image_processor - DEBUG - [abstract_image.py:198] - Subtraction operation completed. Result shape: (996, 1500, 3)
2025-12-20 00:30:13 - image_processor - DEBUG - [image_processing.py:24] - ImageProcessing instance created
2025-12-20 00:30:13 - image_processor - DEBUG - [abstract_image.py:35] - CatImage created: breed=Scottish Fold-processed, shape=(996, 1500, 3), url=subtracted_Scottish Fold...
2025-12-20 00:30:13 - image_processor - DEBUG - [parallel_convolution.py:85] - Arithmetic operations worker finished for image 16 (PID 6644)
2025-12-20 00:30:13 - image_processor - DEBUG - [abstract_image.py:198] - Subtraction operation completed. Result shape: (1080, 1080, 3)
2025-12-20 00:30:13 - image_processor - DEBUG - [image_processing.py:24] - ImageProcessing instance created
2025-12-20 00:30:13 - image_processor - DEBUG - [abstract_image.py:35] - CatImage created: breed=Singapura-processed, shape=(1080, 1080, 3), url=subtracted_Singapura...
2025-12-20 00:30:13 - image_processor - DEBUG - [parallel_convolution.py:85] - Arithmetic operations worker finished for image 19 (PID 15984)
2025-12-20 00:30:13 - image_processor - DEBUG - [abstract_image.py:166] - Addition operation completed. Result shape: (2208, 1656, 3)
2025-12-20 00:30:13 - image_processor - DEBUG - [image_processing.py:24] - ImageProcessing instance created
2025-12-20 00:30:13 - image_processor - DEBUG - [abstract_image.py:35] - CatImage created: breed=Turkish Van+processed, shape=(2208, 1656, 3), url=combined_Turkish Van...
2025-12-20 00:30:13 - image_processor - DEBUG - [abstract_image.py:173] - Subtraction operation started
2025-12-20 00:30:13 - image_processor - DEBUG - [abstract_image.py:129] - Converting grayscale to RGB (3 channels)
2025-12-20 00:30:13 - image_processor - DEBUG - [abstract_image.py:166] - Addition operation completed. Result shape: (1333, 2000, 3)
2025-12-20 00:30:13 - image_processor - DEBUG - [image_processing.py:24] - ImageProcessing instance created
2025-12-20 00:30:13 - image_processor - DEBUG - [abstract_image.py:35] - CatImage created: breed=Russian Blue+processed, shape=(1333, 2000, 3), url=combined_Russian Blue...
2025-12-20 00:30:13 - image_processor - DEBUG - [abstract_image.py:173] - Subtraction operation started
2025-12-20 00:30:13 - image_processor - DEBUG - [abstract_image.py:129] - Converting grayscale to RGB (3 channels)
2025-12-20 00:30:13 - image_processor - DEBUG - [abstract_image.py:166] - Addition operation completed. Result shape: (2380, 1485, 3)
2025-12-20 00:30:13 - image_processor - DEBUG - [image_processing.py:24] - ImageProcessing instance created
2025-12-20 00:30:13 - image_processor - DEBUG - [abstract_image.py:35] - CatImage created: breed=Ragamuffin+processed, shape=(2380, 1485, 3), url=combined_Ragamuffin...
2025-12-20 00:30:13 - image_processor - DEBUG - [abstract_image.py:173] - Subtraction operation started
2025-12-20 00:30:13 - image_processor - DEBUG - [abstract_image.py:129] - Converting grayscale to RGB (3 channels)
2025-12-20 00:30:13 - image_processor - DEBUG - [abstract_image.py:198] - Subtraction operation completed. Result shape: (1333, 2000, 3)
2025-12-20 00:30:13 - image_processor - DEBUG - [image_processing.py:24] - ImageProcessing instance created
2025-12-20 00:30:13 - image_processor - DEBUG - [abstract_image.py:35] - CatImage created: breed=Russian Blue-processed, shape=(1333, 2000, 3), url=subtracted_Russian Blue...
2025-12-20 00:30:13 - image_processor - DEBUG - [parallel_convolution.py:85] - Arithmetic operations worker finished for image 14 (PID 13024)
2025-12-20 00:30:13 - image_processor - DEBUG - [abstract_image.py:198] - Subtraction operation completed. Result shape: (2208, 1656, 3)
2025-12-20 00:30:13 - image_processor - DEBUG - [image_processing.py:24] - ImageProcessing instance created
2025-12-20 00:30:13 - image_processor - DEBUG - [abstract_image.py:35] - CatImage created: breed=Turkish Van-processed, shape=(2208, 1656, 3), url=subtracted_Turkish Van...
2025-12-20 00:30:13 - image_processor - DEBUG - [abstract_image.py:141] - Addition operation started
2025-12-20 00:30:13 - image_processor - DEBUG - [abstract_image.py:129] - Converting grayscale to RGB (3 channels)
2025-12-20 00:30:13 - image_processor - DEBUG - [abstract_image.py:198] - Subtraction operation completed. Result shape: (2380, 1485, 3)
2025-12-20 00:30:13 - image_processor - DEBUG - [image_processing.py:24] - ImageProcessing instance created
2025-12-20 00:30:13 - image_processor - DEBUG - [abstract_image.py:35] - CatImage created: breed=Ragamuffin-processed, shape=(2380, 1485, 3), url=subtracted_Ragamuffin...
2025-12-20 00:30:13 - image_processor - DEBUG - [parallel_convolution.py:85] - Arithmetic operations worker finished for image 12 (PID 8356)
2025-12-20 00:30:13 - image_processor - DEBUG - [abstract_image.py:166] - Addition operation completed. Result shape: (2208, 1656, 3)
2025-12-20 00:30:13 - image_processor - DEBUG - [image_processing.py:24] - ImageProcessing instance created
2025-12-20 00:30:13 - image_processor - DEBUG - [abstract_image.py:35] - CatImage created: breed=Turkish Van+processed, shape=(2208, 1656, 3), url=combined_Turkish Van...
2025-12-20 00:30:13 - image_processor - DEBUG - [abstract_image.py:173] - Subtraction operation started
2025-12-20 00:30:13 - image_processor - DEBUG - [abstract_image.py:129] - Converting grayscale to RGB (3 channels)
2025-12-20 00:30:14 - image_processor - DEBUG - [abstract_image.py:198] - Subtraction operation completed. Result shape: (2208, 1656, 3)
2025-12-20 00:30:14 - image_processor - DEBUG - [image_processing.py:24] - ImageProcessing instance created
2025-12-20 00:30:14 - image_processor - DEBUG - [abstract_image.py:35] - CatImage created: breed=Turkish Van-processed, shape=(2208, 1656, 3), url=subtracted_Turkish Van...
2025-12-20 00:30:14 - image_processor - DEBUG - [parallel_convolution.py:85] - Arithmetic operations worker finished for image 20 (PID 15704)
2025-12-20 00:30:14 - image_processor - INFO - [parallel_convolution.py:193] - Parallel arithmetic operations completed for 10 images
2025-12-20 00:30:14 - image_processor - DEBUG - [async_pipeline.py:124] - Arithmetic operations completed
2025-12-20 00:30:14 - image_processor - DEBUG - [async_pipeline.py:152] - Chunk processed: 10 images with all operations completed
2025-12-20 00:30:14 - image_processor - DEBUG - [async_pipeline.py:187] - Saving image 11 (Persian)
2025-12-20 00:30:14 - image_processor - DEBUG - [async_pipeline.py:187] - Saving image 12 (Ragamuffin)
2025-12-20 00:30:14 - image_processor - DEBUG - [async_pipeline.py:187] - Saving image 13 (Ragdoll)
2025-12-20 00:30:14 - image_processor - DEBUG - [async_pipeline.py:187] - Saving image 14 (Russian Blue)
2025-12-20 00:30:14 - image_processor - DEBUG - [async_pipeline.py:187] - Saving image 15 (Scottish Fold)
2025-12-20 00:30:14 - image_processor - DEBUG - [async_pipeline.py:187] - Saving image 16 (Scottish Fold)
2025-12-20 00:30:14 - image_processor - DEBUG - [async_pipeline.py:187] - Saving image 17 (Maine Coon)
2025-12-20 00:30:14 - image_processor - DEBUG - [async_pipeline.py:187] - Saving image 18 (Maine Coon)
2025-12-20 00:30:14 - image_processor - DEBUG - [async_pipeline.py:187] - Saving image 19 (Singapura)
2025-12-20 00:30:14 - image_processor - DEBUG - [async_pipeline.py:187] - Saving image 20 (Turkish Van)
2025-12-20 00:30:16 - image_processor - DEBUG - [async_pipeline.py:203] - Image 13 saved (3 files)
2025-12-20 00:30:16 - image_processor - DEBUG - [async_pipeline.py:203] - Image 11 saved (3 files)
2025-12-20 00:30:16 - image_processor - DEBUG - [async_pipeline.py:203] - Image 12 saved (3 files)
2025-12-20 00:30:16 - image_processor - DEBUG - [async_pipeline.py:203] - Image 16 saved (3 files)
2025-12-20 00:30:16 - image_processor - DEBUG - [async_pipeline.py:203] - Image 14 saved (3 files)
2025-12-20 00:30:16 - image_processor - DEBUG - [async_pipeline.py:203] - Image 15 saved (3 files)
2025-12-20 00:30:16 - image_processor - DEBUG - [async_pipeline.py:203] - Image 19 saved (3 files)
2025-12-20 00:30:16 - image_processor - DEBUG - [async_pipeline.py:203] - Image 20 saved (3 files)
2025-12-20 00:30:16 - image_processor - DEBUG - [async_pipeline.py:203] - Image 17 saved (3 files)
2025-12-20 00:30:16 - image_processor - DEBUG - [async_pipeline.py:203] - Image 18 saved (3 files)
2025-12-20 00:30:16 - image_processor - INFO - [async_pipeline.py:79] - Stage 1 completed: All chunks downloaded
2025-12-20 00:30:16 - image_processor - INFO - [async_pipeline.py:155] - Stage 2 completed: All convolutions and operations done
2025-12-20 00:30:16 - image_processor - INFO - [async_pipeline.py:177] - Stage 3 completed: 20 images saved
2025-12-20 00:30:16 - image_processor - INFO - [async_pipeline.py:230] - Pipeline execution completed successfully. Results saved to: C:\Users\Bruss\OneDrive\Рабочий стол\LAB-1\LAB-1\image_processing_project\image_processor\results\cat
2025-12-20 00:30:16 - image_processor - INFO - [async_main.py:150] - ======================================================================
2025-12-20 00:30:16 - image_processor - INFO - [async_main.py:151] - CAT processing completed!
2025-12-20 00:30:16 - image_processor - INFO - [async_main.py:152] - Results saved to: C:\Users\Bruss\OneDrive\Рабочий стол\LAB-1\LAB-1\image_processing_project\image_processor\results\cat
2025-12-20 00:30:16 - image_processor - INFO - [async_main.py:153] - ======================================================================
2025-12-20 00:30:16 - image_processor - INFO - [async_main.py:165] - All results saved to: C:\Users\Bruss\OneDrive\Рабочий стол\LAB-1\LAB-1\image_processing_project\image_processor\results
2025-12-20 00:30:16 - image_processor - INFO - [async_main.py:226] - Async main module finished
